-- MySQL dump 10.13  Distrib 8.0.44, for Win64 (x86_64)
--
-- Host: localhost    Database: flujo_caja
-- ------------------------------------------------------
-- Server version	8.0.44

/*!40101 SET @OLD_CHARACTER_SET_CLIENT=@@CHARACTER_SET_CLIENT */;
/*!40101 SET @OLD_CHARACTER_SET_RESULTS=@@CHARACTER_SET_RESULTS */;
/*!40101 SET @OLD_COLLATION_CONNECTION=@@COLLATION_CONNECTION */;
/*!50503 SET NAMES utf8 */;
/*!40103 SET @OLD_TIME_ZONE=@@TIME_ZONE */;
/*!40103 SET TIME_ZONE='+00:00' */;
/*!40014 SET @OLD_UNIQUE_CHECKS=@@UNIQUE_CHECKS, UNIQUE_CHECKS=0 */;
/*!40014 SET @OLD_FOREIGN_KEY_CHECKS=@@FOREIGN_KEY_CHECKS, FOREIGN_KEY_CHECKS=0 */;
/*!40101 SET @OLD_SQL_MODE=@@SQL_MODE, SQL_MODE='NO_AUTO_VALUE_ON_ZERO' */;
/*!40111 SET @OLD_SQL_NOTES=@@SQL_NOTES, SQL_NOTES=0 */;

--
-- Table structure for table `bancos`
--

DROP TABLE IF EXISTS `bancos`;
/*!40101 SET @saved_cs_client     = @@character_set_client */;
/*!50503 SET character_set_client = utf8mb4 */;
CREATE TABLE `bancos` (
  `id` int NOT NULL AUTO_INCREMENT,
  `nombre` varchar(100) NOT NULL,
  PRIMARY KEY (`id`)
) ENGINE=InnoDB AUTO_INCREMENT=60 DEFAULT CHARSET=utf8mb4 COLLATE=utf8mb4_0900_ai_ci;
/*!40101 SET character_set_client = @saved_cs_client */;

--
-- Dumping data for table `bancos`
--

LOCK TABLES `bancos` WRITE;
/*!40000 ALTER TABLE `bancos` DISABLE KEYS */;
INSERT INTO `bancos` VALUES (40,'BANCO DAVIVIENDA'),(41,'BANCO REPUBLICA'),(42,'CITIBANK COMP'),(43,'JP MORGAN'),(44,'DAVIVIENDA INT'),(45,'FACILITIES'),(46,'BANCO DE BOGOTA'),(47,'ITAÚ'),(48,'CORFIDIARIO'),(49,'BANCO COLPATRIA'),(50,'BANCOLOMBIA'),(51,'CITIBANK REASEGUROS'),(52,'BANCO POPULAR'),(53,'BBVA'),(54,'BANCO DE OCCIDENTE'),(55,'CITIBANK'),(56,'AV VILLAS'),(57,'BANCO PICHINCHA'),(58,'DAVIVIENDA INT REASEGUROS'),(59,'N/A');
/*!40000 ALTER TABLE `bancos` ENABLE KEYS */;
UNLOCK TABLES;

--
-- Table structure for table `companias`
--

DROP TABLE IF EXISTS `companias`;
/*!40101 SET @saved_cs_client     = @@character_set_client */;
/*!50503 SET character_set_client = utf8mb4 */;
CREATE TABLE `companias` (
  `id` int NOT NULL AUTO_INCREMENT,
  `nombre` varchar(100) NOT NULL,
  PRIMARY KEY (`id`)
) ENGINE=InnoDB AUTO_INCREMENT=32 DEFAULT CHARSET=utf8mb4 COLLATE=utf8mb4_0900_ai_ci;
/*!40101 SET character_set_client = @saved_cs_client */;

--
-- Dumping data for table `companias`
--

LOCK TABLES `companias` WRITE;
/*!40000 ALTER TABLE `companias` DISABLE KEYS */;
INSERT INTO `companias` VALUES (1,'Capitalizadora Bolívar S.A.'),(2,'Compañía de Seguros Bolívar S.A.'),(3,'Seguros Comerciales Bolívar S.A.'),(4,'Grupo Bolívar S.A.'),(5,'SEISA'),(6,'RIBI'),(7,'Multinversiones Bolívar S.A.S.'),(8,'Soluciones Bolívar S.A.S.'),(9,'Inversiones Financieras Bolívar S.A.S.'),(10,'Construcción y Desarrollo Bolívar S.A.S.'),(11,'Inversora Bolívar S.A.S.'),(12,'Sentido Empresarial S.A.S.'),(13,'Negocios e Inversiones Bolívar S.A.S.'),(14,'Inversora Anagrama S.A.S.'),(15,'Agencia de Seguros El Libertador'),(16,'Investigaciones y Cobranzas El Libertador'),(17,'Salud Bolívar IPS'),(18,'Salud Bolívar EPS'),(19,'Servicios Bolívar'),(20,'Servicios Bolívar Facilities');
/*!40000 ALTER TABLE `companias` ENABLE KEYS */;
UNLOCK TABLES;

--
-- Table structure for table `conceptos_flujo_caja`
--

DROP TABLE IF EXISTS `conceptos_flujo_caja`;
/*!40101 SET @saved_cs_client     = @@character_set_client */;
/*!50503 SET character_set_client = utf8mb4 */;
CREATE TABLE `conceptos_flujo_caja` (
  `id` int NOT NULL AUTO_INCREMENT,
  `nombre` varchar(100) NOT NULL,
  `tipo` enum('pagaduria','renta fija','renta variable','derivados','divisas','otros') DEFAULT NULL,
  `codigo` enum('I','E','N') DEFAULT NULL,
  `area` enum('tesoreria','pagaduria','ambas') NOT NULL DEFAULT 'ambas',
  `orden_display` int DEFAULT '0',
  `activo` tinyint(1) DEFAULT '1',
  `depende_de_concepto_id` int DEFAULT NULL,
  `tipo_dependencia` enum('copia','suma','resta') DEFAULT NULL,
  `created_at` timestamp NULL DEFAULT CURRENT_TIMESTAMP,
  `updated_at` timestamp NULL DEFAULT CURRENT_TIMESTAMP ON UPDATE CURRENT_TIMESTAMP,
  `formula_dependencia` varchar(255) DEFAULT NULL COMMENT 'Fórmulas complejas como SUMA(1,2,3) para múltiples dependencias',
  PRIMARY KEY (`id`),
  KEY `fk_concepto_dependencia` (`depende_de_concepto_id`),
  KEY `idx_conceptos_area` (`area`),
  KEY `idx_conceptos_activo` (`activo`),
  KEY `idx_conceptos_orden` (`orden_display`),
  CONSTRAINT `fk_concepto_dependencia` FOREIGN KEY (`depende_de_concepto_id`) REFERENCES `conceptos_flujo_caja` (`id`) ON DELETE SET NULL
) ENGINE=InnoDB AUTO_INCREMENT=91 DEFAULT CHARSET=utf8mb4 COLLATE=utf8mb4_0900_ai_ci;
/*!40101 SET character_set_client = @saved_cs_client */;

--
-- Dumping data for table `conceptos_flujo_caja`
--

LOCK TABLES `conceptos_flujo_caja` WRITE;
/*!40000 ALTER TABLE `conceptos_flujo_caja` DISABLE KEYS */;
INSERT INTO `conceptos_flujo_caja` VALUES (1,'SALDO INICIAL','pagaduria','N','tesoreria',1,1,NULL,NULL,'2025-08-28 14:06:31','2025-10-07 21:02:31',NULL),(2,'CONSUMO','pagaduria','N','tesoreria',2,1,NULL,NULL,'2025-08-28 14:06:33','2025-09-09 14:53:44',NULL),(3,'VENTANILLA','pagaduria','N','tesoreria',3,1,NULL,NULL,'2025-08-28 14:06:35','2025-09-02 15:12:45',NULL),(4,'SALDO NETO INICIAL PAGADURÍA','pagaduria','N','tesoreria',4,1,1,'suma','2025-08-28 14:06:37','2025-09-09 14:39:12','SUMA(1,2,3)'),(5,'PAGOS INTERCOMPAÑÍAS','renta fija','I','tesoreria',5,1,NULL,NULL,'2025-08-28 14:06:39','2025-09-02 15:17:39',NULL),(6,'COBROS INTERCOMPAÑÍAS','renta fija','E','tesoreria',6,1,NULL,NULL,'2025-08-28 14:06:41','2025-09-02 15:19:04',NULL),(7,'INGRESOS INTERESES','renta fija','I','tesoreria',7,1,NULL,NULL,'2025-08-28 14:06:43','2025-09-02 15:17:39',NULL),(8,'INGRESO REDENCIÓN TÍTULOS','renta fija','I','tesoreria',8,1,NULL,NULL,'2025-08-28 14:06:45','2025-09-02 15:17:39',NULL),(9,'APERTURA ACTIVO FINANCIERO','renta fija','E','tesoreria',9,1,NULL,NULL,'2025-08-28 14:06:47','2025-09-02 15:19:04',NULL),(10,'CANCELACIÓN ACTIVO FINANCIERO','renta fija','I','tesoreria',10,1,NULL,NULL,'2025-08-28 14:06:49','2025-09-02 15:17:39',NULL),(11,'INTERESES ACTIVO FINANCIERO','renta fija','I','tesoreria',11,1,NULL,NULL,'2025-08-28 14:06:51','2025-09-02 15:17:39',NULL),(12,'CANCELACIÓN KW','renta fija','E','tesoreria',12,1,NULL,NULL,'2025-08-28 14:06:54','2025-09-02 15:19:04',NULL),(13,'PAGO INTERESES KW','renta fija','E','tesoreria',13,1,NULL,NULL,'2025-08-28 14:06:56','2025-09-02 15:19:04',NULL),(14,'APERTURA KW','renta fija','I','tesoreria',14,1,NULL,NULL,'2025-08-28 14:06:58','2025-09-02 15:17:39',NULL),(15,'COMPRA TÍTULOS','renta fija','E','tesoreria',15,1,NULL,NULL,'2025-08-28 14:07:00','2025-09-02 15:19:04',NULL),(16,'COMPRA SIMULTÁNEA ACTIVA','renta fija','E','tesoreria',16,1,NULL,NULL,'2025-08-28 14:07:02','2025-09-02 15:19:04',NULL),(17,'REDENCIÓN SIMULTÁNEA PASIVA','renta fija','E','tesoreria',17,1,NULL,NULL,'2025-08-28 14:07:04','2025-09-02 15:19:04',NULL),(18,'VENTA TÍTULOS','renta fija','I','tesoreria',18,1,NULL,NULL,'2025-08-28 14:07:06','2025-09-02 15:17:39',NULL),(19,'COMPRA SIMULTÁNEA PASIVA','renta fija','I','tesoreria',19,1,NULL,NULL,'2025-08-28 14:07:08','2025-09-02 15:17:39',NULL),(20,'REDENCIÓN SIMULTÁNEA ACTIVA','renta fija','I','tesoreria',20,1,NULL,NULL,'2025-08-28 14:07:10','2025-09-02 15:17:39',NULL),(21,'DISTRIBUCIÓN FCP','renta fija','I','tesoreria',21,1,NULL,NULL,'2025-08-28 14:07:12','2025-09-02 15:17:39',NULL),(22,'LLAMADO CAPITAL FCP','renta fija','E','tesoreria',22,1,NULL,NULL,'2025-08-28 14:07:14','2025-09-02 15:19:04',NULL),(23,'RETIRO DE CAPITAL ENCARGOS','renta fija','I','tesoreria',23,1,NULL,NULL,'2025-08-28 14:07:16','2025-09-02 15:17:39',NULL),(24,'INCREMENTO DE CAPITAL ENCARGOS','renta fija','E','tesoreria',24,1,NULL,NULL,'2025-08-28 14:07:18','2025-09-02 15:19:04',NULL),(25,'TRASLADO ARL','renta fija','N','tesoreria',25,1,NULL,NULL,'2025-08-28 14:07:20','2025-09-02 15:13:39',NULL),(26,'COMPRA ACCIONES','renta variable','E','tesoreria',26,1,NULL,NULL,'2025-08-28 14:07:22','2025-09-02 15:21:32',NULL),(27,'VENTA ACCIONES','renta variable','I','tesoreria',27,1,NULL,NULL,'2025-08-28 14:07:24','2025-09-02 15:21:07',NULL),(28,'INGRESO DIVIDENDOS','renta variable','I','tesoreria',28,1,NULL,NULL,'2025-08-28 14:07:26','2025-09-02 15:21:07',NULL),(29,'EGRESO DIVIDENDOS','renta variable','E','tesoreria',29,1,NULL,NULL,'2025-08-28 14:07:28','2025-09-02 15:21:32',NULL),(30,'INGRESO DIVIDENDOS ETF','renta variable','I','tesoreria',30,1,NULL,NULL,'2025-08-28 14:07:31','2025-09-02 15:21:07',NULL),(31,'SWAP','derivados','N','tesoreria',31,1,NULL,NULL,'2025-08-28 14:07:33','2025-09-02 15:23:13',NULL),(32,'OPCIONES','derivados','E','tesoreria',32,1,NULL,NULL,'2025-08-28 14:07:35','2025-09-02 15:23:39',NULL),(33,'OPCIONES','derivados','I','tesoreria',33,1,NULL,NULL,'2025-08-28 14:07:37','2025-09-02 15:24:19',NULL),(34,'FORWARD','derivados','E','tesoreria',34,1,NULL,NULL,'2025-08-28 14:07:39','2025-09-02 15:23:39',NULL),(35,'FORWARD','derivados','I','tesoreria',35,1,NULL,NULL,'2025-08-28 14:07:41','2025-09-02 15:24:19',NULL),(36,'COMPRA DIVISAS OTRAS ÁREAS','divisas','E','tesoreria',36,1,NULL,NULL,'2025-08-28 14:07:43','2025-09-02 15:25:24',NULL),(37,'VENTA DIVISAS OTRAS ÁREAS','divisas','I','tesoreria',37,1,NULL,NULL,'2025-08-28 14:07:45','2025-09-02 15:24:57',NULL),(38,'COMPRA DIVISAS REASEGUROS','divisas','E','tesoreria',38,1,NULL,NULL,'2025-08-28 14:07:47','2025-09-02 15:25:24',NULL),(39,'COMPRA DIVISAS COMPENSACIÓN','divisas','E','tesoreria',39,1,NULL,NULL,'2025-08-28 14:07:49','2025-09-02 15:25:24',NULL),(40,'VENTAS DIVISAS COMPENSACIÓN','divisas','I','tesoreria',40,1,NULL,NULL,'2025-08-28 14:07:51','2025-09-02 15:24:57',NULL),(41,'GARANTÍA SIMULTÁNEA','otros','I','tesoreria',41,1,NULL,NULL,'2025-08-28 14:07:53','2025-09-02 15:26:39',NULL),(42,'GARANTÍA SIMULTÁNEA','otros','E','tesoreria',42,1,NULL,NULL,'2025-08-28 14:07:55','2025-09-02 15:27:13',NULL),(43,'EMBARGOS','otros','N','tesoreria',43,1,NULL,NULL,'2025-08-28 14:07:57','2025-09-02 15:26:00',NULL),(44,'RECAUDO PRIMAS','otros','I','tesoreria',44,1,NULL,NULL,'2025-08-28 14:07:59','2025-09-02 15:26:39',NULL),(45,'OTROS','otros','N','tesoreria',45,1,NULL,NULL,'2025-08-28 14:08:01','2025-09-02 15:26:00',NULL),(46,'IMPUESTOS','otros','E','tesoreria',46,1,NULL,NULL,'2025-08-28 14:08:03','2025-09-02 15:27:13',NULL),(47,'COMISIONES','otros','E','tesoreria',47,1,NULL,NULL,'2025-08-28 14:08:05','2025-09-02 15:27:13',NULL),(48,'RENDIMIENTOS','otros','I','tesoreria',48,1,NULL,NULL,'2025-08-28 14:08:08','2025-09-02 15:26:39',NULL),(49,'GMF','otros','E','tesoreria',49,1,NULL,NULL,'2025-08-28 14:08:10','2025-09-02 15:27:13',NULL),(50,'SUB-TOTAL TESORERÍA',NULL,NULL,'tesoreria',50,1,NULL,NULL,'2025-08-28 14:08:12','2025-09-09 15:29:07','SUMA(5,6,7,8,9,10,11,12,13,14,15,16,17,18,19,20,21,22,23,24,25,26,27,28,29,30,31,32,33,34,35,36,37,38,39,40,41,42,43,44,45,46,47,48,49)'),(51,'SALDO FINAL CUENTAS',NULL,NULL,'tesoreria',51,1,NULL,NULL,'2025-08-28 14:08:14','2025-09-03 21:19:36','SUMA(4,50)'),(52,'DIFERENCIA SALDOS',NULL,'N','pagaduria',1,1,NULL,NULL,'2025-08-28 14:09:36','2025-09-10 14:51:35',NULL),(53,'SALDOS EN BANCOS',NULL,'N','pagaduria',2,1,NULL,NULL,'2025-08-28 14:09:39','2025-09-02 15:33:38',NULL),(54,'SALDO DIA ANTERIOR',NULL,'I','pagaduria',3,1,NULL,NULL,'2025-08-28 14:09:41','2025-09-02 15:35:45',NULL),(55,'INGRESO',NULL,'I','pagaduria',4,1,NULL,NULL,'2025-08-28 14:09:43','2025-09-02 15:35:45',NULL),(56,'EGRESO',NULL,'E','pagaduria',5,1,NULL,NULL,'2025-08-28 14:09:45','2025-09-02 15:38:18',NULL),(57,'CONSUMO NACIONAL',NULL,'E','pagaduria',6,1,NULL,NULL,'2025-08-28 14:09:47','2025-09-02 15:38:18',NULL),(58,'INGRESO CTA PAGADURIA',NULL,'I','pagaduria',7,1,NULL,NULL,'2025-08-28 14:09:49','2025-09-02 15:35:45',NULL),(59,'FINANSEGUROS',NULL,'I','pagaduria',8,1,NULL,NULL,'2025-08-28 14:09:51','2025-09-02 15:35:45',NULL),(60,'RECAUDOS LIBERTADOR',NULL,'I','pagaduria',9,1,NULL,NULL,'2025-08-28 14:09:53','2025-09-02 15:35:45',NULL),(61,'RENDIMIENTOS FINANCIEROS',NULL,'I','pagaduria',10,1,NULL,NULL,'2025-08-28 14:09:55','2025-09-02 15:35:45',NULL),(62,'INGRESOS REASEGUROS',NULL,'I','pagaduria',11,1,NULL,NULL,'2025-08-28 14:09:57','2025-09-02 15:35:45',NULL),(63,'EGR. REASEGUROS',NULL,'E','pagaduria',12,1,NULL,NULL,'2025-08-28 14:09:59','2025-09-02 15:38:18',NULL),(64,'ING. COMPRA DE DIVISAS-REASEGUR',NULL,'I','pagaduria',13,1,NULL,NULL,'2025-08-28 14:10:01','2025-09-02 15:35:45',NULL),(65,'EGR. VENTA DIVISAS-REASEGUROS',NULL,'E','pagaduria',14,1,NULL,NULL,'2025-08-28 14:10:03','2025-09-02 15:38:18',NULL),(66,'EGRESO - TRASLADOS COMPAÑÍAS',NULL,'E','pagaduria',15,1,NULL,NULL,'2025-08-28 14:10:05','2025-09-02 15:38:18',NULL),(67,'INGRESO - TRASLADOS COMPAÑÍAS',NULL,'I','pagaduria',16,1,NULL,NULL,'2025-08-28 14:10:07','2025-09-02 15:35:45',NULL),(68,'EMBARGOS',NULL,'E','pagaduria',17,1,NULL,NULL,'2025-08-28 14:10:09','2025-09-02 15:38:18',NULL),(69,'OTROS PAGOS',NULL,'E','pagaduria',18,1,NULL,NULL,'2025-08-28 14:10:11','2025-09-02 15:38:18',NULL),(70,'VENTAN PROVEEDORES',NULL,'E','pagaduria',19,1,NULL,NULL,'2025-08-28 14:10:14','2025-09-02 15:38:18',NULL),(71,'INTERCIAS RELAC./INDUS',NULL,'N','pagaduria',20,1,NULL,NULL,'2025-08-28 14:10:16','2025-09-02 15:33:38',NULL),(72,'COMISIONES DAVIVIENDA',NULL,'E','pagaduria',21,1,NULL,NULL,'2025-08-28 14:10:18','2025-09-02 15:38:18',NULL),(73,'NOMINA CONSEJEROS',NULL,'E','pagaduria',22,1,NULL,NULL,'2025-08-28 14:10:20','2025-09-02 15:38:18',NULL),(74,'NOMINA ADMINISTRATIVA',NULL,'N','pagaduria',23,1,NULL,NULL,'2025-08-28 14:10:22','2025-09-02 15:33:38',NULL),(75,'NOMINA PENSIONES',NULL,'N','pagaduria',24,1,NULL,NULL,'2025-08-28 14:10:24','2025-09-02 15:33:38',NULL),(76,'PAGO SOI',NULL,'E','pagaduria',25,1,NULL,NULL,'2025-08-28 14:10:26','2025-09-02 15:38:18',NULL),(77,'PAGO IVA',NULL,'E','pagaduria',26,1,NULL,NULL,'2025-08-28 14:10:28','2025-09-02 15:38:18',NULL),(78,'OTROS IMPTOS',NULL,'E','pagaduria',27,1,NULL,NULL,'2025-08-28 14:10:30','2025-09-02 15:38:18',NULL),(79,'EGRESO DIVIDENDOS',NULL,'E','pagaduria',28,1,NULL,NULL,'2025-08-28 14:10:32','2025-09-02 15:38:18',NULL),(80,'CUATRO POR MIL',NULL,'E','pagaduria',29,1,NULL,NULL,'2025-08-28 14:10:34','2025-09-02 15:38:18',NULL),(81,'DIFERENCIA EN CAMBIO CTAS REASEGUROS',NULL,'N','pagaduria',30,1,NULL,NULL,'2025-08-28 14:10:36','2025-09-02 15:33:38',NULL),(82,'SUBTOTAL MOVIMIENTO PAGADURIA',NULL,'N','pagaduria',31,1,NULL,NULL,'2025-09-02 15:46:19','2025-09-02 15:46:19',NULL),(83,'SUBTOTAL SALDO INICIAL PAGADURIA',NULL,'N','pagaduria',32,1,NULL,NULL,'2025-09-02 15:46:19','2025-09-02 15:46:19',NULL),(84,'MOVIMIENTO TESORERIA',NULL,'N','pagaduria',33,1,NULL,NULL,'2025-09-02 15:46:19','2025-09-02 15:46:19',NULL),(85,'SALDO TOTAL EN BANCOS',NULL,'N','pagaduria',34,1,NULL,NULL,'2025-09-02 15:46:19','2025-09-02 15:46:19',NULL);
/*!40000 ALTER TABLE `conceptos_flujo_caja` ENABLE KEYS */;
UNLOCK TABLES;

--
-- Table structure for table `conciliaciones_contables`
--

DROP TABLE IF EXISTS `conciliaciones_contables`;
/*!40101 SET @saved_cs_client     = @@character_set_client */;
/*!50503 SET character_set_client = utf8mb4 */;
CREATE TABLE `conciliaciones_contables` (
  `id` int NOT NULL AUTO_INCREMENT,
  `fecha` date NOT NULL,
  `empresa_id` int NOT NULL,
  `total_pagaduria` decimal(15,2) NOT NULL,
  `total_tesoreria` decimal(15,2) NOT NULL,
  `total_centralizadora` decimal(15,2) DEFAULT NULL,
  `diferencia` decimal(15,2) DEFAULT NULL,
  `estado` varchar(20) NOT NULL,
  `observaciones` text,
  `fecha_creacion` datetime DEFAULT CURRENT_TIMESTAMP,
  `fecha_actualizacion` datetime DEFAULT CURRENT_TIMESTAMP,
  PRIMARY KEY (`id`),
  KEY `empresa_id` (`empresa_id`),
  KEY `ix_conciliaciones_contables_id` (`id`),
  KEY `ix_conciliaciones_contables_fecha` (`fecha`),
  CONSTRAINT `conciliaciones_contables_ibfk_1` FOREIGN KEY (`empresa_id`) REFERENCES `companias` (`id`)
) ENGINE=InnoDB AUTO_INCREMENT=33 DEFAULT CHARSET=utf8mb4 COLLATE=utf8mb4_0900_ai_ci;
/*!40101 SET character_set_client = @saved_cs_client */;

--
-- Dumping data for table `conciliaciones_contables`
--

LOCK TABLES `conciliaciones_contables` WRITE;
/*!40000 ALTER TABLE `conciliaciones_contables` DISABLE KEYS */;
INSERT INTO `conciliaciones_contables` VALUES (1,'2025-11-04',1,0.00,20.00,35.00,-15.00,'Cerrado',NULL,'2025-11-04 13:53:42','2025-11-04 16:23:03'),(2,'2025-11-04',2,0.00,0.00,15.00,-15.00,'Confirmado',NULL,'2025-11-04 13:53:42','2025-11-04 16:23:00'),(3,'2025-11-04',3,0.00,0.00,0.00,NULL,'Evaluado',NULL,'2025-11-04 13:53:42','2025-11-04 16:22:37'),(4,'2025-11-06',1,0.00,6094.00,0.00,NULL,'Pendiente',NULL,'2025-11-06 13:00:37','2025-11-06 16:10:27'),(5,'2025-11-06',2,0.00,0.00,0.00,NULL,'Pendiente',NULL,'2025-11-06 13:00:37','2025-11-06 13:00:37'),(6,'2025-11-06',3,0.00,0.00,0.00,NULL,'Pendiente',NULL,'2025-11-06 13:00:37','2025-11-06 13:00:37'),(7,'2025-11-06',4,0.00,0.00,623.00,-623.00,'Evaluado',NULL,'2025-11-06 16:10:44','2025-11-06 16:10:55'),(8,'2025-11-06',5,0.00,0.00,0.06,-0.06,'Evaluado',NULL,'2025-11-06 16:11:07','2025-11-06 16:11:07'),(9,'2025-11-11',1,0.00,202.00,0.00,NULL,'Pendiente',NULL,'2025-11-11 09:18:42','2025-11-11 09:18:42'),(10,'2025-11-11',2,0.00,0.00,0.00,NULL,'Pendiente',NULL,'2025-11-11 09:18:42','2025-11-11 09:18:42'),(11,'2025-11-11',3,0.00,0.00,0.00,NULL,'Pendiente',NULL,'2025-11-11 09:18:42','2025-11-11 09:18:42'),(12,'2025-11-13',1,0.00,4000.00,0.00,NULL,'Pendiente',NULL,'2025-11-13 08:46:05','2025-11-13 15:35:18'),(13,'2025-11-13',2,0.00,0.00,0.00,NULL,'Pendiente',NULL,'2025-11-13 08:46:05','2025-11-13 08:46:05'),(14,'2025-11-13',3,0.00,0.00,0.00,NULL,'Pendiente',NULL,'2025-11-13 08:46:05','2025-11-13 08:46:05'),(15,'2025-11-18',1,0.00,0.00,0.00,NULL,'Pendiente',NULL,'2025-11-18 08:42:07','2025-11-18 08:42:07'),(16,'2025-11-18',2,0.00,0.00,0.00,NULL,'Pendiente',NULL,'2025-11-18 08:42:07','2025-11-18 08:42:07'),(17,'2025-11-18',3,0.00,0.00,0.00,NULL,'Pendiente',NULL,'2025-11-18 08:42:07','2025-11-18 08:42:07'),(18,'2025-11-19',1,0.00,0.00,0.00,NULL,'Pendiente',NULL,'2025-11-19 16:35:43','2025-11-19 16:35:43'),(19,'2025-11-19',2,0.00,0.00,0.00,NULL,'Pendiente',NULL,'2025-11-19 16:35:43','2025-11-19 16:35:43'),(20,'2025-11-19',3,0.00,0.00,0.00,NULL,'Pendiente',NULL,'2025-11-19 16:35:44','2025-11-19 16:35:44'),(21,'2025-11-25',1,0.00,0.00,0.00,NULL,'Pendiente',NULL,'2025-11-25 08:56:55','2025-11-25 08:56:55'),(22,'2025-11-25',2,0.00,0.00,0.00,NULL,'Pendiente',NULL,'2025-11-25 08:56:55','2025-11-25 08:56:55'),(23,'2025-11-25',3,0.00,0.00,0.00,NULL,'Pendiente',NULL,'2025-11-25 08:56:55','2025-11-25 08:56:55'),(24,'2025-12-02',1,0.00,0.00,0.00,NULL,'Pendiente',NULL,'2025-12-02 13:26:21','2025-12-02 13:26:21'),(25,'2025-12-02',2,0.00,0.00,0.00,NULL,'Pendiente',NULL,'2025-12-02 13:26:21','2025-12-02 13:26:21'),(26,'2025-12-02',3,0.00,0.00,0.00,NULL,'Pendiente',NULL,'2025-12-02 13:26:21','2025-12-02 13:26:21'),(27,'2025-12-03',1,900.00,6050.20,0.00,NULL,'Pendiente',NULL,'2025-12-03 08:34:31','2025-12-03 10:06:09'),(28,'2025-12-03',2,0.00,0.00,0.00,NULL,'Pendiente',NULL,'2025-12-03 08:34:31','2025-12-03 08:34:31'),(29,'2025-12-03',3,0.00,0.00,0.00,NULL,'Pendiente',NULL,'2025-12-03 08:34:31','2025-12-03 08:34:31'),(30,'2025-12-16',1,0.00,0.00,0.00,NULL,'Pendiente',NULL,'2025-12-16 09:01:54','2025-12-16 09:01:54'),(31,'2025-12-16',2,0.00,0.00,0.00,NULL,'Pendiente',NULL,'2025-12-16 09:01:55','2025-12-16 09:01:55'),(32,'2025-12-16',3,0.00,0.00,0.00,NULL,'Pendiente',NULL,'2025-12-16 09:01:55','2025-12-16 09:01:55');
/*!40000 ALTER TABLE `conciliaciones_contables` ENABLE KEYS */;
UNLOCK TABLES;

--
-- Table structure for table `cuatro_por_mil_config`
--

DROP TABLE IF EXISTS `cuatro_por_mil_config`;
/*!40101 SET @saved_cs_client     = @@character_set_client */;
/*!50503 SET character_set_client = utf8mb4 */;
CREATE TABLE `cuatro_por_mil_config` (
  `id` int NOT NULL AUTO_INCREMENT,
  `cuenta_bancaria_id` int NOT NULL,
  `conceptos_seleccionados` text,
  `activo` tinyint(1) DEFAULT NULL,
  `fecha_vigencia_desde` date NOT NULL,
  `fecha_creacion` datetime DEFAULT (now()),
  `fecha_actualizacion` datetime DEFAULT NULL,
  PRIMARY KEY (`id`),
  KEY `cuenta_bancaria_id` (`cuenta_bancaria_id`),
  KEY `ix_cuatro_por_mil_config_fecha_vigencia_desde` (`fecha_vigencia_desde`),
  KEY `ix_cuatro_por_mil_config_id` (`id`),
  CONSTRAINT `cuatro_por_mil_config_ibfk_1` FOREIGN KEY (`cuenta_bancaria_id`) REFERENCES `cuentas_bancarias` (`id`)
) ENGINE=InnoDB AUTO_INCREMENT=5 DEFAULT CHARSET=utf8mb4 COLLATE=utf8mb4_0900_ai_ci;
/*!40101 SET character_set_client = @saved_cs_client */;

--
-- Dumping data for table `cuatro_por_mil_config`
--

LOCK TABLES `cuatro_por_mil_config` WRITE;
/*!40000 ALTER TABLE `cuatro_por_mil_config` DISABLE KEYS */;
INSERT INTO `cuatro_por_mil_config` VALUES (1,1,'[68, 69, 78, 76]',1,'2025-12-16','2025-12-16 15:00:26',NULL),(2,2,'[68, 69, 76, 78]',1,'2025-12-16','2025-12-16 15:02:53','2025-12-16 15:02:58'),(3,4,'[69, 78, 76]',1,'2025-12-16','2025-12-16 15:16:29',NULL),(4,4,'[78, 76]',1,'2025-12-17','2025-12-16 15:17:15',NULL);
/*!40000 ALTER TABLE `cuatro_por_mil_config` ENABLE KEYS */;
UNLOCK TABLES;

--
-- Table structure for table `cuenta_moneda`
--

DROP TABLE IF EXISTS `cuenta_moneda`;
/*!40101 SET @saved_cs_client     = @@character_set_client */;
/*!50503 SET character_set_client = utf8mb4 */;
CREATE TABLE `cuenta_moneda` (
  `id` int NOT NULL AUTO_INCREMENT,
  `id_cuenta` int NOT NULL,
  `moneda` enum('COP','USD','EUR') NOT NULL,
  PRIMARY KEY (`id`),
  UNIQUE KEY `unique_cuenta_moneda` (`id_cuenta`,`moneda`),
  CONSTRAINT `cuenta_moneda_ibfk_1` FOREIGN KEY (`id_cuenta`) REFERENCES `cuentas_bancarias` (`id`) ON DELETE CASCADE
) ENGINE=InnoDB AUTO_INCREMENT=114 DEFAULT CHARSET=utf8mb4 COLLATE=utf8mb4_0900_ai_ci;
/*!40101 SET character_set_client = @saved_cs_client */;

--
-- Dumping data for table `cuenta_moneda`
--

LOCK TABLES `cuenta_moneda` WRITE;
/*!40000 ALTER TABLE `cuenta_moneda` DISABLE KEYS */;
INSERT INTO `cuenta_moneda` VALUES (1,1,'COP'),(2,2,'COP'),(3,3,'COP'),(4,4,'COP'),(5,5,'COP'),(6,6,'COP'),(7,7,'COP'),(8,8,'COP'),(9,9,'COP'),(10,10,'COP'),(11,11,'COP'),(12,11,'USD'),(13,12,'COP'),(14,12,'USD'),(15,13,'COP'),(16,13,'USD'),(17,14,'COP'),(18,14,'USD'),(19,15,'COP'),(20,15,'USD'),(21,16,'COP'),(22,16,'USD'),(23,17,'COP'),(24,17,'USD'),(25,18,'COP'),(26,18,'USD'),(27,19,'COP'),(28,19,'USD'),(29,20,'COP'),(30,20,'USD'),(31,21,'COP'),(32,21,'USD'),(33,22,'COP'),(34,22,'USD'),(35,23,'COP'),(36,24,'COP'),(37,25,'COP'),(38,26,'COP'),(39,27,'COP'),(40,28,'COP'),(41,29,'COP'),(42,30,'COP'),(43,31,'COP'),(44,32,'COP'),(45,33,'COP'),(46,34,'COP'),(47,35,'COP'),(48,36,'COP'),(49,37,'COP'),(50,38,'COP'),(51,39,'COP'),(52,40,'COP'),(53,41,'COP'),(54,42,'COP'),(55,43,'COP'),(56,44,'COP'),(57,45,'COP'),(58,46,'COP'),(59,47,'COP'),(60,48,'COP'),(61,49,'COP'),(62,50,'COP'),(63,51,'COP'),(64,52,'COP'),(65,53,'COP'),(66,54,'COP'),(67,55,'COP'),(68,55,'USD'),(69,56,'COP'),(70,56,'USD'),(71,57,'COP'),(72,58,'COP'),(73,59,'COP'),(74,60,'COP'),(75,61,'COP'),(76,62,'COP'),(77,63,'COP'),(78,64,'COP'),(79,65,'COP'),(80,66,'COP'),(81,67,'COP'),(82,68,'COP'),(83,69,'COP'),(84,70,'COP'),(85,71,'COP'),(86,72,'COP'),(87,73,'COP'),(88,74,'COP'),(89,75,'COP'),(90,76,'COP'),(91,77,'COP'),(92,78,'COP'),(93,79,'COP'),(94,80,'COP'),(95,80,'USD'),(96,81,'COP'),(97,81,'USD');
/*!40000 ALTER TABLE `cuenta_moneda` ENABLE KEYS */;
UNLOCK TABLES;

--
-- Table structure for table `cuentas_bancarias`
--

DROP TABLE IF EXISTS `cuentas_bancarias`;
/*!40101 SET @saved_cs_client     = @@character_set_client */;
/*!50503 SET character_set_client = utf8mb4 */;
CREATE TABLE `cuentas_bancarias` (
  `id` int NOT NULL AUTO_INCREMENT,
  `numero_cuenta` varchar(50) NOT NULL,
  `compania_id` int NOT NULL,
  `banco_id` int NOT NULL,
  `tipo_cuenta` enum('CORRIENTE','AHORROS') NOT NULL DEFAULT 'CORRIENTE',
  PRIMARY KEY (`id`),
  KEY `compania_id` (`compania_id`),
  KEY `banco_id` (`banco_id`),
  CONSTRAINT `cuentas_bancarias_ibfk_1` FOREIGN KEY (`compania_id`) REFERENCES `companias` (`id`) ON DELETE CASCADE ON UPDATE CASCADE,
  CONSTRAINT `cuentas_bancarias_ibfk_2` FOREIGN KEY (`banco_id`) REFERENCES `bancos` (`id`) ON DELETE CASCADE ON UPDATE CASCADE
) ENGINE=InnoDB AUTO_INCREMENT=96 DEFAULT CHARSET=utf8mb4 COLLATE=utf8mb4_0900_ai_ci;
/*!40101 SET character_set_client = @saved_cs_client */;

--
-- Dumping data for table `cuentas_bancarias`
--

LOCK TABLES `cuentas_bancarias` WRITE;
/*!40000 ALTER TABLE `cuentas_bancarias` DISABLE KEYS */;
INSERT INTO `cuentas_bancarias` VALUES (1,'N/A',1,40,'CORRIENTE'),(2,'N/A',2,40,'CORRIENTE'),(3,'N/A',3,40,'CORRIENTE'),(4,'482800001265',1,40,'AHORROS'),(5,'482800001273',2,40,'AHORROS'),(6,'482800002024',2,40,'CORRIENTE'),(7,'482800001257',3,40,'AHORROS'),(8,'62250766-0',1,41,'CORRIENTE'),(9,'62250774-0',2,41,'CORRIENTE'),(10,'62250782-0',3,41,'CORRIENTE'),(11,'36203301',1,42,'CORRIENTE'),(12,'36203328',2,42,'CORRIENTE'),(13,'36025015',3,42,'CORRIENTE'),(14,'705329517',1,43,'CORRIENTE'),(15,'70530062',2,43,'CORRIENTE'),(16,'70530070',3,43,'CORRIENTE'),(17,'865784010',1,44,'CORRIENTE'),(18,'865804010',2,44,'CORRIENTE'),(19,'865794010',3,44,'CORRIENTE'),(20,'867614010',4,44,'CORRIENTE'),(21,'010002000127',5,44,'CORRIENTE'),(22,'010003000003',6,44,'CORRIENTE'),(23,'N/A',4,40,'CORRIENTE'),(24,'N/A',11,40,'CORRIENTE'),(25,'N/A',18,59,'CORRIENTE'),(26,'N/A',17,59,'CORRIENTE'),(27,'N/A',19,59,'CORRIENTE'),(28,'N/A',20,59,'CORRIENTE'),(29,'000977298',1,46,'CORRIENTE'),(30,'000268649',2,46,'CORRIENTE'),(31,'000977280',2,46,'CORRIENTE'),(32,'000977272',3,46,'CORRIENTE'),(33,'000826701',4,46,'CORRIENTE'),(34,'005597176',1,47,'CORRIENTE'),(35,'005595639',2,47,'CORRIENTE'),(36,'005597183',3,47,'CORRIENTE'),(37,'005595646',4,47,'CORRIENTE'),(38,'2113700',1,48,'CORRIENTE'),(39,'2114920',2,48,'CORRIENTE'),(40,'2113692',2,48,'CORRIENTE'),(41,'2113718',3,48,'CORRIENTE'),(42,'0172120172',1,49,'CORRIENTE'),(43,'0172120180',2,49,'CORRIENTE'),(44,'0172120199',3,49,'CORRIENTE'),(45,'17171123071',1,50,'CORRIENTE'),(46,'17171122902',2,50,'CORRIENTE'),(47,'17171123003',3,50,'CORRIENTE'),(48,'´03199361537',4,50,'CORRIENTE'),(49,'482800007882',1,40,'AHORROS'),(50,'482800007908',2,40,'AHORROS'),(51,'482800007890',3,40,'AHORROS'),(52,'482800010001',2,40,'AHORROS'),(53,'482800010019',2,40,'AHORROS'),(54,'482800010027',2,40,'AHORROS'),(55,'36024995',2,51,'CORRIENTE'),(56,'36903922',3,51,'CORRIENTE'),(57,'036273662',1,46,'CORRIENTE'),(58,'036297810',2,46,'CORRIENTE'),(59,'036273688',3,46,'CORRIENTE'),(60,'5300635932',1,50,'CORRIENTE'),(61,'5300250331',2,50,'CORRIENTE'),(62,'5300218006',3,50,'CORRIENTE'),(63,'40195224',1,52,'CORRIENTE'),(64,'40298119',2,52,'CORRIENTE'),(65,'40299661',3,52,'CORRIENTE'),(66,'137017554',1,53,'CORRIENTE'),(67,'137008629',2,53,'CORRIENTE'),(68,'137017562',3,53,'CORRIENTE'),(69,'121010607',3,49,'CORRIENTE'),(70,'221816614',2,54,'CORRIENTE'),(71,'221816598',3,54,'CORRIENTE'),(72,'60193029',2,55,'CORRIENTE'),(73,'60193401',2,55,'CORRIENTE'),(74,'1011143807',2,40,'CORRIENTE'),(75,'4801736642',2,50,'CORRIENTE'),(76,'65005340',2,56,'AHORROS'),(77,'288086051',2,54,'CORRIENTE'),(78,'288049109',2,54,'CORRIENTE'),(79,'411166042',2,57,'CORRIENTE'),(80,'865804015',2,58,'CORRIENTE'),(81,'865794015',3,58,'CORRIENTE');
/*!40000 ALTER TABLE `cuentas_bancarias` ENABLE KEYS */;
UNLOCK TABLES;

--
-- Table structure for table `dias_festivos`
--

DROP TABLE IF EXISTS `dias_festivos`;
/*!40101 SET @saved_cs_client     = @@character_set_client */;
/*!50503 SET character_set_client = utf8mb4 */;
CREATE TABLE `dias_festivos` (
  `id` int NOT NULL AUTO_INCREMENT,
  `fecha` date NOT NULL,
  `nombre` varchar(255) NOT NULL,
  `descripcion` text,
  `tipo` varchar(50) DEFAULT NULL,
  `activo` tinyint(1) DEFAULT NULL,
  PRIMARY KEY (`id`),
  UNIQUE KEY `ix_dias_festivos_fecha` (`fecha`),
  KEY `ix_dias_festivos_id` (`id`)
) ENGINE=InnoDB AUTO_INCREMENT=46 DEFAULT CHARSET=utf8mb4 COLLATE=utf8mb4_0900_ai_ci;
/*!40101 SET character_set_client = @saved_cs_client */;

--
-- Dumping data for table `dias_festivos`
--

LOCK TABLES `dias_festivos` WRITE;
/*!40000 ALTER TABLE `dias_festivos` DISABLE KEYS */;
INSERT INTO `dias_festivos` VALUES (11,'2025-01-01','Año Nuevo','Celebración del primer día del año','civil',1),(12,'2025-01-06','Reyes Magos','Epifanía del Señor','religioso',1),(13,'2025-03-24','Día de San José','Festividad de San José','religioso',1),(14,'2025-04-17','Jueves Santo','Jueves previo a la Pascua','religioso',1),(15,'2025-04-18','Viernes Santo','Conmemoración de la crucifixión de Jesucristo','religioso',1),(16,'2025-05-01','Día del Trabajo','Día Internacional del Trabajador','civil',1),(17,'2025-06-02','Ascensión de Jesús','Ascensión del Señor','religioso',1),(18,'2025-06-23','Corpus Christi','Festividad católica','religioso',1),(19,'2025-06-30','San Pedro y San Pablo','Festividad de los apóstoles','religioso',1),(20,'2025-07-20','Día de la Independencia','Independencia de Colombia','nacional',1),(21,'2025-08-07','Batalla de Boyacá','Conmemoración de la Batalla de Boyacá','nacional',1),(22,'2025-08-18','Asunción de la Virgen','Asunción de María','religioso',1),(23,'2025-10-13','Día de la Raza','Día de la Hispanidad','nacional',1),(24,'2025-11-03','Todos los Santos','Festividad católica','religioso',1),(25,'2025-11-17','Independencia de Cartagena','Independencia de Cartagena','nacional',1),(26,'2025-12-08','Inmaculada Concepción','Festividad católica','religioso',1),(27,'2025-12-25','Navidad','Celebración del nacimiento de Jesucristo','religioso',1),(28,'2026-01-01','Año Nuevo','Celebración del primer día del año','civil',1),(29,'2026-01-12','Reyes Magos','Epifanía del Señor (trasladado)','religioso',1),(30,'2026-03-23','Día de San José','Festividad de San José (trasladado)','religioso',1),(31,'2026-04-02','Jueves Santo','Jueves previo a la Pascua','religioso',1),(32,'2026-04-03','Viernes Santo','Conmemoración de la crucifixión de Jesucristo','religioso',1),(33,'2026-05-01','Día del Trabajo','Día Internacional del Trabajador','civil',1),(34,'2026-05-18','Ascensión de Jesús','Ascensión del Señor (trasladado)','religioso',1),(35,'2026-06-08','Corpus Christi','Festividad católica (trasladado)','religioso',1),(36,'2026-06-15','Sagrado Corazón de Jesús','Festividad católica (trasladado)','religioso',1),(37,'2026-06-29','San Pedro y San Pablo','Festividad de los apóstoles (trasladado)','religioso',1),(38,'2026-07-20','Día de la Independencia','Independencia de Colombia','nacional',1),(39,'2026-08-07','Batalla de Boyacá','Conmemoración de la Batalla de Boyacá','nacional',1),(40,'2026-08-17','Asunción de la Virgen','Asunción de María (trasladado)','religioso',1),(41,'2026-10-12','Día de la Raza','Día de la Hispanidad (trasladado)','nacional',1),(42,'2026-11-02','Todos los Santos','Festividad católica (trasladado)','religioso',1),(43,'2026-11-16','Independencia de Cartagena','Independencia de Cartagena (trasladado)','nacional',1),(44,'2026-12-08','Inmaculada Concepción','Festividad católica','religioso',1),(45,'2026-12-25','Navidad','Celebración del nacimiento de Jesucristo','religioso',1);
/*!40000 ALTER TABLE `dias_festivos` ENABLE KEYS */;
UNLOCK TABLES;

--
-- Table structure for table `gmf_config`
--

DROP TABLE IF EXISTS `gmf_config`;
/*!40101 SET @saved_cs_client     = @@character_set_client */;
/*!50503 SET character_set_client = utf8mb4 */;
CREATE TABLE `gmf_config` (
  `id` int NOT NULL AUTO_INCREMENT,
  `cuenta_bancaria_id` int NOT NULL,
  `conceptos_seleccionados` text,
  `activo` tinyint(1) DEFAULT NULL,
  `fecha_creacion` datetime DEFAULT CURRENT_TIMESTAMP,
  `fecha_actualizacion` datetime DEFAULT NULL,
  `fecha_vigencia_desde` date NOT NULL,
  PRIMARY KEY (`id`),
  KEY `cuenta_bancaria_id` (`cuenta_bancaria_id`),
  KEY `ix_gmf_config_id` (`id`),
  KEY `idx_gmf_config_cuenta_fecha_vigencia` (`cuenta_bancaria_id`,`fecha_vigencia_desde` DESC),
  CONSTRAINT `gmf_config_ibfk_1` FOREIGN KEY (`cuenta_bancaria_id`) REFERENCES `cuentas_bancarias` (`id`)
) ENGINE=InnoDB AUTO_INCREMENT=5 DEFAULT CHARSET=utf8mb4 COLLATE=utf8mb4_0900_ai_ci;
/*!40101 SET character_set_client = @saved_cs_client */;

--
-- Dumping data for table `gmf_config`
--

LOCK TABLES `gmf_config` WRITE;
/*!40000 ALTER TABLE `gmf_config` DISABLE KEYS */;
INSERT INTO `gmf_config` VALUES (1,1,'[5, 9, 12, 13, 29, 34, 35, 43, 31, 47, 36, 26, 22, 32, 33, 45, 25, 46]',1,'2025-12-09 14:52:59',NULL,'2025-09-01'),(2,2,'[47]',1,'2025-12-09 14:53:08','2025-12-09 15:15:56','2025-09-01'),(3,3,'[5]',1,'2025-12-09 14:53:18','2025-12-09 14:56:18','2025-09-01'),(4,1,'[5, 9, 12, 13, 29, 34, 35, 43, 31, 47, 36, 26, 22, 32, 33, 45, 25, 46]',1,'2025-12-16 15:03:37',NULL,'2025-12-16');
/*!40000 ALTER TABLE `gmf_config` ENABLE KEYS */;
UNLOCK TABLES;

--
-- Table structure for table `notificaciones`
--

DROP TABLE IF EXISTS `notificaciones`;
/*!40101 SET @saved_cs_client     = @@character_set_client */;
/*!50503 SET character_set_client = utf8mb4 */;
CREATE TABLE `notificaciones` (
  `id` int NOT NULL AUTO_INCREMENT,
  `usuario_id` int NOT NULL,
  `tipo` varchar(50) NOT NULL,
  `titulo` varchar(200) NOT NULL,
  `mensaje` text NOT NULL,
  `fecha` datetime NOT NULL DEFAULT CURRENT_TIMESTAMP,
  `leido` tinyint(1) NOT NULL DEFAULT '0',
  PRIMARY KEY (`id`),
  KEY `usuario_id` (`usuario_id`),
  CONSTRAINT `notificaciones_ibfk_1` FOREIGN KEY (`usuario_id`) REFERENCES `usuarios` (`id`) ON DELETE CASCADE ON UPDATE CASCADE
) ENGINE=InnoDB DEFAULT CHARSET=utf8mb4 COLLATE=utf8mb4_0900_ai_ci;
/*!40101 SET character_set_client = @saved_cs_client */;

--
-- Dumping data for table `notificaciones`
--

LOCK TABLES `notificaciones` WRITE;
/*!40000 ALTER TABLE `notificaciones` DISABLE KEYS */;
/*!40000 ALTER TABLE `notificaciones` ENABLE KEYS */;
UNLOCK TABLES;

--
-- Table structure for table `permisos`
--

DROP TABLE IF EXISTS `permisos`;
/*!40101 SET @saved_cs_client     = @@character_set_client */;
/*!50503 SET character_set_client = utf8mb4 */;
CREATE TABLE `permisos` (
  `id` int NOT NULL AUTO_INCREMENT,
  `nombre` varchar(100) NOT NULL,
  `codigo` varchar(100) NOT NULL,
  `descripcion` text,
  `modulo` varchar(50) NOT NULL,
  `activo` tinyint(1) NOT NULL,
  `fecha_creacion` datetime NOT NULL,
  PRIMARY KEY (`id`),
  UNIQUE KEY `ix_permisos_codigo` (`codigo`),
  KEY `ix_permisos_id` (`id`),
  KEY `ix_permisos_modulo` (`modulo`)
) ENGINE=InnoDB AUTO_INCREMENT=34 DEFAULT CHARSET=utf8mb4 COLLATE=utf8mb4_0900_ai_ci;
/*!40101 SET character_set_client = @saved_cs_client */;

--
-- Dumping data for table `permisos`
--

LOCK TABLES `permisos` WRITE;
/*!40000 ALTER TABLE `permisos` DISABLE KEYS */;
INSERT INTO `permisos` VALUES (1,'Ver usuarios','usuarios.ver','Permite ver la lista de usuarios','usuarios',1,'2025-11-11 09:52:47'),(2,'Crear usuarios','usuarios.crear','Permite crear nuevos usuarios','usuarios',1,'2025-11-11 09:52:47'),(3,'Editar usuarios','usuarios.editar','Permite editar usuarios existentes','usuarios',1,'2025-11-11 09:52:47'),(4,'Eliminar usuarios','usuarios.eliminar','Permite eliminar usuarios','usuarios',1,'2025-11-11 09:52:47'),(5,'Cambiar estado de usuarios','usuarios.cambiar_estado','Permite activar/desactivar usuarios','usuarios',1,'2025-11-11 09:52:47'),(6,'Ver roles','roles.ver','Permite ver roles y permisos','roles',1,'2025-11-11 09:52:47'),(7,'Crear roles','roles.crear','Permite crear nuevos roles','roles',1,'2025-11-11 09:52:47'),(8,'Editar roles','roles.editar','Permite editar roles y asignar permisos','roles',1,'2025-11-11 09:52:47'),(9,'Eliminar roles','roles.eliminar','Permite eliminar roles','roles',1,'2025-11-11 09:52:47'),(10,'Ver transacciones','transacciones.ver','Permite ver transacciones de flujo de caja','transacciones',1,'2025-11-11 09:52:47'),(11,'Crear transacciones','transacciones.crear','Permite crear nuevas transacciones','transacciones',1,'2025-11-11 09:52:47'),(12,'Editar transacciones','transacciones.editar','Permite editar transacciones existentes','transacciones',1,'2025-11-11 09:52:47'),(13,'Eliminar transacciones','transacciones.eliminar','Permite eliminar transacciones','transacciones',1,'2025-11-11 09:52:47'),(14,'Aprobar transacciones','transacciones.aprobar','Permite aprobar transacciones pendientes','transacciones',1,'2025-11-11 09:52:47'),(15,'Ver conceptos','conceptos.ver','Permite ver conceptos de flujo de caja','conceptos',1,'2025-11-11 09:52:47'),(16,'Crear conceptos','conceptos.crear','Permite crear nuevos conceptos','conceptos',1,'2025-11-11 09:52:47'),(17,'Editar conceptos','conceptos.editar','Permite editar conceptos existentes','conceptos',1,'2025-11-11 09:52:47'),(18,'Eliminar conceptos','conceptos.eliminar','Permite eliminar conceptos','conceptos',1,'2025-11-11 09:52:47'),(19,'Ver cuentas bancarias','cuentas.ver','Permite ver cuentas bancarias','cuentas',1,'2025-11-11 09:52:47'),(20,'Crear cuentas bancarias','cuentas.crear','Permite crear nuevas cuentas bancarias','cuentas',1,'2025-11-11 09:52:47'),(21,'Editar cuentas bancarias','cuentas.editar','Permite editar cuentas bancarias','cuentas',1,'2025-11-11 09:52:47'),(22,'Eliminar cuentas bancarias','cuentas.eliminar','Permite eliminar cuentas bancarias','cuentas',1,'2025-11-11 09:52:47'),(23,'Ver reportes','reportes.ver','Permite ver reportes y consultas','reportes',1,'2025-11-11 09:52:47'),(24,'Exportar reportes','reportes.exportar','Permite exportar reportes a Excel/PDF','reportes',1,'2025-11-11 09:52:47'),(25,'Ver reportes consolidados','reportes.consolidado','Permite ver reportes consolidados de todas las áreas','reportes',1,'2025-11-11 09:52:47'),(26,'Ver TRM','trm.ver','Permite ver tasas de cambio','trm',1,'2025-11-11 09:52:47'),(27,'Editar TRM','trm.editar','Permite editar tasas de cambio','trm',1,'2025-11-11 09:52:47'),(28,'Ver conciliaciones','conciliacion.ver','Permite ver conciliaciones contables','conciliacion',1,'2025-11-11 09:52:47'),(29,'Crear conciliaciones','conciliacion.crear','Permite crear conciliaciones','conciliacion',1,'2025-11-11 09:52:47'),(30,'Aprobar conciliaciones','conciliacion.aprobar','Permite aprobar conciliaciones','conciliacion',1,'2025-11-11 09:52:47'),(31,'Ver auditoría','auditoria.ver','Permite ver registros de auditoría','auditoria',1,'2025-11-11 09:52:47'),(32,'Ver configuración','configuracion.ver','Permite ver configuración del sistema','configuracion',1,'2025-11-11 09:52:47'),(33,'Editar configuración','configuracion.editar','Permite modificar configuración del sistema','configuracion',1,'2025-11-11 09:52:47');
/*!40000 ALTER TABLE `permisos` ENABLE KEYS */;
UNLOCK TABLES;

--
-- Table structure for table `registros_auditoria`
--

DROP TABLE IF EXISTS `registros_auditoria`;
/*!40101 SET @saved_cs_client     = @@character_set_client */;
/*!50503 SET character_set_client = utf8mb4 */;
CREATE TABLE `registros_auditoria` (
  `id` int NOT NULL AUTO_INCREMENT,
  `usuario_id` int NOT NULL,
  `usuario_nombre` varchar(100) NOT NULL,
  `usuario_email` varchar(255) NOT NULL,
  `accion` varchar(50) NOT NULL,
  `modulo` varchar(50) NOT NULL,
  `entidad` varchar(100) NOT NULL,
  `entidad_id` varchar(50) DEFAULT NULL,
  `descripcion` text NOT NULL,
  `valores_anteriores` json DEFAULT NULL,
  `valores_nuevos` json DEFAULT NULL,
  `ip_address` varchar(45) NOT NULL,
  `user_agent` text,
  `endpoint` varchar(255) DEFAULT NULL,
  `metodo_http` varchar(10) DEFAULT NULL,
  `fecha_hora` datetime NOT NULL,
  `duracion_ms` int DEFAULT NULL,
  `resultado` varchar(20) NOT NULL,
  `mensaje_error` text,
  `sesion_id` varchar(100) DEFAULT NULL,
  PRIMARY KEY (`id`),
  KEY `ix_registros_auditoria_id` (`id`)
) ENGINE=InnoDB AUTO_INCREMENT=670 DEFAULT CHARSET=utf8mb4 COLLATE=utf8mb4_0900_ai_ci;
/*!40101 SET character_set_client = @saved_cs_client */;

--
-- Dumping data for table `registros_auditoria`
--

LOCK TABLES `registros_auditoria` WRITE;
/*!40000 ALTER TABLE `registros_auditoria` DISABLE KEYS */;
INSERT INTO `registros_auditoria` VALUES (1,0,'sistema','sistema@local','CREATE','EMPRESAS','Compania','25','Creó empresa: mm','null','{\"nombre\": \"mm\"}','127.0.0.1',NULL,NULL,NULL,'2025-10-23 13:25:52',NULL,'EXITOSO',NULL,NULL),(2,0,'sistema','sistema@local','CREATE','EMPRESAS','Compania','26','Creó empresa: nn','null','{\"nombre\": \"nn\"}','127.0.0.1',NULL,NULL,NULL,'2025-10-23 13:27:09',NULL,'EXITOSO',NULL,NULL),(3,0,'sistema','sistema@local','DELETE','EMPRESAS','Compania','26','Eliminó empresa: nn','{\"nombre\": \"nn\"}','null','127.0.0.1',NULL,NULL,NULL,'2025-10-23 13:27:14',NULL,'EXITOSO',NULL,NULL),(4,0,'sistema','sistema@local','CREATE','CUENTAS','CuentaBancaria','91','Creó cuenta bancaria: BANCO DAVIVIENDA - 5858 para mm','null','{\"banco\": \"BANCO DAVIVIENDA\", \"compania\": \"mm\", \"numero_cuenta\": \"5858\"}','127.0.0.1',NULL,NULL,NULL,'2025-10-23 13:27:22',NULL,'EXITOSO',NULL,NULL),(5,6,'María Fernanda López','maria.lopez@flujo.com','CREATE','CONCEPTOS','ConceptoFlujoCaja','89','Creó nuevo concepto: ii (tesoreria)','null','{\"area\": \"tesoreria\", \"codigo\": \"I\", \"nombre\": \"ii\"}','127.0.0.1',NULL,NULL,NULL,'2025-10-23 13:35:16',NULL,'EXITOSO',NULL,NULL),(6,6,'María Fernanda López','maria.lopez@flujo.com','DELETE','CONCEPTOS','ConceptoFlujoCaja','89','Eliminó concepto: ii (tesoreria)','{\"area\": \"tesoreria\", \"codigo\": \"I\", \"nombre\": \"ii\"}','null','127.0.0.1',NULL,NULL,NULL,'2025-10-23 13:35:23',NULL,'EXITOSO',NULL,NULL),(7,0,'sistema','sistema@local','DELETE','CUENTAS','CuentaBancaria','91','Eliminó cuenta bancaria: BANCO DAVIVIENDA - 5858','{\"banco\": \"BANCO DAVIVIENDA\", \"compania\": \"mm\", \"numero_cuenta\": \"5858\"}','null','127.0.0.1',NULL,NULL,NULL,'2025-10-23 13:41:18',NULL,'EXITOSO',NULL,NULL),(8,0,'sistema','sistema@local','DELETE','EMPRESAS','Compania','25','Eliminó empresa: mm','{\"nombre\": \"mm\"}','null','127.0.0.1',NULL,NULL,NULL,'2025-10-23 13:41:27',NULL,'EXITOSO',NULL,NULL),(9,5,'Carlos Andrés Gómez','carlos.gomez@flujo.com','CREATE','FLUJO_CAJA','Transacción','2025-10-23','CREATE transacción: PAGOS INTERCOMPAÑÍAS en BANCO DAVIVIENDA - N/A por $30','null','{\"valor\": 30.0}','127.0.0.1',NULL,NULL,NULL,'2025-10-23 13:46:12',NULL,'EXITOSO',NULL,NULL),(10,0,'sistema','sistema@local','CREATE','EMPRESAS','Compania','27','Creó empresa: as','null','{\"nombre\": \"as\"}','127.0.0.1',NULL,NULL,NULL,'2025-10-23 13:47:11',NULL,'EXITOSO',NULL,NULL),(11,0,'sistema','sistema@local','CREATE','CUENTAS','CuentaBancaria','92','Creó cuenta bancaria: BANCO DAVIVIENDA - 858 para as','null','{\"banco\": \"BANCO DAVIVIENDA\", \"compania\": \"as\", \"numero_cuenta\": \"858\"}','127.0.0.1',NULL,NULL,NULL,'2025-10-23 13:50:27',NULL,'EXITOSO',NULL,NULL),(12,0,'sistema','sistema@local','CREATE','CUENTAS','CuentaBancaria','93','(TEST) Creó cuenta bancaria: BANCO REPUBLICA - pñ para as','null','{\"banco\": \"BANCO REPUBLICA\", \"compania\": \"as\", \"numero_cuenta\": \"pñ\"}','127.0.0.1',NULL,NULL,NULL,'2025-10-23 13:52:14',NULL,'EXITOSO',NULL,NULL),(13,0,'sistema','sistema@local','DELETE','CUENTAS','CuentaBancaria','92','(TEST) Eliminó cuenta bancaria: BANCO DAVIVIENDA - 858','{\"banco\": \"BANCO DAVIVIENDA\", \"compania\": \"as\", \"numero_cuenta\": \"858\"}','null','127.0.0.1',NULL,NULL,NULL,'2025-10-23 13:52:21',NULL,'EXITOSO',NULL,NULL),(14,0,'sistema','sistema@local','DELETE','CUENTAS','CuentaBancaria','93','(TEST) Eliminó cuenta bancaria: BANCO REPUBLICA - pñ','{\"banco\": \"BANCO REPUBLICA\", \"compania\": \"as\", \"numero_cuenta\": \"pñ\"}','null','127.0.0.1',NULL,NULL,NULL,'2025-10-23 13:52:22',NULL,'EXITOSO',NULL,NULL),(15,0,'sistema','sistema@local','DELETE','EMPRESAS','Compania','27','(TEST) Eliminó empresa: as','{\"nombre\": \"as\"}','null','127.0.0.1',NULL,NULL,NULL,'2025-10-23 13:54:22',NULL,'EXITOSO',NULL,NULL),(16,0,'sistema','sistema@local','CREATE','EMPRESAS','Compania','28','Creó empresa: hh','null','{\"nombre\": \"hh\"}','127.0.0.1',NULL,NULL,NULL,'2025-10-23 14:05:40',NULL,'EXITOSO',NULL,NULL),(17,0,'sistema','sistema@local','DELETE','EMPRESAS','Compania','28','Eliminó empresa: hh','{\"nombre\": \"hh\"}','null','127.0.0.1',NULL,NULL,NULL,'2025-10-23 14:05:47',NULL,'EXITOSO',NULL,NULL),(18,1,'Sistema Test','sistema@test.com','CREATE','EMPRESAS','Compania','29','Creó empresa: sfd','null','{\"nombre\": \"sfd\"}','127.0.0.1',NULL,NULL,NULL,'2025-10-23 14:24:23',NULL,'EXITOSO',NULL,NULL),(19,6,'María Fernanda López','maria.lopez@flujo.com','CREATE','CUENTAS','CuentaBancaria','94','Creó cuenta bancaria: BANCO REPUBLICA - 5858 para sfd','null','{\"banco\": \"BANCO REPUBLICA\", \"compania\": \"sfd\", \"numero_cuenta\": \"5858\"}','127.0.0.1',NULL,NULL,NULL,'2025-10-23 14:32:43',NULL,'EXITOSO',NULL,NULL),(20,6,'María Fernanda López','maria.lopez@flujo.com','DELETE','CUENTAS','CuentaBancaria','94','Eliminó cuenta bancaria: BANCO REPUBLICA - 5858','{\"banco\": \"BANCO REPUBLICA\", \"compania\": \"sfd\", \"numero_cuenta\": \"5858\"}','null','127.0.0.1',NULL,NULL,NULL,'2025-10-23 14:32:56',NULL,'EXITOSO',NULL,NULL),(21,6,'María Fernanda López','maria.lopez@flujo.com','DELETE','EMPRESAS','Compania','29','Eliminó empresa: sfd','{\"nombre\": \"sfd\"}','null','127.0.0.1',NULL,NULL,NULL,'2025-10-23 14:33:00',NULL,'EXITOSO',NULL,NULL),(22,6,'María Fernanda López','maria.lopez@flujo.com','CREATE','CONCEPTOS','ConceptoFlujoCaja','90','Creó nuevo concepto: gfdsfdg (tesoreria)','null','{\"area\": \"tesoreria\", \"codigo\": \"E\", \"nombre\": \"gfdsfdg\"}','127.0.0.1',NULL,NULL,NULL,'2025-10-23 14:33:11',NULL,'EXITOSO',NULL,NULL),(23,6,'María Fernanda López','maria.lopez@flujo.com','DELETE','CONCEPTOS','ConceptoFlujoCaja','90','Eliminó concepto: gfdsfdg (tesoreria)','{\"area\": \"tesoreria\", \"codigo\": \"E\", \"nombre\": \"gfdsfdg\"}','null','127.0.0.1',NULL,NULL,NULL,'2025-10-23 14:33:20',NULL,'EXITOSO',NULL,NULL),(24,5,'Carlos Andrés Gómez','carlos.gomez@flujo.com','UPDATE','USUARIOS','Usuario','9','Actualizó perfil de usuario: luis stiven suarez urregoo','{\"rol\": \"Administrador\", \"email\": \"stiven@gmail.com\", \"nombre\": \"luis stiven suarez urrego\"}','{\"rol\": \"Administrador\", \"email\": \"stiven@gmail.com\", \"nombre\": \"luis stiven suarez urregoo\"}','127.0.0.1',NULL,NULL,NULL,'2025-10-23 14:33:41',NULL,'EXITOSO',NULL,NULL),(25,9,'luis stiven suarez urregoo','stiven@gmail.com','CREATE','EMPRESAS','Compania','30','Creó empresa: st','null','{\"nombre\": \"st\"}','127.0.0.1',NULL,NULL,NULL,'2025-10-23 15:33:10',NULL,'EXITOSO',NULL,NULL),(26,9,'luis stiven suarez urregoo','stiven@gmail.com','UPDATE','EMPRESAS','Compania','30','Actualizó empresa: st → sti','{\"nombre\": \"st\"}','{\"nombre\": \"sti\"}','127.0.0.1',NULL,NULL,NULL,'2025-10-23 15:34:02',NULL,'EXITOSO',NULL,NULL),(27,9,'luis stiven suarez urregoo','stiven@gmail.com','DELETE','EMPRESAS','Compania','30','Eliminó empresa: sti','{\"nombre\": \"sti\"}','null','127.0.0.1',NULL,NULL,NULL,'2025-10-23 15:34:12',NULL,'EXITOSO',NULL,NULL),(28,6,'María Fernanda López','maria.lopez@flujo.com','CREATE','FLUJO_CAJA','Transacción','2025-11-04','CREATE transacción: PAGOS INTERCOMPAÑÍAS en BANCO DAVIVIENDA - N/A por $200','null','{\"valor\": 200.0}','127.0.0.1',NULL,NULL,NULL,'2025-11-04 09:27:30',NULL,'EXITOSO',NULL,NULL),(29,6,'María Fernanda López','maria.lopez@flujo.com','READ','CONCILIACION','ConciliacionContable',NULL,'Consultó conciliación para fecha: 2025-11-04','null','{\"fecha\": \"2025-11-04\"}','127.0.0.1',NULL,NULL,NULL,'2025-11-04 10:37:48',NULL,'EXITOSO',NULL,NULL),(30,6,'María Fernanda López','maria.lopez@flujo.com','READ','CONCILIACION','ConciliacionContable',NULL,'Consultó conciliación para fecha: 2025-11-02','null','{\"fecha\": \"2025-11-02\"}','127.0.0.1',NULL,NULL,NULL,'2025-11-04 10:37:59',NULL,'EXITOSO',NULL,NULL),(31,6,'María Fernanda López','maria.lopez@flujo.com','READ','CONCILIACION','ConciliacionContable',NULL,'Consultó conciliación para fecha: 2025-11-02','null','{\"fecha\": \"2025-11-02\"}','127.0.0.1',NULL,NULL,NULL,'2025-11-04 10:38:04',NULL,'EXITOSO',NULL,NULL),(32,6,'María Fernanda López','maria.lopez@flujo.com','READ','CONCILIACION','ConciliacionContable',NULL,'Consultó conciliación para fecha: 2025-11-02','null','{\"fecha\": \"2025-11-02\"}','127.0.0.1',NULL,NULL,NULL,'2025-11-04 10:38:09',NULL,'EXITOSO',NULL,NULL),(33,6,'María Fernanda López','maria.lopez@flujo.com','READ','CONCILIACION','ConciliacionContable',NULL,'Consultó conciliación para fecha: 2025-11-03','null','{\"fecha\": \"2025-11-03\"}','127.0.0.1',NULL,NULL,NULL,'2025-11-04 10:38:14',NULL,'EXITOSO',NULL,NULL),(34,6,'María Fernanda López','maria.lopez@flujo.com','READ','CONCILIACION','ConciliacionContable',NULL,'Consultó conciliación para fecha: 2025-11-03','null','{\"fecha\": \"2025-11-03\"}','127.0.0.1',NULL,NULL,NULL,'2025-11-04 10:38:20',NULL,'EXITOSO',NULL,NULL),(35,6,'María Fernanda López','maria.lopez@flujo.com','READ','CONCILIACION','ConciliacionContable',NULL,'Consultó conciliación para fecha: 2025-11-04','null','{\"fecha\": \"2025-11-04\"}','127.0.0.1',NULL,NULL,NULL,'2025-11-04 10:38:24',NULL,'EXITOSO',NULL,NULL),(36,6,'María Fernanda López','maria.lopez@flujo.com','READ','CONCILIACION','ConciliacionContable',NULL,'Consultó conciliación para fecha: 2025-11-17','null','{\"fecha\": \"2025-11-17\"}','127.0.0.1',NULL,NULL,NULL,'2025-11-04 10:39:27',NULL,'EXITOSO',NULL,NULL),(37,6,'María Fernanda López','maria.lopez@flujo.com','READ','CONCILIACION','ConciliacionContable',NULL,'Consultó conciliación para fecha: 2025-11-04','null','{\"fecha\": \"2025-11-04\"}','127.0.0.1',NULL,NULL,NULL,'2025-11-04 10:39:30',NULL,'EXITOSO',NULL,NULL),(38,6,'María Fernanda López','maria.lopez@flujo.com','READ','CONCILIACION','ConciliacionContable',NULL,'Consultó conciliación para fecha: 2025-11-04','null','{\"fecha\": \"2025-11-04\"}','127.0.0.1',NULL,NULL,NULL,'2025-11-04 10:40:17',NULL,'EXITOSO',NULL,NULL),(39,6,'María Fernanda López','maria.lopez@flujo.com','READ','CONCILIACION','ConciliacionContable',NULL,'Consultó conciliación para fecha: 2025-11-04','null','{\"fecha\": \"2025-11-04\"}','127.0.0.1',NULL,NULL,NULL,'2025-11-04 10:41:01',NULL,'EXITOSO',NULL,NULL),(40,6,'María Fernanda López','maria.lopez@flujo.com','READ','CONCILIACION','ConciliacionContable',NULL,'Consultó conciliación para fecha: 2025-11-03','null','{\"fecha\": \"2025-11-03\"}','127.0.0.1',NULL,NULL,NULL,'2025-11-04 10:41:04',NULL,'EXITOSO',NULL,NULL),(41,6,'María Fernanda López','maria.lopez@flujo.com','READ','CONCILIACION','ConciliacionContable',NULL,'Consultó conciliación para fecha: 2025-11-04','null','{\"fecha\": \"2025-11-04\"}','127.0.0.1',NULL,NULL,NULL,'2025-11-04 10:41:07',NULL,'EXITOSO',NULL,NULL),(42,6,'María Fernanda López','maria.lopez@flujo.com','READ','CONCILIACION','ConciliacionContable',NULL,'Consultó conciliación para fecha: 2025-11-04','null','{\"fecha\": \"2025-11-04\"}','127.0.0.1',NULL,NULL,NULL,'2025-11-04 10:41:33',NULL,'EXITOSO',NULL,NULL),(43,5,'Carlos Andrés Gómez','carlos.gomez@flujo.com','CREATE','FLUJO_CAJA','Transacción','2025-11-04','CREATE transacción: PAGOS INTERCOMPAÑÍAS en BANCO DAVIVIENDA - N/A por $8','null','{\"valor\": 8.0}','127.0.0.1',NULL,NULL,NULL,'2025-11-04 10:41:58',NULL,'EXITOSO',NULL,NULL),(44,5,'Carlos Andrés Gómez','carlos.gomez@flujo.com','READ','CONCILIACION','ConciliacionContable',NULL,'Consultó conciliación para fecha: 2025-11-04','null','{\"fecha\": \"2025-11-04\"}','127.0.0.1',NULL,NULL,NULL,'2025-11-04 10:42:05',NULL,'EXITOSO',NULL,NULL),(45,5,'Carlos Andrés Gómez','carlos.gomez@flujo.com','READ','CONCILIACION','ConciliacionContable',NULL,'Consultó conciliación para fecha: 2025-11-04','null','{\"fecha\": \"2025-11-04\"}','127.0.0.1',NULL,NULL,NULL,'2025-11-04 10:42:24',NULL,'EXITOSO',NULL,NULL),(46,5,'Carlos Andrés Gómez','carlos.gomez@flujo.com','READ','CONCILIACION','ConciliacionContable',NULL,'Consultó conciliación para fecha: 2025-11-04','null','{\"fecha\": \"2025-11-04\"}','127.0.0.1',NULL,NULL,NULL,'2025-11-04 10:45:29',NULL,'EXITOSO',NULL,NULL),(47,5,'Carlos Andrés Gómez','carlos.gomez@flujo.com','READ','CONCILIACION','ConciliacionContable',NULL,'Consultó conciliación para fecha: 2025-11-04','null','{\"fecha\": \"2025-11-04\"}','127.0.0.1',NULL,NULL,NULL,'2025-11-04 10:47:34',NULL,'EXITOSO',NULL,NULL),(48,5,'Carlos Andrés Gómez','carlos.gomez@flujo.com','READ','CONCILIACION','ConciliacionContable',NULL,'Consultó conciliación para fecha: 2025-11-04','null','{\"fecha\": \"2025-11-04\"}','127.0.0.1',NULL,NULL,NULL,'2025-11-04 10:51:55',NULL,'EXITOSO',NULL,NULL),(49,6,'María Fernanda López','maria.lopez@flujo.com','READ','CONCILIACION','ConciliacionContable',NULL,'Consultó conciliación para fecha: 2025-11-04','null','{\"fecha\": \"2025-11-04\"}','127.0.0.1',NULL,NULL,NULL,'2025-11-04 10:54:51',NULL,'EXITOSO',NULL,NULL),(50,5,'Carlos Andrés Gómez','carlos.gomez@flujo.com','READ','CONCILIACION','ConciliacionContable',NULL,'Consultó conciliación para fecha: 2025-11-04','null','{\"fecha\": \"2025-11-04\"}','127.0.0.1',NULL,NULL,NULL,'2025-11-04 10:55:29',NULL,'EXITOSO',NULL,NULL),(51,5,'Carlos Andrés Gómez','carlos.gomez@flujo.com','CREATE','FLUJO_CAJA','Transacción','2025-11-04','CREATE transacción: PAGOS INTERCOMPAÑÍAS en BANCO DAVIVIENDA - N/A por $30','null','{\"valor\": 30.0}','127.0.0.1',NULL,NULL,NULL,'2025-11-04 10:55:41',NULL,'EXITOSO',NULL,NULL),(52,5,'Carlos Andrés Gómez','carlos.gomez@flujo.com','READ','CONCILIACION','ConciliacionContable',NULL,'Consultó conciliación para fecha: 2025-11-04','null','{\"fecha\": \"2025-11-04\"}','127.0.0.1',NULL,NULL,NULL,'2025-11-04 10:55:47',NULL,'EXITOSO',NULL,NULL),(53,5,'Carlos Andrés Gómez','carlos.gomez@flujo.com','UPDATE','CONCILIACION','ConciliacionContable','1','Actualizó total centralizadora: $25.00 para empresa 1','null','{\"fecha\": \"2025-11-04\", \"empresa_id\": 1, \"total_centralizadora\": \"25\"}','127.0.0.1',NULL,NULL,NULL,'2025-11-04 10:56:16',NULL,'EXITOSO',NULL,NULL),(54,5,'Carlos Andrés Gómez','carlos.gomez@flujo.com','READ','CONCILIACION','ConciliacionContable',NULL,'Consultó conciliación para fecha: 2025-11-04','null','{\"fecha\": \"2025-11-04\"}','127.0.0.1',NULL,NULL,NULL,'2025-11-04 10:56:16',NULL,'EXITOSO',NULL,NULL),(55,5,'Carlos Andrés Gómez','carlos.gomez@flujo.com','READ','CONCILIACION','ConciliacionContable',NULL,'Consultó conciliación para fecha: 2025-11-04','null','{\"fecha\": \"2025-11-04\"}','127.0.0.1',NULL,NULL,NULL,'2025-11-04 10:57:00',NULL,'EXITOSO',NULL,NULL),(56,5,'Carlos Andrés Gómez','carlos.gomez@flujo.com','READ','CONCILIACION','ConciliacionContable',NULL,'Consultó conciliación para fecha: 2025-11-04','null','{\"fecha\": \"2025-11-04\"}','127.0.0.1',NULL,NULL,NULL,'2025-11-04 11:02:39',NULL,'EXITOSO',NULL,NULL),(57,5,'Carlos Andrés Gómez','carlos.gomez@flujo.com','READ','CONCILIACION','ConciliacionContable',NULL,'Consultó conciliación para fecha: 2025-11-04','null','{\"fecha\": \"2025-11-04\"}','127.0.0.1',NULL,NULL,NULL,'2025-11-04 11:02:59',NULL,'EXITOSO',NULL,NULL),(58,5,'Carlos Andrés Gómez','carlos.gomez@flujo.com','READ','CONCILIACION','ConciliacionContable',NULL,'Consultó conciliación para fecha: 2025-11-04','null','{\"fecha\": \"2025-11-04\"}','127.0.0.1',NULL,NULL,NULL,'2025-11-04 11:05:22',NULL,'EXITOSO',NULL,NULL),(59,5,'Carlos Andrés Gómez','carlos.gomez@flujo.com','READ','CONCILIACION','ConciliacionContable',NULL,'Consultó conciliación para fecha: 2025-11-04','null','{\"fecha\": \"2025-11-04\"}','127.0.0.1',NULL,NULL,NULL,'2025-11-04 11:08:37',NULL,'EXITOSO',NULL,NULL),(60,5,'Carlos Andrés Gómez','carlos.gomez@flujo.com','READ','CONCILIACION','ConciliacionContable',NULL,'Consultó conciliación para fecha: 2025-11-04','null','{\"fecha\": \"2025-11-04\"}','127.0.0.1',NULL,NULL,NULL,'2025-11-04 11:13:24',NULL,'EXITOSO',NULL,NULL),(61,5,'Carlos Andrés Gómez','carlos.gomez@flujo.com','CREATE','FLUJO_CAJA','Transacción','2025-11-04','CREATE transacción: INGRESO en BANCO DAVIVIENDA - N/A por $36','null','{\"valor\": 36.0}','127.0.0.1',NULL,NULL,NULL,'2025-11-04 11:16:10',NULL,'EXITOSO',NULL,NULL),(62,5,'Carlos Andrés Gómez','carlos.gomez@flujo.com','READ','CONCILIACION','ConciliacionContable',NULL,'Consultó conciliación para fecha: 2025-11-04','null','{\"fecha\": \"2025-11-04\"}','127.0.0.1',NULL,NULL,NULL,'2025-11-04 11:16:14',NULL,'EXITOSO',NULL,NULL),(63,5,'Carlos Andrés Gómez','carlos.gomez@flujo.com','READ','CONCILIACION','ConciliacionContable',NULL,'Consultó conciliación para fecha: 2025-11-04','null','{\"fecha\": \"2025-11-04\"}','127.0.0.1',NULL,NULL,NULL,'2025-11-04 11:16:23',NULL,'EXITOSO',NULL,NULL),(64,5,'Carlos Andrés Gómez','carlos.gomez@flujo.com','CREATE','FLUJO_CAJA','Transacción','2025-11-04','CREATE transacción: PAGOS INTERCOMPAÑÍAS en BANCO DAVIVIENDA - N/A por $66','null','{\"valor\": 66.0}','127.0.0.1',NULL,NULL,NULL,'2025-11-04 11:16:31',NULL,'EXITOSO',NULL,NULL),(65,5,'Carlos Andrés Gómez','carlos.gomez@flujo.com','READ','CONCILIACION','ConciliacionContable',NULL,'Consultó conciliación para fecha: 2025-11-04','null','{\"fecha\": \"2025-11-04\"}','127.0.0.1',NULL,NULL,NULL,'2025-11-04 11:16:35',NULL,'EXITOSO',NULL,NULL),(66,6,'María Fernanda López','maria.lopez@flujo.com','READ','CONCILIACION','ConciliacionContable',NULL,'Consultó conciliación para fecha: 2025-11-04','null','{\"fecha\": \"2025-11-04\"}','127.0.0.1',NULL,NULL,NULL,'2025-11-04 11:38:02',NULL,'EXITOSO',NULL,NULL),(67,6,'María Fernanda López','maria.lopez@flujo.com','UPDATE','CONCILIACION','ConciliacionContable','2','Actualizó total centralizadora: $65.00 para empresa 2','null','{\"fecha\": \"2025-11-04\", \"empresa_id\": 2, \"total_centralizadora\": \"65\"}','127.0.0.1',NULL,NULL,NULL,'2025-11-04 11:39:10',NULL,'EXITOSO',NULL,NULL),(68,6,'María Fernanda López','maria.lopez@flujo.com','READ','CONCILIACION','ConciliacionContable',NULL,'Consultó conciliación para fecha: 2025-11-04','null','{\"fecha\": \"2025-11-04\"}','127.0.0.1',NULL,NULL,NULL,'2025-11-04 11:39:10',NULL,'EXITOSO',NULL,NULL),(69,6,'María Fernanda López','maria.lopez@flujo.com','UPDATE','CONCILIACION','ConciliacionContable','2','Actualizó total centralizadora: $67.00 para empresa 2','null','{\"fecha\": \"2025-11-04\", \"empresa_id\": 2, \"total_centralizadora\": \"67\"}','127.0.0.1',NULL,NULL,NULL,'2025-11-04 11:39:33',NULL,'EXITOSO',NULL,NULL),(70,6,'María Fernanda López','maria.lopez@flujo.com','READ','CONCILIACION','ConciliacionContable',NULL,'Consultó conciliación para fecha: 2025-11-04','null','{\"fecha\": \"2025-11-04\"}','127.0.0.1',NULL,NULL,NULL,'2025-11-04 11:39:33',NULL,'EXITOSO',NULL,NULL),(71,6,'María Fernanda López','maria.lopez@flujo.com','READ','CONCILIACION','ConciliacionContable',NULL,'Consultó conciliación para fecha: 2025-11-04','null','{\"fecha\": \"2025-11-04\"}','127.0.0.1',NULL,NULL,NULL,'2025-11-04 11:45:36',NULL,'EXITOSO',NULL,NULL),(72,6,'María Fernanda López','maria.lopez@flujo.com','READ','CONCILIACION','ConciliacionContable',NULL,'Consultó conciliación para fecha: 2025-11-04','null','{\"fecha\": \"2025-11-04\"}','127.0.0.1',NULL,NULL,NULL,'2025-11-04 13:20:48',NULL,'EXITOSO',NULL,NULL),(73,6,'María Fernanda López','maria.lopez@flujo.com','CREATE','FLUJO_CAJA','Transacción','2025-11-04','CREATE transacción: PAGOS INTERCOMPAÑÍAS en BANCO DAVIVIENDA - N/A por $25','null','{\"valor\": 25.0}','127.0.0.1',NULL,NULL,NULL,'2025-11-04 13:21:01',NULL,'EXITOSO',NULL,NULL),(74,6,'María Fernanda López','maria.lopez@flujo.com','READ','CONCILIACION','ConciliacionContable',NULL,'Consultó conciliación para fecha: 2025-11-04','null','{\"fecha\": \"2025-11-04\"}','127.0.0.1',NULL,NULL,NULL,'2025-11-04 13:21:03',NULL,'EXITOSO',NULL,NULL),(75,6,'María Fernanda López','maria.lopez@flujo.com','UPDATE','CONCILIACION','ConciliacionContable','3','Actualizó total centralizadora: $25.00 para empresa 3','null','{\"fecha\": \"2025-11-04\", \"empresa_id\": 3, \"total_centralizadora\": \"25\"}','127.0.0.1',NULL,NULL,NULL,'2025-11-04 13:21:10',NULL,'EXITOSO',NULL,NULL),(76,6,'María Fernanda López','maria.lopez@flujo.com','READ','CONCILIACION','ConciliacionContable',NULL,'Consultó conciliación para fecha: 2025-11-04','null','{\"fecha\": \"2025-11-04\"}','127.0.0.1',NULL,NULL,NULL,'2025-11-04 13:21:10',NULL,'EXITOSO',NULL,NULL),(77,6,'María Fernanda López','maria.lopez@flujo.com','READ','CONCILIACION','ConciliacionContable',NULL,'Consultó conciliación para fecha: 2025-11-04','null','{\"fecha\": \"2025-11-04\"}','127.0.0.1',NULL,NULL,NULL,'2025-11-04 13:21:55',NULL,'EXITOSO',NULL,NULL),(78,6,'María Fernanda López','maria.lopez@flujo.com','READ','CONCILIACION','ConciliacionContable',NULL,'Consultó conciliación para fecha: 2025-11-05','null','{\"fecha\": \"2025-11-05\"}','127.0.0.1',NULL,NULL,NULL,'2025-11-04 13:22:49',NULL,'EXITOSO',NULL,NULL),(79,6,'María Fernanda López','maria.lopez@flujo.com','READ','CONCILIACION','ConciliacionContable',NULL,'Consultó conciliación para fecha: 2025-11-04','null','{\"fecha\": \"2025-11-04\"}','127.0.0.1',NULL,NULL,NULL,'2025-11-04 13:23:00',NULL,'EXITOSO',NULL,NULL),(80,6,'María Fernanda López','maria.lopez@flujo.com','UPDATE','CONCILIACION','ConciliacionContable',NULL,'Evaluó todas las conciliaciones para fecha 2025-11-04','null','{\"fecha\": \"2025-11-04\", \"total_conciliaciones\": 3}','127.0.0.1',NULL,NULL,NULL,'2025-11-04 13:23:05',NULL,'EXITOSO',NULL,NULL),(81,6,'María Fernanda López','maria.lopez@flujo.com','READ','CONCILIACION','ConciliacionContable',NULL,'Consultó conciliación para fecha: 2025-11-04','null','{\"fecha\": \"2025-11-04\"}','127.0.0.1',NULL,NULL,NULL,'2025-11-04 13:23:05',NULL,'EXITOSO',NULL,NULL),(82,6,'María Fernanda López','maria.lopez@flujo.com','UPDATE','CONCILIACION','ConciliacionContable',NULL,'Cerró todas las conciliaciones para fecha 2025-11-04','null','{\"fecha\": \"2025-11-04\", \"total_confirmadas\": 3}','127.0.0.1',NULL,NULL,NULL,'2025-11-04 13:23:07',NULL,'EXITOSO',NULL,NULL),(83,6,'María Fernanda López','maria.lopez@flujo.com','READ','CONCILIACION','ConciliacionContable',NULL,'Consultó conciliación para fecha: 2025-11-04','null','{\"fecha\": \"2025-11-04\"}','127.0.0.1',NULL,NULL,NULL,'2025-11-04 13:23:07',NULL,'EXITOSO',NULL,NULL),(84,6,'María Fernanda López','maria.lopez@flujo.com','UPDATE','CONCILIACION','ConciliacionContable',NULL,'Evaluó todas las conciliaciones para fecha 2025-11-04','null','{\"fecha\": \"2025-11-04\", \"total_conciliaciones\": 3}','127.0.0.1',NULL,NULL,NULL,'2025-11-04 13:23:10',NULL,'EXITOSO',NULL,NULL),(85,6,'María Fernanda López','maria.lopez@flujo.com','READ','CONCILIACION','ConciliacionContable',NULL,'Consultó conciliación para fecha: 2025-11-04','null','{\"fecha\": \"2025-11-04\"}','127.0.0.1',NULL,NULL,NULL,'2025-11-04 13:23:10',NULL,'EXITOSO',NULL,NULL),(86,6,'María Fernanda López','maria.lopez@flujo.com','UPDATE','CONCILIACION','ConciliacionContable',NULL,'Cerró todas las conciliaciones para fecha 2025-11-04','null','{\"fecha\": \"2025-11-04\", \"total_confirmadas\": 3}','127.0.0.1',NULL,NULL,NULL,'2025-11-04 13:23:21',NULL,'EXITOSO',NULL,NULL),(87,6,'María Fernanda López','maria.lopez@flujo.com','READ','CONCILIACION','ConciliacionContable',NULL,'Consultó conciliación para fecha: 2025-11-04','null','{\"fecha\": \"2025-11-04\"}','127.0.0.1',NULL,NULL,NULL,'2025-11-04 13:23:21',NULL,'EXITOSO',NULL,NULL),(88,6,'María Fernanda López','maria.lopez@flujo.com','UPDATE','CONCILIACION','ConciliacionContable',NULL,'Evaluó todas las conciliaciones para fecha 2025-11-04','null','{\"fecha\": \"2025-11-04\", \"total_conciliaciones\": 3}','127.0.0.1',NULL,NULL,NULL,'2025-11-04 13:23:23',NULL,'EXITOSO',NULL,NULL),(89,6,'María Fernanda López','maria.lopez@flujo.com','READ','CONCILIACION','ConciliacionContable',NULL,'Consultó conciliación para fecha: 2025-11-04','null','{\"fecha\": \"2025-11-04\"}','127.0.0.1',NULL,NULL,NULL,'2025-11-04 13:23:23',NULL,'EXITOSO',NULL,NULL),(90,6,'María Fernanda López','maria.lopez@flujo.com','UPDATE','CONCILIACION','ConciliacionContable',NULL,'Cerró todas las conciliaciones para fecha 2025-11-04','null','{\"fecha\": \"2025-11-04\", \"total_confirmadas\": 3}','127.0.0.1',NULL,NULL,NULL,'2025-11-04 13:25:26',NULL,'EXITOSO',NULL,NULL),(91,6,'María Fernanda López','maria.lopez@flujo.com','READ','CONCILIACION','ConciliacionContable',NULL,'Consultó conciliación para fecha: 2025-11-04','null','{\"fecha\": \"2025-11-04\"}','127.0.0.1',NULL,NULL,NULL,'2025-11-04 13:25:26',NULL,'EXITOSO',NULL,NULL),(92,6,'María Fernanda López','maria.lopez@flujo.com','UPDATE','CONCILIACION','ConciliacionContable',NULL,'Evaluó todas las conciliaciones para fecha 2025-11-04','null','{\"fecha\": \"2025-11-04\", \"total_conciliaciones\": 3}','127.0.0.1',NULL,NULL,NULL,'2025-11-04 13:25:54',NULL,'EXITOSO',NULL,NULL),(93,6,'María Fernanda López','maria.lopez@flujo.com','READ','CONCILIACION','ConciliacionContable',NULL,'Consultó conciliación para fecha: 2025-11-04','null','{\"fecha\": \"2025-11-04\"}','127.0.0.1',NULL,NULL,NULL,'2025-11-04 13:25:54',NULL,'EXITOSO',NULL,NULL),(94,6,'María Fernanda López','maria.lopez@flujo.com','READ','CONCILIACION','ConciliacionContable',NULL,'Consultó conciliación para fecha: 2025-11-04','null','{\"fecha\": \"2025-11-04\"}','127.0.0.1',NULL,NULL,NULL,'2025-11-04 13:28:22',NULL,'EXITOSO',NULL,NULL),(95,6,'María Fernanda López','maria.lopez@flujo.com','READ','CONCILIACION','ConciliacionContable',NULL,'Consultó conciliación para fecha: 2025-11-04','null','{\"fecha\": \"2025-11-04\"}','127.0.0.1',NULL,NULL,NULL,'2025-11-04 13:29:48',NULL,'EXITOSO',NULL,NULL),(96,6,'María Fernanda López','maria.lopez@flujo.com','READ','CONCILIACION','ConciliacionContable',NULL,'Consultó conciliación para fecha: 2025-11-04','null','{\"fecha\": \"2025-11-04\"}','127.0.0.1',NULL,NULL,NULL,'2025-11-04 13:30:09',NULL,'EXITOSO',NULL,NULL),(97,6,'María Fernanda López','maria.lopez@flujo.com','READ','CONCILIACION','ConciliacionContable',NULL,'Consultó conciliación para fecha: 2025-11-04','null','{\"fecha\": \"2025-11-04\"}','127.0.0.1',NULL,NULL,NULL,'2025-11-04 13:30:26',NULL,'EXITOSO',NULL,NULL),(98,6,'María Fernanda López','maria.lopez@flujo.com','READ','CONCILIACION','ConciliacionContable',NULL,'Consultó conciliación para fecha: 2025-11-04','null','{\"fecha\": \"2025-11-04\"}','127.0.0.1',NULL,NULL,NULL,'2025-11-04 13:30:48',NULL,'EXITOSO',NULL,NULL),(99,6,'María Fernanda López','maria.lopez@flujo.com','READ','CONCILIACION','ConciliacionContable',NULL,'Consultó conciliación para fecha: 2025-11-04','null','{\"fecha\": \"2025-11-04\"}','127.0.0.1',NULL,NULL,NULL,'2025-11-04 13:31:59',NULL,'EXITOSO',NULL,NULL),(100,6,'María Fernanda López','maria.lopez@flujo.com','READ','CONCILIACION','ConciliacionContable',NULL,'Consultó conciliación para fecha: 2025-11-05','null','{\"fecha\": \"2025-11-05\"}','127.0.0.1',NULL,NULL,NULL,'2025-11-04 13:32:20',NULL,'EXITOSO',NULL,NULL),(101,6,'María Fernanda López','maria.lopez@flujo.com','READ','CONCILIACION','ConciliacionContable',NULL,'Consultó conciliación para fecha: 2025-11-04','null','{\"fecha\": \"2025-11-04\"}','127.0.0.1',NULL,NULL,NULL,'2025-11-04 13:32:31',NULL,'EXITOSO',NULL,NULL),(102,6,'María Fernanda López','maria.lopez@flujo.com','UPDATE','CONCILIACION','ConciliacionContable','1','Actualizó total centralizadora: $25.00 para empresa 1','null','{\"fecha\": \"2025-11-04\", \"empresa_id\": 1, \"total_centralizadora\": \"25.00\"}','127.0.0.1',NULL,NULL,NULL,'2025-11-04 13:34:35',NULL,'EXITOSO',NULL,NULL),(103,6,'María Fernanda López','maria.lopez@flujo.com','READ','CONCILIACION','ConciliacionContable',NULL,'Consultó conciliación para fecha: 2025-11-04','null','{\"fecha\": \"2025-11-04\"}','127.0.0.1',NULL,NULL,NULL,'2025-11-04 13:34:35',NULL,'EXITOSO',NULL,NULL),(104,6,'María Fernanda López','maria.lopez@flujo.com','READ','CONCILIACION','ConciliacionContable',NULL,'Consultó conciliación para fecha: 2025-11-04','null','{\"fecha\": \"2025-11-04\"}','127.0.0.1',NULL,NULL,NULL,'2025-11-04 13:36:18',NULL,'EXITOSO',NULL,NULL),(105,6,'María Fernanda López','maria.lopez@flujo.com','READ','CONCILIACION','ConciliacionContable',NULL,'Consultó conciliación para fecha: 2025-11-05','null','{\"fecha\": \"2025-11-05\"}','127.0.0.1',NULL,NULL,NULL,'2025-11-04 13:36:40',NULL,'EXITOSO',NULL,NULL),(106,6,'María Fernanda López','maria.lopez@flujo.com','UPDATE','CONCILIACION','ConciliacionContable',NULL,'Evaluó todas las conciliaciones para fecha 2025-11-05','null','{\"fecha\": \"2025-11-05\", \"total_conciliaciones\": 3}','127.0.0.1',NULL,NULL,NULL,'2025-11-04 13:36:44',NULL,'EXITOSO',NULL,NULL),(107,6,'María Fernanda López','maria.lopez@flujo.com','READ','CONCILIACION','ConciliacionContable',NULL,'Consultó conciliación para fecha: 2025-11-05','null','{\"fecha\": \"2025-11-05\"}','127.0.0.1',NULL,NULL,NULL,'2025-11-04 13:36:44',NULL,'EXITOSO',NULL,NULL),(108,6,'María Fernanda López','maria.lopez@flujo.com','UPDATE','CONCILIACION','ConciliacionContable',NULL,'Cerró todas las conciliaciones para fecha 2025-11-05','null','{\"fecha\": \"2025-11-05\", \"total_confirmadas\": 3}','127.0.0.1',NULL,NULL,NULL,'2025-11-04 13:36:45',NULL,'EXITOSO',NULL,NULL),(109,6,'María Fernanda López','maria.lopez@flujo.com','READ','CONCILIACION','ConciliacionContable',NULL,'Consultó conciliación para fecha: 2025-11-05','null','{\"fecha\": \"2025-11-05\"}','127.0.0.1',NULL,NULL,NULL,'2025-11-04 13:36:45',NULL,'EXITOSO',NULL,NULL),(110,6,'María Fernanda López','maria.lopez@flujo.com','UPDATE','CONCILIACION','ConciliacionContable',NULL,'Evaluó todas las conciliaciones para fecha 2025-11-05','null','{\"fecha\": \"2025-11-05\", \"total_conciliaciones\": 3}','127.0.0.1',NULL,NULL,NULL,'2025-11-04 13:36:47',NULL,'EXITOSO',NULL,NULL),(111,6,'María Fernanda López','maria.lopez@flujo.com','READ','CONCILIACION','ConciliacionContable',NULL,'Consultó conciliación para fecha: 2025-11-05','null','{\"fecha\": \"2025-11-05\"}','127.0.0.1',NULL,NULL,NULL,'2025-11-04 13:36:47',NULL,'EXITOSO',NULL,NULL),(112,6,'María Fernanda López','maria.lopez@flujo.com','READ','CONCILIACION','ConciliacionContable',NULL,'Consultó conciliación para fecha: 2025-11-05','null','{\"fecha\": \"2025-11-05\"}','127.0.0.1',NULL,NULL,NULL,'2025-11-04 13:37:35',NULL,'EXITOSO',NULL,NULL),(113,6,'María Fernanda López','maria.lopez@flujo.com','READ','CONCILIACION','ConciliacionContable',NULL,'Consultó conciliación para fecha: 2025-11-05','null','{\"fecha\": \"2025-11-05\"}','127.0.0.1',NULL,NULL,NULL,'2025-11-04 13:37:50',NULL,'EXITOSO',NULL,NULL),(114,6,'María Fernanda López','maria.lopez@flujo.com','READ','CONCILIACION','ConciliacionContable',NULL,'Consultó conciliación para fecha: 2025-11-04','null','{\"fecha\": \"2025-11-04\"}','127.0.0.1',NULL,NULL,NULL,'2025-11-04 13:38:11',NULL,'EXITOSO',NULL,NULL),(115,6,'María Fernanda López','maria.lopez@flujo.com','UPDATE','CONCILIACION','ConciliacionContable','1','Confirmó conciliación para empresa 1 en fecha 2025-11-04','null','{\"fecha\": \"2025-11-04\", \"estado\": \"Confirmado\", \"empresa_id\": 1}','127.0.0.1',NULL,NULL,NULL,'2025-11-04 13:38:13',NULL,'EXITOSO',NULL,NULL),(116,6,'María Fernanda López','maria.lopez@flujo.com','READ','CONCILIACION','ConciliacionContable',NULL,'Consultó conciliación para fecha: 2025-11-04','null','{\"fecha\": \"2025-11-04\"}','127.0.0.1',NULL,NULL,NULL,'2025-11-04 13:38:13',NULL,'EXITOSO',NULL,NULL),(117,6,'María Fernanda López','maria.lopez@flujo.com','UPDATE','CONCILIACION','ConciliacionContable','1','Cerró conciliación para empresa 1 en fecha 2025-11-04','null','{\"fecha\": \"2025-11-04\", \"estado\": \"Cerrado\", \"empresa_id\": 1}','127.0.0.1',NULL,NULL,NULL,'2025-11-04 13:38:14',NULL,'EXITOSO',NULL,NULL),(118,6,'María Fernanda López','maria.lopez@flujo.com','READ','CONCILIACION','ConciliacionContable',NULL,'Consultó conciliación para fecha: 2025-11-04','null','{\"fecha\": \"2025-11-04\"}','127.0.0.1',NULL,NULL,NULL,'2025-11-04 13:38:14',NULL,'EXITOSO',NULL,NULL),(119,6,'María Fernanda López','maria.lopez@flujo.com','READ','CONCILIACION','ConciliacionContable',NULL,'Consultó conciliación para fecha: 2025-11-04','null','{\"fecha\": \"2025-11-04\"}','127.0.0.1',NULL,NULL,NULL,'2025-11-04 13:39:22',NULL,'EXITOSO',NULL,NULL),(120,6,'María Fernanda López','maria.lopez@flujo.com','READ','CONCILIACION','ConciliacionContable',NULL,'Consultó conciliación para fecha: 2025-11-04','null','{\"fecha\": \"2025-11-04\"}','127.0.0.1',NULL,NULL,NULL,'2025-11-04 13:39:36',NULL,'EXITOSO',NULL,NULL),(121,6,'María Fernanda López','maria.lopez@flujo.com','READ','CONCILIACION','ConciliacionContable',NULL,'Consultó conciliación para fecha: 2025-11-04','null','{\"fecha\": \"2025-11-04\"}','127.0.0.1',NULL,NULL,NULL,'2025-11-04 13:39:48',NULL,'EXITOSO',NULL,NULL),(122,6,'María Fernanda López','maria.lopez@flujo.com','READ','CONCILIACION','ConciliacionContable',NULL,'Consultó conciliación para fecha: 2025-11-04','null','{\"fecha\": \"2025-11-04\"}','127.0.0.1',NULL,NULL,NULL,'2025-11-04 13:42:23',NULL,'EXITOSO',NULL,NULL),(123,6,'María Fernanda López','maria.lopez@flujo.com','UPDATE','CONCILIACION','ConciliacionContable','1','Evaluó conciliación para empresa 1 en fecha 2025-11-04','null','{\"fecha\": \"2025-11-04\", \"estado\": \"Evaluado\", \"empresa_id\": 1}','127.0.0.1',NULL,NULL,NULL,'2025-11-04 13:42:55',NULL,'EXITOSO',NULL,NULL),(124,6,'María Fernanda López','maria.lopez@flujo.com','READ','CONCILIACION','ConciliacionContable',NULL,'Consultó conciliación para fecha: 2025-11-04','null','{\"fecha\": \"2025-11-04\"}','127.0.0.1',NULL,NULL,NULL,'2025-11-04 13:42:55',NULL,'EXITOSO',NULL,NULL),(125,6,'María Fernanda López','maria.lopez@flujo.com','UPDATE','CONCILIACION','ConciliacionContable','1','Confirmó conciliación para empresa 1 en fecha 2025-11-04','null','{\"fecha\": \"2025-11-04\", \"estado\": \"Confirmado\", \"empresa_id\": 1}','127.0.0.1',NULL,NULL,NULL,'2025-11-04 13:44:08',NULL,'EXITOSO',NULL,NULL),(126,6,'María Fernanda López','maria.lopez@flujo.com','READ','CONCILIACION','ConciliacionContable',NULL,'Consultó conciliación para fecha: 2025-11-04','null','{\"fecha\": \"2025-11-04\"}','127.0.0.1',NULL,NULL,NULL,'2025-11-04 13:44:08',NULL,'EXITOSO',NULL,NULL),(127,6,'María Fernanda López','maria.lopez@flujo.com','READ','CONCILIACION','ConciliacionContable',NULL,'Consultó conciliación para fecha: 2025-11-04','null','{\"fecha\": \"2025-11-04\"}','127.0.0.1',NULL,NULL,NULL,'2025-11-04 13:46:35',NULL,'EXITOSO',NULL,NULL),(128,6,'María Fernanda López','maria.lopez@flujo.com','READ','CONCILIACION','ConciliacionContable',NULL,'Consultó conciliación para fecha: 2025-11-04','null','{\"fecha\": \"2025-11-04\"}','127.0.0.1',NULL,NULL,NULL,'2025-11-04 13:46:48',NULL,'EXITOSO',NULL,NULL),(129,6,'María Fernanda López','maria.lopez@flujo.com','UPDATE','CONCILIACION','ConciliacionContable','2','Confirmó conciliación para empresa 2 en fecha 2025-11-04','null','{\"fecha\": \"2025-11-04\", \"estado\": \"Confirmado\", \"empresa_id\": 2}','127.0.0.1',NULL,NULL,NULL,'2025-11-04 13:47:07',NULL,'EXITOSO',NULL,NULL),(130,6,'María Fernanda López','maria.lopez@flujo.com','READ','CONCILIACION','ConciliacionContable',NULL,'Consultó conciliación para fecha: 2025-11-04','null','{\"fecha\": \"2025-11-04\"}','127.0.0.1',NULL,NULL,NULL,'2025-11-04 13:47:07',NULL,'EXITOSO',NULL,NULL),(131,6,'María Fernanda López','maria.lopez@flujo.com','UPDATE','CONCILIACION','ConciliacionContable','3','Confirmó conciliación para empresa 3 en fecha 2025-11-04','null','{\"fecha\": \"2025-11-04\", \"estado\": \"Confirmado\", \"empresa_id\": 3}','127.0.0.1',NULL,NULL,NULL,'2025-11-04 13:47:21',NULL,'EXITOSO',NULL,NULL),(132,6,'María Fernanda López','maria.lopez@flujo.com','READ','CONCILIACION','ConciliacionContable',NULL,'Consultó conciliación para fecha: 2025-11-04','null','{\"fecha\": \"2025-11-04\"}','127.0.0.1',NULL,NULL,NULL,'2025-11-04 13:47:21',NULL,'EXITOSO',NULL,NULL),(133,6,'María Fernanda López','maria.lopez@flujo.com','READ','CONCILIACION','ConciliacionContable',NULL,'Consultó conciliación para fecha: 2025-11-05','null','{\"fecha\": \"2025-11-05\"}','127.0.0.1',NULL,NULL,NULL,'2025-11-04 13:47:29',NULL,'EXITOSO',NULL,NULL),(134,6,'María Fernanda López','maria.lopez@flujo.com','READ','CONCILIACION','ConciliacionContable',NULL,'Consultó conciliación para fecha: 2025-11-06','null','{\"fecha\": \"2025-11-06\"}','127.0.0.1',NULL,NULL,NULL,'2025-11-04 13:47:42',NULL,'EXITOSO',NULL,NULL),(135,6,'María Fernanda López','maria.lopez@flujo.com','READ','CONCILIACION','ConciliacionContable',NULL,'Consultó conciliación para fecha: 2025-11-05','null','{\"fecha\": \"2025-11-05\"}','127.0.0.1',NULL,NULL,NULL,'2025-11-04 13:47:48',NULL,'EXITOSO',NULL,NULL),(136,6,'María Fernanda López','maria.lopez@flujo.com','READ','CONCILIACION','ConciliacionContable',NULL,'Consultó conciliación para fecha: 2025-11-05','null','{\"fecha\": \"2025-11-05\"}','127.0.0.1',NULL,NULL,NULL,'2025-11-04 13:47:55',NULL,'EXITOSO',NULL,NULL),(137,6,'María Fernanda López','maria.lopez@flujo.com','READ','CONCILIACION','ConciliacionContable',NULL,'Consultó conciliación para fecha: 2025-11-05','null','{\"fecha\": \"2025-11-05\"}','127.0.0.1',NULL,NULL,NULL,'2025-11-04 13:47:56',NULL,'EXITOSO',NULL,NULL),(138,6,'María Fernanda López','maria.lopez@flujo.com','READ','CONCILIACION','ConciliacionContable',NULL,'Consultó conciliación para fecha: 2025-11-05','null','{\"fecha\": \"2025-11-05\"}','127.0.0.1',NULL,NULL,NULL,'2025-11-04 13:47:58',NULL,'EXITOSO',NULL,NULL),(139,6,'María Fernanda López','maria.lopez@flujo.com','READ','CONCILIACION','ConciliacionContable',NULL,'Consultó conciliación para fecha: 2025-11-05','null','{\"fecha\": \"2025-11-05\"}','127.0.0.1',NULL,NULL,NULL,'2025-11-04 13:47:58',NULL,'EXITOSO',NULL,NULL),(140,6,'María Fernanda López','maria.lopez@flujo.com','READ','CONCILIACION','ConciliacionContable',NULL,'Consultó conciliación para fecha: 2025-11-05','null','{\"fecha\": \"2025-11-05\"}','127.0.0.1',NULL,NULL,NULL,'2025-11-04 13:47:58',NULL,'EXITOSO',NULL,NULL),(141,6,'María Fernanda López','maria.lopez@flujo.com','READ','CONCILIACION','ConciliacionContable',NULL,'Consultó conciliación para fecha: 2025-11-05','null','{\"fecha\": \"2025-11-05\"}','127.0.0.1',NULL,NULL,NULL,'2025-11-04 13:47:59',NULL,'EXITOSO',NULL,NULL),(142,6,'María Fernanda López','maria.lopez@flujo.com','READ','CONCILIACION','ConciliacionContable',NULL,'Consultó conciliación para fecha: 2025-11-05','null','{\"fecha\": \"2025-11-05\"}','127.0.0.1',NULL,NULL,NULL,'2025-11-04 13:48:03',NULL,'EXITOSO',NULL,NULL),(143,6,'María Fernanda López','maria.lopez@flujo.com','READ','CONCILIACION','ConciliacionContable',NULL,'Consultó conciliación para fecha: 2025-11-05','null','{\"fecha\": \"2025-11-05\"}','127.0.0.1',NULL,NULL,NULL,'2025-11-04 13:48:07',NULL,'EXITOSO',NULL,NULL),(144,6,'María Fernanda López','maria.lopez@flujo.com','UPDATE','CONCILIACION','ConciliacionContable',NULL,'Cerró todas las conciliaciones para fecha 2025-11-05','null','{\"fecha\": \"2025-11-05\", \"total_confirmadas\": 3}','127.0.0.1',NULL,NULL,NULL,'2025-11-04 13:48:08',NULL,'EXITOSO',NULL,NULL),(145,6,'María Fernanda López','maria.lopez@flujo.com','READ','CONCILIACION','ConciliacionContable',NULL,'Consultó conciliación para fecha: 2025-11-05','null','{\"fecha\": \"2025-11-05\"}','127.0.0.1',NULL,NULL,NULL,'2025-11-04 13:48:08',NULL,'EXITOSO',NULL,NULL),(146,6,'María Fernanda López','maria.lopez@flujo.com','UPDATE','CONCILIACION','ConciliacionContable',NULL,'Evaluó todas las conciliaciones para fecha 2025-11-05','null','{\"fecha\": \"2025-11-05\", \"total_conciliaciones\": 3}','127.0.0.1',NULL,NULL,NULL,'2025-11-04 13:48:09',NULL,'EXITOSO',NULL,NULL),(147,6,'María Fernanda López','maria.lopez@flujo.com','READ','CONCILIACION','ConciliacionContable',NULL,'Consultó conciliación para fecha: 2025-11-05','null','{\"fecha\": \"2025-11-05\"}','127.0.0.1',NULL,NULL,NULL,'2025-11-04 13:48:09',NULL,'EXITOSO',NULL,NULL),(148,6,'María Fernanda López','maria.lopez@flujo.com','READ','CONCILIACION','ConciliacionContable',NULL,'Consultó conciliación para fecha: 2025-11-05','null','{\"fecha\": \"2025-11-05\"}','127.0.0.1',NULL,NULL,NULL,'2025-11-04 13:48:11',NULL,'EXITOSO',NULL,NULL),(149,6,'María Fernanda López','maria.lopez@flujo.com','READ','CONCILIACION','ConciliacionContable',NULL,'Consultó conciliación para fecha: 2025-11-05','null','{\"fecha\": \"2025-11-05\"}','127.0.0.1',NULL,NULL,NULL,'2025-11-04 13:48:12',NULL,'EXITOSO',NULL,NULL),(150,6,'María Fernanda López','maria.lopez@flujo.com','READ','CONCILIACION','ConciliacionContable',NULL,'Consultó conciliación para fecha: 2025-11-05','null','{\"fecha\": \"2025-11-05\"}','127.0.0.1',NULL,NULL,NULL,'2025-11-04 13:48:12',NULL,'EXITOSO',NULL,NULL),(151,6,'María Fernanda López','maria.lopez@flujo.com','READ','CONCILIACION','ConciliacionContable',NULL,'Consultó conciliación para fecha: 2025-11-05','null','{\"fecha\": \"2025-11-05\"}','127.0.0.1',NULL,NULL,NULL,'2025-11-04 13:48:14',NULL,'EXITOSO',NULL,NULL),(152,6,'María Fernanda López','maria.lopez@flujo.com','READ','CONCILIACION','ConciliacionContable',NULL,'Consultó conciliación para fecha: 2025-11-05','null','{\"fecha\": \"2025-11-05\"}','127.0.0.1',NULL,NULL,NULL,'2025-11-04 13:48:14',NULL,'EXITOSO',NULL,NULL),(153,6,'María Fernanda López','maria.lopez@flujo.com','READ','CONCILIACION','ConciliacionContable',NULL,'Consultó conciliación para fecha: 2025-11-05','null','{\"fecha\": \"2025-11-05\"}','127.0.0.1',NULL,NULL,NULL,'2025-11-04 13:48:14',NULL,'EXITOSO',NULL,NULL),(154,6,'María Fernanda López','maria.lopez@flujo.com','READ','CONCILIACION','ConciliacionContable',NULL,'Consultó conciliación para fecha: 2025-11-05','null','{\"fecha\": \"2025-11-05\"}','127.0.0.1',NULL,NULL,NULL,'2025-11-04 13:48:15',NULL,'EXITOSO',NULL,NULL),(155,6,'María Fernanda López','maria.lopez@flujo.com','READ','CONCILIACION','ConciliacionContable',NULL,'Consultó conciliación para fecha: 2025-11-07','null','{\"fecha\": \"2025-11-07\"}','127.0.0.1',NULL,NULL,NULL,'2025-11-04 13:48:17',NULL,'EXITOSO',NULL,NULL),(156,6,'María Fernanda López','maria.lopez@flujo.com','UPDATE','CONCILIACION','ConciliacionContable','22','Actualizó total centralizadora: $52.00 para empresa 19','null','{\"fecha\": \"2025-11-07\", \"empresa_id\": 19, \"total_centralizadora\": \"52\"}','127.0.0.1',NULL,NULL,NULL,'2025-11-04 13:48:26',NULL,'EXITOSO',NULL,NULL),(157,6,'María Fernanda López','maria.lopez@flujo.com','READ','CONCILIACION','ConciliacionContable',NULL,'Consultó conciliación para fecha: 2025-11-07','null','{\"fecha\": \"2025-11-07\"}','127.0.0.1',NULL,NULL,NULL,'2025-11-04 13:48:26',NULL,'EXITOSO',NULL,NULL),(158,6,'María Fernanda López','maria.lopez@flujo.com','READ','CONCILIACION','ConciliacionContable',NULL,'Consultó conciliación para fecha: 2025-11-04','null','{\"fecha\": \"2025-11-04\"}','127.0.0.1',NULL,NULL,NULL,'2025-11-04 13:48:54',NULL,'EXITOSO',NULL,NULL),(159,6,'María Fernanda López','maria.lopez@flujo.com','READ','CONCILIACION','ConciliacionContable',NULL,'Consultó conciliación para fecha: 2025-11-05','null','{\"fecha\": \"2025-11-05\"}','127.0.0.1',NULL,NULL,NULL,'2025-11-04 13:48:59',NULL,'EXITOSO',NULL,NULL),(160,6,'María Fernanda López','maria.lopez@flujo.com','READ','CONCILIACION','ConciliacionContable',NULL,'Consultó conciliación para fecha: 2025-11-05','null','{\"fecha\": \"2025-11-05\"}','127.0.0.1',NULL,NULL,NULL,'2025-11-04 13:48:59',NULL,'EXITOSO',NULL,NULL),(161,6,'María Fernanda López','maria.lopez@flujo.com','READ','CONCILIACION','ConciliacionContable',NULL,'Consultó conciliación para fecha: 2025-11-05','null','{\"fecha\": \"2025-11-05\"}','127.0.0.1',NULL,NULL,NULL,'2025-11-04 13:49:00',NULL,'EXITOSO',NULL,NULL),(162,6,'María Fernanda López','maria.lopez@flujo.com','READ','CONCILIACION','ConciliacionContable',NULL,'Consultó conciliación para fecha: 2025-11-05','null','{\"fecha\": \"2025-11-05\"}','127.0.0.1',NULL,NULL,NULL,'2025-11-04 13:49:00',NULL,'EXITOSO',NULL,NULL),(163,6,'María Fernanda López','maria.lopez@flujo.com','READ','CONCILIACION','ConciliacionContable',NULL,'Consultó conciliación para fecha: 2025-11-05','null','{\"fecha\": \"2025-11-05\"}','127.0.0.1',NULL,NULL,NULL,'2025-11-04 13:49:00',NULL,'EXITOSO',NULL,NULL),(164,6,'María Fernanda López','maria.lopez@flujo.com','READ','CONCILIACION','ConciliacionContable',NULL,'Consultó conciliación para fecha: 2025-11-05','null','{\"fecha\": \"2025-11-05\"}','127.0.0.1',NULL,NULL,NULL,'2025-11-04 13:49:01',NULL,'EXITOSO',NULL,NULL),(165,6,'María Fernanda López','maria.lopez@flujo.com','UPDATE','CONCILIACION','ConciliacionContable',NULL,'Evaluó todas las conciliaciones para fecha 2025-11-05','null','{\"fecha\": \"2025-11-05\", \"total_conciliaciones\": 3}','127.0.0.1',NULL,NULL,NULL,'2025-11-04 13:49:04',NULL,'EXITOSO',NULL,NULL),(166,6,'María Fernanda López','maria.lopez@flujo.com','READ','CONCILIACION','ConciliacionContable',NULL,'Consultó conciliación para fecha: 2025-11-05','null','{\"fecha\": \"2025-11-05\"}','127.0.0.1',NULL,NULL,NULL,'2025-11-04 13:49:04',NULL,'EXITOSO',NULL,NULL),(167,6,'María Fernanda López','maria.lopez@flujo.com','READ','CONCILIACION','ConciliacionContable',NULL,'Consultó conciliación para fecha: 2025-11-05','null','{\"fecha\": \"2025-11-05\"}','127.0.0.1',NULL,NULL,NULL,'2025-11-04 13:49:07',NULL,'EXITOSO',NULL,NULL),(168,6,'María Fernanda López','maria.lopez@flujo.com','READ','CONCILIACION','ConciliacionContable',NULL,'Consultó conciliación para fecha: 2025-11-05','null','{\"fecha\": \"2025-11-05\"}','127.0.0.1',NULL,NULL,NULL,'2025-11-04 13:49:08',NULL,'EXITOSO',NULL,NULL),(169,6,'María Fernanda López','maria.lopez@flujo.com','READ','CONCILIACION','ConciliacionContable',NULL,'Consultó conciliación para fecha: 2025-11-05','null','{\"fecha\": \"2025-11-05\"}','127.0.0.1',NULL,NULL,NULL,'2025-11-04 13:49:08',NULL,'EXITOSO',NULL,NULL),(170,6,'María Fernanda López','maria.lopez@flujo.com','READ','CONCILIACION','ConciliacionContable',NULL,'Consultó conciliación para fecha: 2025-11-05','null','{\"fecha\": \"2025-11-05\"}','127.0.0.1',NULL,NULL,NULL,'2025-11-04 13:49:08',NULL,'EXITOSO',NULL,NULL),(171,6,'María Fernanda López','maria.lopez@flujo.com','READ','CONCILIACION','ConciliacionContable',NULL,'Consultó conciliación para fecha: 2025-11-05','null','{\"fecha\": \"2025-11-05\"}','127.0.0.1',NULL,NULL,NULL,'2025-11-04 13:49:09',NULL,'EXITOSO',NULL,NULL),(172,6,'María Fernanda López','maria.lopez@flujo.com','READ','CONCILIACION','ConciliacionContable',NULL,'Consultó conciliación para fecha: 2025-11-04','null','{\"fecha\": \"2025-11-04\"}','127.0.0.1',NULL,NULL,NULL,'2025-11-04 13:49:13',NULL,'EXITOSO',NULL,NULL),(173,6,'María Fernanda López','maria.lopez@flujo.com','UPDATE','CONCILIACION','ConciliacionContable','1','Cerró conciliación para empresa 1 en fecha 2025-11-04','null','{\"fecha\": \"2025-11-04\", \"estado\": \"Cerrado\", \"empresa_id\": 1}','127.0.0.1',NULL,NULL,NULL,'2025-11-04 13:49:16',NULL,'EXITOSO',NULL,NULL),(174,6,'María Fernanda López','maria.lopez@flujo.com','READ','CONCILIACION','ConciliacionContable',NULL,'Consultó conciliación para fecha: 2025-11-04','null','{\"fecha\": \"2025-11-04\"}','127.0.0.1',NULL,NULL,NULL,'2025-11-04 13:49:16',NULL,'EXITOSO',NULL,NULL),(175,6,'María Fernanda López','maria.lopez@flujo.com','READ','CONCILIACION','ConciliacionContable',NULL,'Consultó conciliación para fecha: 2025-11-05','null','{\"fecha\": \"2025-11-05\"}','127.0.0.1',NULL,NULL,NULL,'2025-11-04 13:49:20',NULL,'EXITOSO',NULL,NULL),(176,6,'María Fernanda López','maria.lopez@flujo.com','READ','CONCILIACION','ConciliacionContable',NULL,'Consultó conciliación para fecha: 2025-11-05','null','{\"fecha\": \"2025-11-05\"}','127.0.0.1',NULL,NULL,NULL,'2025-11-04 13:49:21',NULL,'EXITOSO',NULL,NULL),(177,6,'María Fernanda López','maria.lopez@flujo.com','READ','CONCILIACION','ConciliacionContable',NULL,'Consultó conciliación para fecha: 2025-11-05','null','{\"fecha\": \"2025-11-05\"}','127.0.0.1',NULL,NULL,NULL,'2025-11-04 13:49:21',NULL,'EXITOSO',NULL,NULL),(178,6,'María Fernanda López','maria.lopez@flujo.com','READ','CONCILIACION','ConciliacionContable',NULL,'Consultó conciliación para fecha: 2025-11-05','null','{\"fecha\": \"2025-11-05\"}','127.0.0.1',NULL,NULL,NULL,'2025-11-04 13:49:22',NULL,'EXITOSO',NULL,NULL),(179,6,'María Fernanda López','maria.lopez@flujo.com','READ','CONCILIACION','ConciliacionContable',NULL,'Consultó conciliación para fecha: 2025-11-04','null','{\"fecha\": \"2025-11-04\"}','127.0.0.1',NULL,NULL,NULL,'2025-11-04 13:49:24',NULL,'EXITOSO',NULL,NULL),(180,6,'María Fernanda López','maria.lopez@flujo.com','READ','CONCILIACION','ConciliacionContable',NULL,'Consultó conciliación para fecha: 2025-11-06','null','{\"fecha\": \"2025-11-06\"}','127.0.0.1',NULL,NULL,NULL,'2025-11-04 13:49:55',NULL,'EXITOSO',NULL,NULL),(181,6,'María Fernanda López','maria.lopez@flujo.com','READ','CONCILIACION','ConciliacionContable',NULL,'Consultó conciliación para fecha: 2025-11-05','null','{\"fecha\": \"2025-11-05\"}','127.0.0.1',NULL,NULL,NULL,'2025-11-04 13:50:01',NULL,'EXITOSO',NULL,NULL),(182,6,'María Fernanda López','maria.lopez@flujo.com','READ','CONCILIACION','ConciliacionContable',NULL,'Consultó conciliación para fecha: 2025-11-04','null','{\"fecha\": \"2025-11-04\"}','127.0.0.1',NULL,NULL,NULL,'2025-11-04 13:50:04',NULL,'EXITOSO',NULL,NULL),(183,6,'María Fernanda López','maria.lopez@flujo.com','READ','CONCILIACION','ConciliacionContable',NULL,'Consultó conciliación para fecha: 2025-11-05','null','{\"fecha\": \"2025-11-05\"}','127.0.0.1',NULL,NULL,NULL,'2025-11-04 13:50:36',NULL,'EXITOSO',NULL,NULL),(184,6,'María Fernanda López','maria.lopez@flujo.com','READ','CONCILIACION','ConciliacionContable',NULL,'Consultó conciliación para fecha: 2025-11-05','null','{\"fecha\": \"2025-11-05\"}','127.0.0.1',NULL,NULL,NULL,'2025-11-04 13:50:37',NULL,'EXITOSO',NULL,NULL),(185,6,'María Fernanda López','maria.lopez@flujo.com','READ','CONCILIACION','ConciliacionContable',NULL,'Consultó conciliación para fecha: 2025-11-04','null','{\"fecha\": \"2025-11-04\"}','127.0.0.1',NULL,NULL,NULL,'2025-11-04 13:52:30',NULL,'EXITOSO',NULL,NULL),(186,6,'María Fernanda López','maria.lopez@flujo.com','READ','CONCILIACION','ConciliacionContable',NULL,'Consultó conciliación para fecha: 2025-11-05','null','{\"fecha\": \"2025-11-05\"}','127.0.0.1',NULL,NULL,NULL,'2025-11-04 13:52:36',NULL,'EXITOSO',NULL,NULL),(187,6,'María Fernanda López','maria.lopez@flujo.com','READ','CONCILIACION','ConciliacionContable',NULL,'Consultó conciliación para fecha: 2025-11-05','null','{\"fecha\": \"2025-11-05\"}','127.0.0.1',NULL,NULL,NULL,'2025-11-04 13:52:38',NULL,'EXITOSO',NULL,NULL),(188,6,'María Fernanda López','maria.lopez@flujo.com','READ','CONCILIACION','ConciliacionContable',NULL,'Consultó conciliación para fecha: 2025-11-05','null','{\"fecha\": \"2025-11-05\"}','127.0.0.1',NULL,NULL,NULL,'2025-11-04 13:52:39',NULL,'EXITOSO',NULL,NULL),(189,6,'María Fernanda López','maria.lopez@flujo.com','READ','CONCILIACION','ConciliacionContable',NULL,'Consultó conciliación para fecha: 2025-11-05','null','{\"fecha\": \"2025-11-05\"}','127.0.0.1',NULL,NULL,NULL,'2025-11-04 13:52:39',NULL,'EXITOSO',NULL,NULL),(190,6,'María Fernanda López','maria.lopez@flujo.com','READ','CONCILIACION','ConciliacionContable',NULL,'Consultó conciliación para fecha: 2025-11-06','null','{\"fecha\": \"2025-11-06\"}','127.0.0.1',NULL,NULL,NULL,'2025-11-04 13:52:44',NULL,'EXITOSO',NULL,NULL),(191,6,'María Fernanda López','maria.lopez@flujo.com','READ','CONCILIACION','ConciliacionContable',NULL,'Consultó conciliación para fecha: 2025-11-07','null','{\"fecha\": \"2025-11-07\"}','127.0.0.1',NULL,NULL,NULL,'2025-11-04 13:52:47',NULL,'EXITOSO',NULL,NULL),(192,6,'María Fernanda López','maria.lopez@flujo.com','READ','CONCILIACION','ConciliacionContable',NULL,'Consultó conciliación para fecha: 2025-11-04','null','{\"fecha\": \"2025-11-04\"}','127.0.0.1',NULL,NULL,NULL,'2025-11-04 13:52:53',NULL,'EXITOSO',NULL,NULL),(193,6,'María Fernanda López','maria.lopez@flujo.com','READ','CONCILIACION','ConciliacionContable',NULL,'Consultó conciliación para fecha: 2025-11-04','null','{\"fecha\": \"2025-11-04\"}','127.0.0.1',NULL,NULL,NULL,'2025-11-04 13:53:42',NULL,'EXITOSO',NULL,NULL),(194,6,'María Fernanda López','maria.lopez@flujo.com','CREATE','FLUJO_CAJA','Transacción','2025-11-04','CREATE transacción: PAGOS INTERCOMPAÑÍAS en BANCO DAVIVIENDA - N/A por $20','null','{\"valor\": 20.0}','127.0.0.1',NULL,NULL,NULL,'2025-11-04 13:53:50',NULL,'EXITOSO',NULL,NULL),(195,6,'María Fernanda López','maria.lopez@flujo.com','READ','CONCILIACION','ConciliacionContable',NULL,'Consultó conciliación para fecha: 2025-11-04','null','{\"fecha\": \"2025-11-04\"}','127.0.0.1',NULL,NULL,NULL,'2025-11-04 13:53:54',NULL,'EXITOSO',NULL,NULL),(196,6,'María Fernanda López','maria.lopez@flujo.com','UPDATE','CONCILIACION','ConciliacionContable','1','Actualizó total centralizadora: $35.00 para empresa 1','null','{\"fecha\": \"2025-11-04\", \"empresa_id\": 1, \"total_centralizadora\": \"35\"}','127.0.0.1',NULL,NULL,NULL,'2025-11-04 13:54:16',NULL,'EXITOSO',NULL,NULL),(197,6,'María Fernanda López','maria.lopez@flujo.com','READ','CONCILIACION','ConciliacionContable',NULL,'Consultó conciliación para fecha: 2025-11-04','null','{\"fecha\": \"2025-11-04\"}','127.0.0.1',NULL,NULL,NULL,'2025-11-04 13:54:16',NULL,'EXITOSO',NULL,NULL),(198,6,'María Fernanda López','maria.lopez@flujo.com','UPDATE','CONCILIACION','ConciliacionContable','1','Confirmó conciliación para empresa 1 en fecha 2025-11-04','null','{\"fecha\": \"2025-11-04\", \"estado\": \"Confirmado\", \"empresa_id\": 1}','127.0.0.1',NULL,NULL,NULL,'2025-11-04 13:54:21',NULL,'EXITOSO',NULL,NULL),(199,6,'María Fernanda López','maria.lopez@flujo.com','READ','CONCILIACION','ConciliacionContable',NULL,'Consultó conciliación para fecha: 2025-11-04','null','{\"fecha\": \"2025-11-04\"}','127.0.0.1',NULL,NULL,NULL,'2025-11-04 13:54:21',NULL,'EXITOSO',NULL,NULL),(200,6,'María Fernanda López','maria.lopez@flujo.com','READ','CONCILIACION','ConciliacionContable',NULL,'Consultó conciliación para fecha: 2025-11-04','null','{\"fecha\": \"2025-11-04\"}','127.0.0.1',NULL,NULL,NULL,'2025-11-04 13:56:17',NULL,'EXITOSO',NULL,NULL),(201,6,'María Fernanda López','maria.lopez@flujo.com','UPDATE','CONCILIACION','ConciliacionContable','1','Cerró conciliación para empresa 1 en fecha 2025-11-04','null','{\"fecha\": \"2025-11-04\", \"estado\": \"Cerrado\", \"empresa_id\": 1}','127.0.0.1',NULL,NULL,NULL,'2025-11-04 13:56:54',NULL,'EXITOSO',NULL,NULL),(202,6,'María Fernanda López','maria.lopez@flujo.com','READ','CONCILIACION','ConciliacionContable',NULL,'Consultó conciliación para fecha: 2025-11-04','null','{\"fecha\": \"2025-11-04\"}','127.0.0.1',NULL,NULL,NULL,'2025-11-04 13:56:54',NULL,'EXITOSO',NULL,NULL),(203,6,'María Fernanda López','maria.lopez@flujo.com','UPDATE','CONCILIACION','ConciliacionContable','2','Actualizó total centralizadora: $15.00 para empresa 2','null','{\"fecha\": \"2025-11-04\", \"empresa_id\": 2, \"total_centralizadora\": \"15\"}','127.0.0.1',NULL,NULL,NULL,'2025-11-04 13:57:25',NULL,'EXITOSO',NULL,NULL),(204,6,'María Fernanda López','maria.lopez@flujo.com','READ','CONCILIACION','ConciliacionContable',NULL,'Consultó conciliación para fecha: 2025-11-04','null','{\"fecha\": \"2025-11-04\"}','127.0.0.1',NULL,NULL,NULL,'2025-11-04 13:57:25',NULL,'EXITOSO',NULL,NULL),(205,6,'María Fernanda López','maria.lopez@flujo.com','UPDATE','CONCILIACION','ConciliacionContable','2','Confirmó conciliación para empresa 2 en fecha 2025-11-04','null','{\"fecha\": \"2025-11-04\", \"estado\": \"Confirmado\", \"empresa_id\": 2}','127.0.0.1',NULL,NULL,NULL,'2025-11-04 13:57:59',NULL,'EXITOSO',NULL,NULL),(206,6,'María Fernanda López','maria.lopez@flujo.com','READ','CONCILIACION','ConciliacionContable',NULL,'Consultó conciliación para fecha: 2025-11-04','null','{\"fecha\": \"2025-11-04\"}','127.0.0.1',NULL,NULL,NULL,'2025-11-04 13:57:59',NULL,'EXITOSO',NULL,NULL),(207,6,'María Fernanda López','maria.lopez@flujo.com','READ','CONCILIACION','ConciliacionContable',NULL,'Consultó conciliación para fecha: 2025-11-04','null','{\"fecha\": \"2025-11-04\"}','127.0.0.1',NULL,NULL,NULL,'2025-11-04 14:00:58',NULL,'EXITOSO',NULL,NULL),(208,6,'María Fernanda López','maria.lopez@flujo.com','READ','CONCILIACION','ConciliacionContable',NULL,'Consultó conciliación para fecha: 2025-11-04','null','{\"fecha\": \"2025-11-04\"}','127.0.0.1',NULL,NULL,NULL,'2025-11-04 14:02:55',NULL,'EXITOSO',NULL,NULL),(209,6,'María Fernanda López','maria.lopez@flujo.com','READ','CONCILIACION','ConciliacionContable',NULL,'Consultó conciliación para fecha: 2025-11-04','null','{\"fecha\": \"2025-11-04\"}','127.0.0.1',NULL,NULL,NULL,'2025-11-04 14:03:14',NULL,'EXITOSO',NULL,NULL),(210,6,'María Fernanda López','maria.lopez@flujo.com','READ','CONCILIACION','ConciliacionContable',NULL,'Consultó conciliación para fecha: 2025-11-04','null','{\"fecha\": \"2025-11-04\"}','127.0.0.1',NULL,NULL,NULL,'2025-11-04 14:03:23',NULL,'EXITOSO',NULL,NULL),(211,6,'María Fernanda López','maria.lopez@flujo.com','READ','CONCILIACION','ConciliacionContable',NULL,'Consultó conciliación para fecha: 2025-11-04','null','{\"fecha\": \"2025-11-04\"}','127.0.0.1',NULL,NULL,NULL,'2025-11-04 14:03:33',NULL,'EXITOSO',NULL,NULL),(212,6,'María Fernanda López','maria.lopez@flujo.com','READ','CONCILIACION','ConciliacionContable',NULL,'Consultó conciliación para fecha: 2025-11-04','null','{\"fecha\": \"2025-11-04\"}','127.0.0.1',NULL,NULL,NULL,'2025-11-04 14:03:45',NULL,'EXITOSO',NULL,NULL),(213,6,'María Fernanda López','maria.lopez@flujo.com','READ','CONCILIACION','ConciliacionContable',NULL,'Consultó conciliación para fecha: 2025-11-04','null','{\"fecha\": \"2025-11-04\"}','127.0.0.1',NULL,NULL,NULL,'2025-11-04 14:03:58',NULL,'EXITOSO',NULL,NULL),(214,6,'María Fernanda López','maria.lopez@flujo.com','READ','CONCILIACION','ConciliacionContable',NULL,'Consultó conciliación para fecha: 2025-11-04','null','{\"fecha\": \"2025-11-04\"}','127.0.0.1',NULL,NULL,NULL,'2025-11-04 14:04:17',NULL,'EXITOSO',NULL,NULL),(215,6,'María Fernanda López','maria.lopez@flujo.com','UPDATE','CONCILIACION','ConciliacionContable','1','Confirmó conciliación para empresa 1 en fecha 2025-11-04','null','{\"fecha\": \"2025-11-04\", \"estado\": \"Confirmado\", \"empresa_id\": 1}','127.0.0.1',NULL,NULL,NULL,'2025-11-04 14:07:42',NULL,'EXITOSO',NULL,NULL),(216,6,'María Fernanda López','maria.lopez@flujo.com','READ','CONCILIACION','ConciliacionContable',NULL,'Consultó conciliación para fecha: 2025-11-04','null','{\"fecha\": \"2025-11-04\"}','127.0.0.1',NULL,NULL,NULL,'2025-11-04 14:07:42',NULL,'EXITOSO',NULL,NULL),(217,6,'María Fernanda López','maria.lopez@flujo.com','UPDATE','CONCILIACION','ConciliacionContable','1','Cerró conciliación para empresa 1 en fecha 2025-11-04','null','{\"fecha\": \"2025-11-04\", \"estado\": \"Cerrado\", \"empresa_id\": 1}','127.0.0.1',NULL,NULL,NULL,'2025-11-04 14:07:47',NULL,'EXITOSO',NULL,NULL),(218,6,'María Fernanda López','maria.lopez@flujo.com','READ','CONCILIACION','ConciliacionContable',NULL,'Consultó conciliación para fecha: 2025-11-04','null','{\"fecha\": \"2025-11-04\"}','127.0.0.1',NULL,NULL,NULL,'2025-11-04 14:07:47',NULL,'EXITOSO',NULL,NULL),(219,6,'María Fernanda López','maria.lopez@flujo.com','UPDATE','CONCILIACION','ConciliacionContable','1','Confirmó conciliación para empresa 1 en fecha 2025-11-04','null','{\"fecha\": \"2025-11-04\", \"estado\": \"Confirmado\", \"empresa_id\": 1}','127.0.0.1',NULL,NULL,NULL,'2025-11-04 14:07:56',NULL,'EXITOSO',NULL,NULL),(220,6,'María Fernanda López','maria.lopez@flujo.com','READ','CONCILIACION','ConciliacionContable',NULL,'Consultó conciliación para fecha: 2025-11-04','null','{\"fecha\": \"2025-11-04\"}','127.0.0.1',NULL,NULL,NULL,'2025-11-04 14:07:56',NULL,'EXITOSO',NULL,NULL),(221,6,'María Fernanda López','maria.lopez@flujo.com','READ','CONCILIACION','ConciliacionContable',NULL,'Consultó conciliación para fecha: 2025-11-04','null','{\"fecha\": \"2025-11-04\"}','127.0.0.1',NULL,NULL,NULL,'2025-11-04 14:25:27',NULL,'EXITOSO',NULL,NULL),(222,6,'María Fernanda López','maria.lopez@flujo.com','READ','CONCILIACION','ConciliacionContable',NULL,'Consultó conciliación para fecha: 2025-11-04','null','{\"fecha\": \"2025-11-04\"}','127.0.0.1',NULL,NULL,NULL,'2025-11-04 14:41:57',NULL,'EXITOSO',NULL,NULL),(223,5,'Carlos Andrés Gómez','carlos.gomez@flujo.com','READ','CONCILIACION','ConciliacionContable',NULL,'Consultó conciliación para fecha: 2025-11-04','null','{\"fecha\": \"2025-11-04\"}','127.0.0.1',NULL,NULL,NULL,'2025-11-04 16:21:33',NULL,'EXITOSO',NULL,NULL),(224,5,'Carlos Andrés Gómez','carlos.gomez@flujo.com','UPDATE','CONCILIACION','ConciliacionContable','2','Cerró conciliación para empresa 2 en fecha 2025-11-04','null','{\"fecha\": \"2025-11-04\", \"estado\": \"Cerrado\", \"empresa_id\": 2}','127.0.0.1',NULL,NULL,NULL,'2025-11-04 16:21:36',NULL,'EXITOSO',NULL,NULL),(225,5,'Carlos Andrés Gómez','carlos.gomez@flujo.com','READ','CONCILIACION','ConciliacionContable',NULL,'Consultó conciliación para fecha: 2025-11-04','null','{\"fecha\": \"2025-11-04\"}','127.0.0.1',NULL,NULL,NULL,'2025-11-04 16:21:37',NULL,'EXITOSO',NULL,NULL),(226,5,'Carlos Andrés Gómez','carlos.gomez@flujo.com','UPDATE','CONCILIACION','ConciliacionContable','2','Confirmó conciliación para empresa 2 en fecha 2025-11-04','null','{\"fecha\": \"2025-11-04\", \"estado\": \"Confirmado\", \"empresa_id\": 2}','127.0.0.1',NULL,NULL,NULL,'2025-11-04 16:21:39',NULL,'EXITOSO',NULL,NULL),(227,5,'Carlos Andrés Gómez','carlos.gomez@flujo.com','READ','CONCILIACION','ConciliacionContable',NULL,'Consultó conciliación para fecha: 2025-11-04','null','{\"fecha\": \"2025-11-04\"}','127.0.0.1',NULL,NULL,NULL,'2025-11-04 16:21:39',NULL,'EXITOSO',NULL,NULL),(228,5,'Carlos Andrés Gómez','carlos.gomez@flujo.com','UPDATE','CONCILIACION','ConciliacionContable','2','Cerró conciliación para empresa 2 en fecha 2025-11-04','null','{\"fecha\": \"2025-11-04\", \"estado\": \"Cerrado\", \"empresa_id\": 2}','127.0.0.1',NULL,NULL,NULL,'2025-11-04 16:21:42',NULL,'EXITOSO',NULL,NULL),(229,5,'Carlos Andrés Gómez','carlos.gomez@flujo.com','READ','CONCILIACION','ConciliacionContable',NULL,'Consultó conciliación para fecha: 2025-11-04','null','{\"fecha\": \"2025-11-04\"}','127.0.0.1',NULL,NULL,NULL,'2025-11-04 16:21:42',NULL,'EXITOSO',NULL,NULL),(230,5,'Carlos Andrés Gómez','carlos.gomez@flujo.com','UPDATE','CONCILIACION','ConciliacionContable',NULL,'Cerró todas las conciliaciones para fecha 2025-11-04','null','{\"fecha\": \"2025-11-04\", \"total_confirmadas\": 3}','127.0.0.1',NULL,NULL,NULL,'2025-11-04 16:22:36',NULL,'EXITOSO',NULL,NULL),(231,5,'Carlos Andrés Gómez','carlos.gomez@flujo.com','READ','CONCILIACION','ConciliacionContable',NULL,'Consultó conciliación para fecha: 2025-11-04','null','{\"fecha\": \"2025-11-04\"}','127.0.0.1',NULL,NULL,NULL,'2025-11-04 16:22:36',NULL,'EXITOSO',NULL,NULL),(232,5,'Carlos Andrés Gómez','carlos.gomez@flujo.com','UPDATE','CONCILIACION','ConciliacionContable',NULL,'Evaluó todas las conciliaciones para fecha 2025-11-04','null','{\"fecha\": \"2025-11-04\", \"total_conciliaciones\": 3}','127.0.0.1',NULL,NULL,NULL,'2025-11-04 16:22:38',NULL,'EXITOSO',NULL,NULL),(233,5,'Carlos Andrés Gómez','carlos.gomez@flujo.com','READ','CONCILIACION','ConciliacionContable',NULL,'Consultó conciliación para fecha: 2025-11-04','null','{\"fecha\": \"2025-11-04\"}','127.0.0.1',NULL,NULL,NULL,'2025-11-04 16:22:38',NULL,'EXITOSO',NULL,NULL),(234,5,'Carlos Andrés Gómez','carlos.gomez@flujo.com','UPDATE','CONCILIACION','ConciliacionContable','1','Confirmó conciliación para empresa 1 en fecha 2025-11-04','null','{\"fecha\": \"2025-11-04\", \"estado\": \"Confirmado\", \"empresa_id\": 1}','127.0.0.1',NULL,NULL,NULL,'2025-11-04 16:22:46',NULL,'EXITOSO',NULL,NULL),(235,5,'Carlos Andrés Gómez','carlos.gomez@flujo.com','READ','CONCILIACION','ConciliacionContable',NULL,'Consultó conciliación para fecha: 2025-11-04','null','{\"fecha\": \"2025-11-04\"}','127.0.0.1',NULL,NULL,NULL,'2025-11-04 16:22:46',NULL,'EXITOSO',NULL,NULL),(236,5,'Carlos Andrés Gómez','carlos.gomez@flujo.com','UPDATE','CONCILIACION','ConciliacionContable','2','Confirmó conciliación para empresa 2 en fecha 2025-11-04','null','{\"fecha\": \"2025-11-04\", \"estado\": \"Confirmado\", \"empresa_id\": 2}','127.0.0.1',NULL,NULL,NULL,'2025-11-04 16:23:01',NULL,'EXITOSO',NULL,NULL),(237,5,'Carlos Andrés Gómez','carlos.gomez@flujo.com','READ','CONCILIACION','ConciliacionContable',NULL,'Consultó conciliación para fecha: 2025-11-04','null','{\"fecha\": \"2025-11-04\"}','127.0.0.1',NULL,NULL,NULL,'2025-11-04 16:23:01',NULL,'EXITOSO',NULL,NULL),(238,5,'Carlos Andrés Gómez','carlos.gomez@flujo.com','UPDATE','CONCILIACION','ConciliacionContable','1','Cerró conciliación para empresa 1 en fecha 2025-11-04','null','{\"fecha\": \"2025-11-04\", \"estado\": \"Cerrado\", \"empresa_id\": 1}','127.0.0.1',NULL,NULL,NULL,'2025-11-04 16:23:04',NULL,'EXITOSO',NULL,NULL),(239,5,'Carlos Andrés Gómez','carlos.gomez@flujo.com','READ','CONCILIACION','ConciliacionContable',NULL,'Consultó conciliación para fecha: 2025-11-04','null','{\"fecha\": \"2025-11-04\"}','127.0.0.1',NULL,NULL,NULL,'2025-11-04 16:23:04',NULL,'EXITOSO',NULL,NULL),(240,5,'Carlos Andrés Gómez','carlos.gomez@flujo.com','READ','CONCILIACION','ConciliacionContable',NULL,'Consultó conciliación para fecha: 2025-11-06','null','{\"fecha\": \"2025-11-06\"}','127.0.0.1',NULL,NULL,NULL,'2025-11-06 13:00:38',NULL,'EXITOSO',NULL,NULL),(241,5,'Carlos Andrés Gómez','carlos.gomez@flujo.com','READ','CONCILIACION','ConciliacionContable',NULL,'Consultó conciliación para fecha: 2025-11-06','null','{\"fecha\": \"2025-11-06\"}','127.0.0.1',NULL,NULL,NULL,'2025-11-06 13:00:44',NULL,'EXITOSO',NULL,NULL),(242,5,'Carlos Andrés Gómez','carlos.gomez@flujo.com','READ','CONCILIACION','ConciliacionContable',NULL,'Consultó conciliación para fecha: 2025-11-06','null','{\"fecha\": \"2025-11-06\"}','127.0.0.1',NULL,NULL,NULL,'2025-11-06 13:00:45',NULL,'EXITOSO',NULL,NULL),(243,5,'Carlos Andrés Gómez','carlos.gomez@flujo.com','READ','CONCILIACION','ConciliacionContable',NULL,'Consultó conciliación para fecha: 2025-11-06','null','{\"fecha\": \"2025-11-06\"}','127.0.0.1',NULL,NULL,NULL,'2025-11-06 13:27:29',NULL,'EXITOSO',NULL,NULL),(244,5,'Carlos Andrés Gómez','carlos.gomez@flujo.com','CREATE','FLUJO_CAJA','Transacción','2025-11-06','CREATE transacción: PAGOS INTERCOMPAÑÍAS en BANCO DAVIVIENDA - N/A por $6,555','null','{\"valor\": 6555.0}','127.0.0.1',NULL,NULL,NULL,'2025-11-06 13:28:12',NULL,'EXITOSO',NULL,NULL),(245,5,'Carlos Andrés Gómez','carlos.gomez@flujo.com','READ','CONCILIACION','ConciliacionContable',NULL,'Consultó conciliación para fecha: 2025-11-06','null','{\"fecha\": \"2025-11-06\"}','127.0.0.1',NULL,NULL,NULL,'2025-11-06 13:29:04',NULL,'EXITOSO',NULL,NULL),(246,5,'Carlos Andrés Gómez','carlos.gomez@flujo.com','READ','CONCILIACION','ConciliacionContable',NULL,'Consultó conciliación para fecha: 2025-11-06','null','{\"fecha\": \"2025-11-06\"}','127.0.0.1',NULL,NULL,NULL,'2025-11-06 14:02:23',NULL,'EXITOSO',NULL,NULL),(247,5,'Carlos Andrés Gómez','carlos.gomez@flujo.com','READ','CONCILIACION','ConciliacionContable',NULL,'Consultó conciliación para fecha: 2025-11-06','null','{\"fecha\": \"2025-11-06\"}','127.0.0.1',NULL,NULL,NULL,'2025-11-06 14:11:40',NULL,'EXITOSO',NULL,NULL),(248,5,'Carlos Andrés Gómez','carlos.gomez@flujo.com','READ','CONCILIACION','ConciliacionContable',NULL,'Consultó conciliación para fecha: 2025-11-06','null','{\"fecha\": \"2025-11-06\"}','127.0.0.1',NULL,NULL,NULL,'2025-11-06 14:12:32',NULL,'EXITOSO',NULL,NULL),(249,5,'Carlos Andrés Gómez','carlos.gomez@flujo.com','CREATE','FLUJO_CAJA','Transacción','2025-11-06','CREATE transacción: COBROS INTERCOMPAÑÍAS en BANCO DAVIVIENDA - N/A por $-456','null','{\"valor\": -456.0}','127.0.0.1',NULL,NULL,NULL,'2025-11-06 14:55:48',NULL,'EXITOSO',NULL,NULL),(250,5,'Carlos Andrés Gómez','carlos.gomez@flujo.com','READ','CONCILIACION','ConciliacionContable',NULL,'Consultó conciliación para fecha: 2025-11-06','null','{\"fecha\": \"2025-11-06\"}','127.0.0.1',NULL,NULL,NULL,'2025-11-06 14:56:14',NULL,'EXITOSO',NULL,NULL),(251,5,'Carlos Andrés Gómez','carlos.gomez@flujo.com','READ','CONCILIACION','ConciliacionContable',NULL,'Consultó conciliación para fecha: 2025-11-06','null','{\"fecha\": \"2025-11-06\"}','127.0.0.1','Desconocido',NULL,NULL,'2025-11-06 16:04:30',NULL,'EXITOSO',NULL,NULL),(252,5,'Carlos Andrés Gómez','carlos.gomez@flujo.com','CREATE','FLUJO_CAJA','Transacción','2025-11-06','CREATE transacción: INGRESOS INTERESES en BANCO DAVIVIENDA - N/A por $5','null','{\"valor\": 5.0}','127.0.0.1','Desconocido',NULL,NULL,'2025-11-06 16:04:40',NULL,'EXITOSO',NULL,NULL),(253,5,'Carlos Andrés Gómez','carlos.gomez@flujo.com','CREATE','FLUJO_CAJA','Transacción','2025-11-06','CREATE transacción: INGRESO REDENCIÓN TÍTULOS en BANCO DAVIVIENDA - N/A por $55','null','{\"valor\": 55.0}','127.0.0.1','Google Chrome','/api/v1/api/transacciones-flujo-caja/','POST','2025-11-06 16:10:03',NULL,'EXITOSO',NULL,NULL),(254,5,'Carlos Andrés Gómez','carlos.gomez@flujo.com','CREATE','FLUJO_CAJA','Transacción','2025-11-06','CREATE transacción: APERTURA ACTIVO FINANCIERO en BANCO DAVIVIENDA - N/A por $-65','null','{\"valor\": -65.0}','127.0.0.1','Google Chrome','/api/v1/api/transacciones-flujo-caja/','POST','2025-11-06 16:10:10',NULL,'EXITOSO',NULL,NULL),(255,5,'Carlos Andrés Gómez','carlos.gomez@flujo.com','READ','CONCILIACION','ConciliacionContable',NULL,'Consultó conciliación para fecha: 2025-11-06','null','{\"fecha\": \"2025-11-06\"}','127.0.0.1','Desconocido',NULL,NULL,'2025-11-06 16:10:28',NULL,'EXITOSO',NULL,NULL),(256,5,'Carlos Andrés Gómez','carlos.gomez@flujo.com','UPDATE','CONCILIACION','ConciliacionContable','7','Actualizó total centralizadora: $50.00 para empresa 4','null','{\"fecha\": \"2025-11-06\", \"empresa_id\": 4, \"total_centralizadora\": \"50\"}','127.0.0.1','Desconocido',NULL,NULL,'2025-11-06 16:10:44',NULL,'EXITOSO',NULL,NULL),(257,5,'Carlos Andrés Gómez','carlos.gomez@flujo.com','READ','CONCILIACION','ConciliacionContable',NULL,'Consultó conciliación para fecha: 2025-11-06','null','{\"fecha\": \"2025-11-06\"}','127.0.0.1','Desconocido',NULL,NULL,'2025-11-06 16:10:44',NULL,'EXITOSO',NULL,NULL),(258,5,'Carlos Andrés Gómez','carlos.gomez@flujo.com','UPDATE','CONCILIACION','ConciliacionContable','7','Actualizó total centralizadora: $623.00 para empresa 4','null','{\"fecha\": \"2025-11-06\", \"empresa_id\": 4, \"total_centralizadora\": \"623\"}','127.0.0.1','Desconocido',NULL,NULL,'2025-11-06 16:10:55',NULL,'EXITOSO',NULL,NULL),(259,5,'Carlos Andrés Gómez','carlos.gomez@flujo.com','READ','CONCILIACION','ConciliacionContable',NULL,'Consultó conciliación para fecha: 2025-11-06','null','{\"fecha\": \"2025-11-06\"}','127.0.0.1','Desconocido',NULL,NULL,'2025-11-06 16:10:55',NULL,'EXITOSO',NULL,NULL),(260,5,'Carlos Andrés Gómez','carlos.gomez@flujo.com','READ','CONCILIACION','ConciliacionContable',NULL,'Consultó conciliación para fecha: 2025-11-06','null','{\"fecha\": \"2025-11-06\"}','127.0.0.1','Desconocido',NULL,NULL,'2025-11-06 16:11:03',NULL,'EXITOSO',NULL,NULL),(261,5,'Carlos Andrés Gómez','carlos.gomez@flujo.com','UPDATE','CONCILIACION','ConciliacionContable','8','Actualizó total centralizadora: $0.06 para empresa 5','null','{\"fecha\": \"2025-11-06\", \"empresa_id\": 5, \"total_centralizadora\": \"0.06\"}','127.0.0.1','Desconocido',NULL,NULL,'2025-11-06 16:11:08',NULL,'EXITOSO',NULL,NULL),(262,5,'Carlos Andrés Gómez','carlos.gomez@flujo.com','READ','CONCILIACION','ConciliacionContable',NULL,'Consultó conciliación para fecha: 2025-11-06','null','{\"fecha\": \"2025-11-06\"}','127.0.0.1','Desconocido',NULL,NULL,'2025-11-06 16:11:08',NULL,'EXITOSO',NULL,NULL),(263,5,'Carlos Andrés Gómez','carlos.gomez@flujo.com','CREATE','FLUJO_CAJA','Transacción','2025-11-06','CREATE transacción: CANCELACIÓN ACTIVO FINANCIERO en BANCO DAVIVIENDA - N/A por $85','null','{\"valor\": 85.0}','127.0.0.1','Google Chrome','/api/v1/api/transacciones-flujo-caja/','POST','2025-11-06 16:12:34',NULL,'EXITOSO',NULL,NULL),(264,5,'Carlos Andrés Gómez','carlos.gomez@flujo.com','CREATE','FLUJO_CAJA','Transacción','2025-11-11','CREATE transacción: PAGOS INTERCOMPAÑÍAS en BANCO DAVIVIENDA - N/A por $202','null','{\"valor\": 202.0}','127.0.0.1','Google Chrome','/api/v1/api/transacciones-flujo-caja/','POST','2025-11-11 09:11:07',NULL,'EXITOSO',NULL,NULL),(265,5,'Carlos Andrés Gómez','carlos.gomez@flujo.com','READ','CONCILIACION','ConciliacionContable',NULL,'Consultó conciliación para fecha: 2025-11-11','null','{\"fecha\": \"2025-11-11\"}','127.0.0.1','Desconocido',NULL,NULL,'2025-11-11 09:18:43',NULL,'EXITOSO',NULL,NULL),(266,5,'Carlos Andrés Gómez','carlos.gomez@flujo.com','READ','CONCILIACION','ConciliacionContable',NULL,'Consultó conciliación para fecha: 2025-11-11','null','{\"fecha\": \"2025-11-11\"}','127.0.0.1','Desconocido',NULL,NULL,'2025-11-11 09:19:06',NULL,'EXITOSO',NULL,NULL),(267,5,'Carlos Andrés Gómez','carlos.gomez@flujo.com','READ','CONCILIACION','ConciliacionContable',NULL,'Consultó conciliación para fecha: 2025-11-13','null','{\"fecha\": \"2025-11-13\"}','127.0.0.1','Desconocido',NULL,NULL,'2025-11-13 08:46:06',NULL,'EXITOSO',NULL,NULL),(268,5,'Carlos Andrés Gómez','carlos.gomez@flujo.com','READ','CONCILIACION','ConciliacionContable',NULL,'Consultó conciliación para fecha: 2025-11-13','null','{\"fecha\": \"2025-11-13\"}','127.0.0.1','Desconocido',NULL,NULL,'2025-11-13 10:06:55',NULL,'EXITOSO',NULL,NULL),(269,5,'Carlos Andrés Gómez','carlos.gomez@flujo.com','CREATE','FLUJO_CAJA','Transacción','2025-11-13','CREATE transacción: PAGOS INTERCOMPAÑÍAS en CITIBANK COMP - 36203301 por $4,000','null','{\"valor\": 4000.0}','127.0.0.1','Google Chrome','/api/v1/api/transacciones-flujo-caja/','POST','2025-11-13 11:18:27',NULL,'EXITOSO',NULL,NULL),(270,5,'Carlos Andrés Gómez','carlos.gomez@flujo.com','CREATE','FLUJO_CAJA','Transacción','2025-10-15','CREATE transacción: PAGOS INTERCOMPAÑÍAS en CITIBANK COMP - 36203301 por $4,000','null','{\"valor\": 4000.0}','127.0.0.1','Google Chrome','/api/v1/api/transacciones-flujo-caja/','POST','2025-11-13 15:33:55',NULL,'EXITOSO',NULL,NULL),(271,5,'Carlos Andrés Gómez','carlos.gomez@flujo.com','READ','CONCILIACION','ConciliacionContable',NULL,'Consultó conciliación para fecha: 2025-11-13','null','{\"fecha\": \"2025-11-13\"}','127.0.0.1','Desconocido',NULL,NULL,'2025-11-13 15:35:18',NULL,'EXITOSO',NULL,NULL),(272,5,'Carlos Andrés Gómez','carlos.gomez@flujo.com','CREATE','FLUJO_CAJA','Transacción','2025-08-29','CREATE transacción: PAGOS INTERCOMPAÑÍAS en BANCO DAVIVIENDA - N/A por $464,625','null','{\"valor\": 464624.62}','127.0.0.1','Google Chrome','/api/v1/api/transacciones-flujo-caja/','POST','2025-11-13 15:55:10',NULL,'EXITOSO',NULL,NULL),(273,5,'Carlos Andrés Gómez','carlos.gomez@flujo.com','CREATE','FLUJO_CAJA','Transacción','2025-09-01','CREATE transacción: INCREMENTO DE CAPITAL ENCARGOS en BANCO DAVIVIENDA - N/A por $-15,000','null','{\"valor\": -15000.0}','127.0.0.1','Google Chrome','/api/v1/api/transacciones-flujo-caja/','POST','2025-11-13 15:55:55',NULL,'EXITOSO',NULL,NULL),(274,5,'Carlos Andrés Gómez','carlos.gomez@flujo.com','CREATE','FLUJO_CAJA','Transacción','2025-11-13','CREATE transacción: SALDOS EN BANCOS en BANCO DAVIVIENDA - N/A por $445,958','null','{\"valor\": 445957.71}','127.0.0.1','Google Chrome','/api/v1/api/transacciones-flujo-caja/','POST','2025-11-13 15:57:49',NULL,'EXITOSO',NULL,NULL),(275,5,'Carlos Andrés Gómez','carlos.gomez@flujo.com','UPDATE','FLUJO_CAJA','Transacción','2025-11-13','UPDATE transacción: SALDOS EN BANCOS en BANCO DAVIVIENDA - N/A ($445,958 → $0)','{\"valor\": 445957.71}','{\"valor\": 0.0}','127.0.0.1','Google Chrome','/api/v1/api/transacciones-flujo-caja/49/quick','PUT','2025-11-13 15:57:59',NULL,'EXITOSO',NULL,NULL),(276,5,'Carlos Andrés Gómez','carlos.gomez@flujo.com','CREATE','FLUJO_CAJA','Transacción','2025-08-29','CREATE transacción: SALDOS EN BANCOS en BANCO DAVIVIENDA - N/A por $445,958','null','{\"valor\": 445957.71}','127.0.0.1','Google Chrome','/api/v1/api/transacciones-flujo-caja/','POST','2025-11-13 15:58:26',NULL,'EXITOSO',NULL,NULL),(277,5,'Carlos Andrés Gómez','carlos.gomez@flujo.com','CREATE','FLUJO_CAJA','Transacción','2025-08-29','CREATE transacción: CONSUMO NACIONAL en BANCO DAVIVIENDA - N/A por $-767','null','{\"valor\": -766.91}','127.0.0.1','Google Chrome','/api/v1/api/transacciones-flujo-caja/','POST','2025-11-13 15:58:43',NULL,'EXITOSO',NULL,NULL),(278,5,'Carlos Andrés Gómez','carlos.gomez@flujo.com','CREATE','FLUJO_CAJA','Transacción','2025-08-29','CREATE transacción: OTROS PAGOS en BANCO DAVIVIENDA - N/A por $-6','null','{\"valor\": -6.27}','127.0.0.1','Google Chrome','/api/v1/api/transacciones-flujo-caja/','POST','2025-11-13 15:58:58',NULL,'EXITOSO',NULL,NULL),(279,5,'Carlos Andrés Gómez','carlos.gomez@flujo.com','CREATE','FLUJO_CAJA','Transacción','2025-08-29','CREATE transacción: VENTAN PROVEEDORES en BANCO DAVIVIENDA - N/A por $-34,541','null','{\"valor\": -34540.77}','127.0.0.1','Google Chrome','/api/v1/api/transacciones-flujo-caja/','POST','2025-11-13 15:59:09',NULL,'EXITOSO',NULL,NULL),(280,5,'Carlos Andrés Gómez','carlos.gomez@flujo.com','CREATE','FLUJO_CAJA','Transacción','2025-08-29','CREATE transacción: NOMINA ADMINISTRATIVA en BANCO DAVIVIENDA - N/A por $150','null','{\"valor\": 150.0}','127.0.0.1','Google Chrome','/api/v1/api/transacciones-flujo-caja/','POST','2025-11-13 15:59:22',NULL,'EXITOSO',NULL,NULL),(281,5,'Carlos Andrés Gómez','carlos.gomez@flujo.com','UPDATE','FLUJO_CAJA','Transacción','2025-08-29','UPDATE transacción: SALDOS EN BANCOS en BANCO DAVIVIENDA - N/A ($445,958 → $0)','{\"valor\": 445957.71}','{\"valor\": 0.0}','127.0.0.1','Google Chrome','/api/v1/api/transacciones-flujo-caja/60/quick','PUT','2025-11-13 16:00:06',NULL,'EXITOSO',NULL,NULL),(282,5,'Carlos Andrés Gómez','carlos.gomez@flujo.com','UPDATE','FLUJO_CAJA','Transacción','2025-08-29','UPDATE transacción: CONSUMO NACIONAL en BANCO DAVIVIENDA - N/A ($-767 → $0)','{\"valor\": -766.91}','{\"valor\": 0.0}','127.0.0.1','Google Chrome','/api/v1/api/transacciones-flujo-caja/61/quick','PUT','2025-11-13 16:00:08',NULL,'EXITOSO',NULL,NULL),(283,5,'Carlos Andrés Gómez','carlos.gomez@flujo.com','UPDATE','FLUJO_CAJA','Transacción','2025-08-29','UPDATE transacción: OTROS PAGOS en BANCO DAVIVIENDA - N/A ($-6 → $0)','{\"valor\": -6.27}','{\"valor\": 0.0}','127.0.0.1','Google Chrome','/api/v1/api/transacciones-flujo-caja/62/quick','PUT','2025-11-13 16:00:10',NULL,'EXITOSO',NULL,NULL),(284,5,'Carlos Andrés Gómez','carlos.gomez@flujo.com','UPDATE','FLUJO_CAJA','Transacción','2025-08-29','UPDATE transacción: VENTAN PROVEEDORES en BANCO DAVIVIENDA - N/A ($-34,541 → $0)','{\"valor\": -34540.77}','{\"valor\": 0.0}','127.0.0.1','Google Chrome','/api/v1/api/transacciones-flujo-caja/63/quick','PUT','2025-11-13 16:00:12',NULL,'EXITOSO',NULL,NULL),(285,5,'Carlos Andrés Gómez','carlos.gomez@flujo.com','UPDATE','FLUJO_CAJA','Transacción','2025-08-29','UPDATE transacción: NOMINA ADMINISTRATIVA en BANCO DAVIVIENDA - N/A ($150 → $0)','{\"valor\": 150.0}','{\"valor\": 0.0}','127.0.0.1','Google Chrome','/api/v1/api/transacciones-flujo-caja/64/quick','PUT','2025-11-13 16:00:13',NULL,'EXITOSO',NULL,NULL),(286,5,'Carlos Andrés Gómez','carlos.gomez@flujo.com','CREATE','FLUJO_CAJA','Transacción','2025-08-29','CREATE transacción: INGRESO en BANCO DAVIVIENDA - N/A por $464,622','null','{\"valor\": 464621.62}','127.0.0.1','Google Chrome','/api/v1/api/transacciones-flujo-caja/','POST','2025-11-13 16:00:46',NULL,'EXITOSO',NULL,NULL),(287,5,'Carlos Andrés Gómez','carlos.gomez@flujo.com','CREATE','FLUJO_CAJA','Transacción','2025-11-13','CREATE transacción: PAGOS INTERCOMPAÑÍAS en BANCO DAVIVIENDA - N/A por $1','null','{\"valor\": 1.0}','127.0.0.1','Google Chrome','/api/v1/api/transacciones-flujo-caja/','POST','2025-11-13 16:06:30',NULL,'EXITOSO',NULL,NULL),(288,5,'Carlos Andrés Gómez','carlos.gomez@flujo.com','CREATE','FLUJO_CAJA','Transacción','2025-09-01','CREATE transacción: INCREMENTO DE CAPITAL ENCARGOS en BANCO DAVIVIENDA - N/A por $-15,000','null','{\"valor\": -15000.0}','127.0.0.1','Google Chrome','/api/v1/api/transacciones-flujo-caja/','POST','2025-11-13 16:44:16',NULL,'EXITOSO',NULL,NULL),(289,5,'Carlos Andrés Gómez','carlos.gomez@flujo.com','CREATE','FLUJO_CAJA','Transacción','2025-09-01','CREATE transacción: SALDOS EN BANCOS en BANCO DAVIVIENDA - N/A por $445,958','null','{\"valor\": 445957.71}','127.0.0.1','Google Chrome','/api/v1/api/transacciones-flujo-caja/','POST','2025-11-13 16:45:08',NULL,'EXITOSO',NULL,NULL),(290,5,'Carlos Andrés Gómez','carlos.gomez@flujo.com','CREATE','FLUJO_CAJA','Transacción','2025-09-01','CREATE transacción: CONSUMO NACIONAL en BANCO DAVIVIENDA - N/A por $-76,691','null','{\"valor\": -76691.0}','127.0.0.1','Google Chrome','/api/v1/api/transacciones-flujo-caja/','POST','2025-11-13 16:45:24',NULL,'EXITOSO',NULL,NULL),(291,5,'Carlos Andrés Gómez','carlos.gomez@flujo.com','CREATE','FLUJO_CAJA','Transacción','2025-09-01','CREATE transacción: OTROS PAGOS en BANCO DAVIVIENDA - N/A por $-6','null','{\"valor\": -6.27}','127.0.0.1','Google Chrome','/api/v1/api/transacciones-flujo-caja/','POST','2025-11-13 16:45:37',NULL,'EXITOSO',NULL,NULL),(292,5,'Carlos Andrés Gómez','carlos.gomez@flujo.com','CREATE','FLUJO_CAJA','Transacción','2025-09-01','CREATE transacción: VENTAN PROVEEDORES en BANCO DAVIVIENDA - N/A por $-34,541','null','{\"valor\": -34540.77}','127.0.0.1','Google Chrome','/api/v1/api/transacciones-flujo-caja/','POST','2025-11-13 16:45:48',NULL,'EXITOSO',NULL,NULL),(293,5,'Carlos Andrés Gómez','carlos.gomez@flujo.com','CREATE','FLUJO_CAJA','Transacción','2025-09-01','CREATE transacción: NOMINA ADMINISTRATIVA en BANCO DAVIVIENDA - N/A por $150','null','{\"valor\": 150.0}','127.0.0.1','Google Chrome','/api/v1/api/transacciones-flujo-caja/','POST','2025-11-13 16:45:55',NULL,'EXITOSO',NULL,NULL),(294,5,'Carlos Andrés Gómez','carlos.gomez@flujo.com','UPDATE','FLUJO_CAJA','Transacción','2025-09-01','UPDATE transacción: CONSUMO NACIONAL en BANCO DAVIVIENDA - N/A ($-76,691 → $-767)','{\"valor\": -76691.0}','{\"valor\": -766.91}','127.0.0.1','Google Chrome','/api/v1/api/transacciones-flujo-caja/16/quick','PUT','2025-11-13 16:46:53',NULL,'EXITOSO',NULL,NULL),(295,5,'Carlos Andrés Gómez','carlos.gomez@flujo.com','CREATE','FLUJO_CAJA','Transacción','2025-09-01','CREATE transacción: INGRESO en BANCO DAVIVIENDA - N/A por $3,910','null','{\"valor\": 3910.0}','127.0.0.1','Google Chrome','/api/v1/api/transacciones-flujo-caja/','POST','2025-11-13 16:48:33',NULL,'EXITOSO',NULL,NULL),(296,5,'Carlos Andrés Gómez','carlos.gomez@flujo.com','READ','CONCILIACION','ConciliacionContable',NULL,'Consultó conciliación para fecha: 2025-11-18','null','{\"fecha\": \"2025-11-18\"}','127.0.0.1','Desconocido',NULL,NULL,'2025-11-18 08:42:08',NULL,'EXITOSO',NULL,NULL),(297,5,'Carlos Andrés Gómez','carlos.gomez@flujo.com','READ','CONCILIACION','ConciliacionContable',NULL,'Consultó conciliación para fecha: 2025-11-18','null','{\"fecha\": \"2025-11-18\"}','127.0.0.1','Desconocido',NULL,NULL,'2025-11-18 09:23:31',NULL,'EXITOSO',NULL,NULL),(298,5,'Carlos Andrés Gómez','carlos.gomez@flujo.com','CREATE','FLUJO_CAJA','Transacción','2025-11-18','CREATE transacción: PAGOS INTERCOMPAÑÍAS en BANCO DAVIVIENDA - N/A por $5,400','null','{\"valor\": 5400.0}','127.0.0.1','Google Chrome','/api/v1/api/transacciones-flujo-caja/','POST','2025-11-18 10:07:23',NULL,'EXITOSO',NULL,NULL),(299,5,'Carlos Andrés Gómez','carlos.gomez@flujo.com','UPDATE','FLUJO_CAJA','Transacción','2025-11-18','UPDATE transacción: PAGOS INTERCOMPAÑÍAS en BANCO DAVIVIENDA - N/A ($5,400 → $0)','{\"valor\": 5400.0}','{\"valor\": 0.0}','127.0.0.1','Google Chrome','/api/v1/api/transacciones-flujo-caja/1/quick','PUT','2025-11-18 10:17:41',NULL,'EXITOSO',NULL,NULL),(300,5,'Carlos Andrés Gómez','carlos.gomez@flujo.com','CREATE','FLUJO_CAJA','Transacción','2025-11-18','CREATE transacción: CANCELACIÓN KW en BANCO DAVIVIENDA - N/A por $-115,000,000','null','{\"valor\": -115000000.0}','127.0.0.1','Google Chrome','/api/v1/api/transacciones-flujo-caja/','POST','2025-11-18 10:18:01',NULL,'EXITOSO',NULL,NULL),(301,5,'Carlos Andrés Gómez','carlos.gomez@flujo.com','CREATE','FLUJO_CAJA','Transacción','2025-11-18','CREATE transacción: PAGO INTERESES KW en BANCO DAVIVIENDA - N/A por $-5,324,577','null','{\"valor\": -5324576.67}','127.0.0.1','Google Chrome','/api/v1/api/transacciones-flujo-caja/','POST','2025-11-18 10:18:17',NULL,'EXITOSO',NULL,NULL),(302,5,'Carlos Andrés Gómez','carlos.gomez@flujo.com','CREATE','FLUJO_CAJA','Transacción','2025-11-18','CREATE transacción: FORWARD en BANCO DAVIVIENDA - N/A por $-27,814,206','null','{\"valor\": -27814205.61}','127.0.0.1','Google Chrome','/api/v1/api/transacciones-flujo-caja/','POST','2025-11-18 10:18:45',NULL,'EXITOSO',NULL,NULL),(303,5,'Carlos Andrés Gómez','carlos.gomez@flujo.com','CREATE','FLUJO_CAJA','Transacción','2025-11-18','CREATE transacción: COMISIONES en BANCO DAVIVIENDA - N/A por $-9,341','null','{\"valor\": -9341.42}','127.0.0.1','Google Chrome','/api/v1/api/transacciones-flujo-caja/','POST','2025-11-18 10:19:04',NULL,'EXITOSO',NULL,NULL),(304,5,'Carlos Andrés Gómez','carlos.gomez@flujo.com','CREATE','FLUJO_CAJA','Transacción','2025-09-01','CREATE transacción: RETIRO DE CAPITAL ENCARGOS en BANCO DAVIVIENDA - N/A por $5,000,000','null','{\"valor\": 5000000.0}','127.0.0.1','Google Chrome','/api/v1/api/transacciones-flujo-caja/','POST','2025-11-18 10:25:04',NULL,'EXITOSO',NULL,NULL),(305,5,'Carlos Andrés Gómez','carlos.gomez@flujo.com','CREATE','FLUJO_CAJA','Transacción','2025-09-01','CREATE transacción: TRASLADO ARL en BANCO DAVIVIENDA - N/A por $15,801,000','null','{\"valor\": 15801000.0}','127.0.0.1','Google Chrome','/api/v1/api/transacciones-flujo-caja/','POST','2025-11-18 10:25:16',NULL,'EXITOSO',NULL,NULL),(306,5,'Carlos Andrés Gómez','carlos.gomez@flujo.com','CREATE','FLUJO_CAJA','Transacción','2025-09-01','CREATE transacción: IMPUESTOS en BANCO DAVIVIENDA - N/A por $-2,085','null','{\"valor\": -2085.07}','127.0.0.1','Google Chrome','/api/v1/api/transacciones-flujo-caja/','POST','2025-11-18 10:25:43',NULL,'EXITOSO',NULL,NULL),(307,5,'Carlos Andrés Gómez','carlos.gomez@flujo.com','CREATE','FLUJO_CAJA','Transacción','2025-11-18','CREATE transacción: SALDOS EN BANCOS en BANCO DAVIVIENDA - N/A por $8,392,940','null','{\"valor\": 8392940.32}','127.0.0.1','Google Chrome','/api/v1/api/transacciones-flujo-caja/','POST','2025-11-18 10:28:23',NULL,'EXITOSO',NULL,NULL),(308,5,'Carlos Andrés Gómez','carlos.gomez@flujo.com','UPDATE','FLUJO_CAJA','Transacción','2025-11-18','UPDATE transacción: SALDOS EN BANCOS en BANCO DAVIVIENDA - N/A ($8,392,940 → $0)','{\"valor\": 8392940.32}','{\"valor\": 0.0}','127.0.0.1','Google Chrome','/api/v1/api/transacciones-flujo-caja/16/quick','PUT','2025-11-18 10:29:55',NULL,'EXITOSO',NULL,NULL),(309,5,'Carlos Andrés Gómez','carlos.gomez@flujo.com','CREATE','FLUJO_CAJA','Transacción','2025-09-01','CREATE transacción: SALDOS EN BANCOS en BANCO DAVIVIENDA - N/A por $8,392,940','null','{\"valor\": 8392940.32}','127.0.0.1','Google Chrome','/api/v1/api/transacciones-flujo-caja/','POST','2025-11-18 10:30:28',NULL,'EXITOSO',NULL,NULL),(310,5,'Carlos Andrés Gómez','carlos.gomez@flujo.com','UPDATE','FLUJO_CAJA','Transacción','2025-09-01','UPDATE transacción: SALDOS EN BANCOS en BANCO DAVIVIENDA - N/A ($8,392,940 → $8,392,940)','{\"valor\": 8392940.32}','{\"valor\": 8392940.31}','127.0.0.1','Google Chrome','/api/v1/api/transacciones-flujo-caja/27/quick','PUT','2025-11-18 10:31:37',NULL,'EXITOSO',NULL,NULL),(311,5,'Carlos Andrés Gómez','carlos.gomez@flujo.com','UPDATE','FLUJO_CAJA','Transacción','2025-09-01','UPDATE transacción: SALDOS EN BANCOS en BANCO DAVIVIENDA - N/A ($8,392,940 → $8,392,940)','{\"valor\": 8392940.31}','{\"valor\": 8392940.32}','127.0.0.1','Google Chrome','/api/v1/api/transacciones-flujo-caja/27/quick','PUT','2025-11-18 10:31:41',NULL,'EXITOSO',NULL,NULL),(312,5,'Carlos Andrés Gómez','carlos.gomez@flujo.com','CREATE','FLUJO_CAJA','Transacción','2025-09-01','CREATE transacción: CONSUMO NACIONAL en BANCO DAVIVIENDA - N/A por $-41,813','null','{\"valor\": -41813.17}','127.0.0.1','Google Chrome','/api/v1/api/transacciones-flujo-caja/','POST','2025-11-18 10:32:09',NULL,'EXITOSO',NULL,NULL),(313,5,'Carlos Andrés Gómez','carlos.gomez@flujo.com','CREATE','FLUJO_CAJA','Transacción','2025-09-01','CREATE transacción: INGRESO CTA PAGADURIA en BANCO DAVIVIENDA - N/A por $2,000','null','{\"valor\": 2000.0}','127.0.0.1','Google Chrome','/api/v1/api/transacciones-flujo-caja/','POST','2025-11-18 10:32:14',NULL,'EXITOSO',NULL,NULL),(314,5,'Carlos Andrés Gómez','carlos.gomez@flujo.com','CREATE','FLUJO_CAJA','Transacción','2025-09-01','CREATE transacción: EMBARGOS en BANCO DAVIVIENDA - N/A por $-49,580','null','{\"valor\": -49579.65}','127.0.0.1','Google Chrome','/api/v1/api/transacciones-flujo-caja/','POST','2025-11-18 10:33:12',NULL,'EXITOSO',NULL,NULL),(315,5,'Carlos Andrés Gómez','carlos.gomez@flujo.com','CREATE','FLUJO_CAJA','Transacción','2025-09-01','CREATE transacción: OTROS PAGOS en BANCO DAVIVIENDA - N/A por $-60,359','null','{\"valor\": -60358.52}','127.0.0.1','Google Chrome','/api/v1/api/transacciones-flujo-caja/','POST','2025-11-18 10:33:24',NULL,'EXITOSO',NULL,NULL),(316,5,'Carlos Andrés Gómez','carlos.gomez@flujo.com','CREATE','FLUJO_CAJA','Transacción','2025-09-01','CREATE transacción: VENTAN PROVEEDORES en BANCO DAVIVIENDA - N/A por $-2,521,095','null','{\"valor\": -2521095.4111}','127.0.0.1','Google Chrome','/api/v1/api/transacciones-flujo-caja/','POST','2025-11-18 10:33:40',NULL,'EXITOSO',NULL,NULL),(317,5,'Carlos Andrés Gómez','carlos.gomez@flujo.com','CREATE','FLUJO_CAJA','Transacción','2025-09-01','CREATE transacción: NOMINA ADMINISTRATIVA en BANCO DAVIVIENDA - N/A por $55,502','null','{\"valor\": 55502.18}','127.0.0.1','Google Chrome','/api/v1/api/transacciones-flujo-caja/','POST','2025-11-18 10:33:57',NULL,'EXITOSO',NULL,NULL),(318,5,'Carlos Andrés Gómez','carlos.gomez@flujo.com','CREATE','FLUJO_CAJA','Transacción','2025-09-01','CREATE transacción: NOMINA PENSIONES en BANCO DAVIVIENDA - N/A por $23,415,518','null','{\"valor\": 23415517.71}','127.0.0.1','Google Chrome','/api/v1/api/transacciones-flujo-caja/','POST','2025-11-18 10:34:09',NULL,'EXITOSO',NULL,NULL),(319,5,'Carlos Andrés Gómez','carlos.gomez@flujo.com','CREATE','FLUJO_CAJA','Transacción','2025-09-01','CREATE transacción: PAGO SOI en BANCO DAVIVIENDA - N/A por $-21,885','null','{\"valor\": -21885.1}','127.0.0.1','Google Chrome','/api/v1/api/transacciones-flujo-caja/','POST','2025-11-18 10:34:21',NULL,'EXITOSO',NULL,NULL),(320,5,'Carlos Andrés Gómez','carlos.gomez@flujo.com','UPDATE','FLUJO_CAJA','Transacción','2025-09-01','UPDATE transacción: NOMINA PENSIONES en BANCO DAVIVIENDA - N/A ($23,415,518 → $23,415,518)','{\"valor\": 23415517.71}','{\"valor\": 23415517.71}','127.0.0.1','Google Chrome','/api/v1/api/transacciones-flujo-caja/35/quick','PUT','2025-11-18 10:34:46',NULL,'EXITOSO',NULL,NULL),(321,5,'Carlos Andrés Gómez','carlos.gomez@flujo.com','UPDATE','FLUJO_CAJA','Transacción','2025-09-01','UPDATE transacción: NOMINA PENSIONES en BANCO DAVIVIENDA - N/A ($23,415,518 → $23,415,518)','{\"valor\": 23415517.71}','{\"valor\": 23415517.71}','127.0.0.1','Google Chrome','/api/v1/api/transacciones-flujo-caja/35/quick','PUT','2025-11-18 10:34:55',NULL,'EXITOSO',NULL,NULL),(322,5,'Carlos Andrés Gómez','carlos.gomez@flujo.com','UPDATE','FLUJO_CAJA','Transacción','2025-09-01','UPDATE transacción: NOMINA PENSIONES en BANCO DAVIVIENDA - N/A ($23,415,518 → $23,415,518)','{\"valor\": 23415517.71}','{\"valor\": 23415517.71}','127.0.0.1','Google Chrome','/api/v1/api/transacciones-flujo-caja/35/quick','PUT','2025-11-18 10:39:24',NULL,'EXITOSO',NULL,NULL),(323,5,'Carlos Andrés Gómez','carlos.gomez@flujo.com','UPDATE','FLUJO_CAJA','Transacción','2025-09-01','UPDATE transacción: NOMINA PENSIONES en BANCO DAVIVIENDA - N/A ($23,415,518 → $23,415,518)','{\"valor\": 23415517.71}','{\"valor\": 23415517.72}','127.0.0.1','Google Chrome','/api/v1/api/transacciones-flujo-caja/35/quick','PUT','2025-11-18 10:51:03',NULL,'EXITOSO',NULL,NULL),(324,5,'Carlos Andrés Gómez','carlos.gomez@flujo.com','UPDATE','FLUJO_CAJA','Transacción','2025-09-01','UPDATE transacción: NOMINA PENSIONES en BANCO DAVIVIENDA - N/A ($23,415,518 → $23,415,518)','{\"valor\": 23415517.72}','{\"valor\": 23415517.72}','127.0.0.1','Google Chrome','/api/v1/api/transacciones-flujo-caja/35/quick','PUT','2025-11-18 10:51:37',NULL,'EXITOSO',NULL,NULL),(325,5,'Carlos Andrés Gómez','carlos.gomez@flujo.com','CREATE','FLUJO_CAJA','Transacción','2025-09-01','CREATE transacción: INTERCIAS RELAC./INDUS en BANCO DAVIVIENDA - N/A por $2','null','{\"valor\": 2.0}','127.0.0.1','Google Chrome','/api/v1/api/transacciones-flujo-caja/','POST','2025-11-18 10:53:31',NULL,'EXITOSO',NULL,NULL),(326,5,'Carlos Andrés Gómez','carlos.gomez@flujo.com','UPDATE','FLUJO_CAJA','Transacción','2025-09-01','UPDATE transacción: INTERCIAS RELAC./INDUS en BANCO DAVIVIENDA - N/A ($2 → $3)','{\"valor\": 2.0}','{\"valor\": 3.0}','127.0.0.1','Google Chrome','/api/v1/api/transacciones-flujo-caja/37/quick','PUT','2025-11-18 10:54:02',NULL,'EXITOSO',NULL,NULL),(327,5,'Carlos Andrés Gómez','carlos.gomez@flujo.com','UPDATE','FLUJO_CAJA','Transacción','2025-09-01','UPDATE transacción: INTERCIAS RELAC./INDUS en BANCO DAVIVIENDA - N/A ($3 → $0)','{\"valor\": 3.0}','{\"valor\": 0.0}','127.0.0.1','Google Chrome','/api/v1/api/transacciones-flujo-caja/37/quick','PUT','2025-11-18 10:55:23',NULL,'EXITOSO',NULL,NULL),(328,5,'Carlos Andrés Gómez','carlos.gomez@flujo.com','UPDATE','FLUJO_CAJA','Transacción','2025-09-01','UPDATE transacción: NOMINA PENSIONES en BANCO DAVIVIENDA - N/A ($23,415,518 → $23,415,518)','{\"valor\": 23415517.72}','{\"valor\": 23415517.72}','127.0.0.1','Google Chrome','/api/v1/api/transacciones-flujo-caja/35/quick','PUT','2025-11-18 10:56:30',NULL,'EXITOSO',NULL,NULL),(329,5,'Carlos Andrés Gómez','carlos.gomez@flujo.com','UPDATE','FLUJO_CAJA','Transacción','2025-09-01','UPDATE transacción: INTERCIAS RELAC./INDUS en BANCO DAVIVIENDA - N/A ($0 → $1)','{\"valor\": 0.0}','{\"valor\": 1.0}','127.0.0.1','Google Chrome','/api/v1/api/transacciones-flujo-caja/37/quick','PUT','2025-11-18 10:58:11',NULL,'EXITOSO',NULL,NULL),(330,5,'Carlos Andrés Gómez','carlos.gomez@flujo.com','UPDATE','FLUJO_CAJA','Transacción','2025-09-01','UPDATE transacción: INTERCIAS RELAC./INDUS en BANCO DAVIVIENDA - N/A ($1 → $0)','{\"valor\": 1.0}','{\"valor\": 0.0}','127.0.0.1','Google Chrome','/api/v1/api/transacciones-flujo-caja/37/quick','PUT','2025-11-18 11:01:28',NULL,'EXITOSO',NULL,NULL),(331,5,'Carlos Andrés Gómez','carlos.gomez@flujo.com','UPDATE','FLUJO_CAJA','Transacción','2025-09-01','UPDATE transacción: INTERCIAS RELAC./INDUS en BANCO DAVIVIENDA - N/A ($0 → $2)','{\"valor\": 0.0}','{\"valor\": 2.0}','127.0.0.1','Google Chrome','/api/v1/api/transacciones-flujo-caja/37/quick','PUT','2025-11-18 11:08:51',NULL,'EXITOSO',NULL,NULL),(332,5,'Carlos Andrés Gómez','carlos.gomez@flujo.com','UPDATE','FLUJO_CAJA','Transacción','2025-09-01','UPDATE transacción: INTERCIAS RELAC./INDUS en BANCO DAVIVIENDA - N/A ($2 → $4)','{\"valor\": 2.0}','{\"valor\": 4.0}','127.0.0.1','Google Chrome','/api/v1/api/transacciones-flujo-caja/37/quick','PUT','2025-11-18 11:09:12',NULL,'EXITOSO',NULL,NULL),(333,5,'Carlos Andrés Gómez','carlos.gomez@flujo.com','UPDATE','FLUJO_CAJA','Transacción','2025-09-01','UPDATE transacción: INTERCIAS RELAC./INDUS en BANCO DAVIVIENDA - N/A ($4 → $6)','{\"valor\": 4.0}','{\"valor\": 6.0}','127.0.0.1','Google Chrome','/api/v1/api/transacciones-flujo-caja/37/quick','PUT','2025-11-18 11:12:21',NULL,'EXITOSO',NULL,NULL),(334,5,'Carlos Andrés Gómez','carlos.gomez@flujo.com','UPDATE','FLUJO_CAJA','Transacción','2025-09-01','UPDATE transacción: INTERCIAS RELAC./INDUS en BANCO DAVIVIENDA - N/A ($6 → $2)','{\"valor\": 6.0}','{\"valor\": 2.0}','127.0.0.1','Google Chrome','/api/v1/api/transacciones-flujo-caja/37/quick','PUT','2025-11-18 11:12:50',NULL,'EXITOSO',NULL,NULL),(335,5,'Carlos Andrés Gómez','carlos.gomez@flujo.com','UPDATE','FLUJO_CAJA','Transacción','2025-09-01','UPDATE transacción: INTERCIAS RELAC./INDUS en BANCO DAVIVIENDA - N/A ($2 → $3)','{\"valor\": 2.0}','{\"valor\": 3.0}','127.0.0.1','Google Chrome','/api/v1/api/transacciones-flujo-caja/37/quick','PUT','2025-11-18 11:14:12',NULL,'EXITOSO',NULL,NULL),(336,5,'Carlos Andrés Gómez','carlos.gomez@flujo.com','CREATE','FLUJO_CAJA','Transacción','2025-11-18','CREATE transacción: OTROS en BANCO DAVIVIENDA - N/A por $-2','null','{\"valor\": -2.0}','127.0.0.1','Google Chrome','/api/v1/api/transacciones-flujo-caja/','POST','2025-11-18 11:17:03',NULL,'EXITOSO',NULL,NULL),(337,5,'Carlos Andrés Gómez','carlos.gomez@flujo.com','UPDATE','FLUJO_CAJA','Transacción','2025-11-18','UPDATE transacción: OTROS en BANCO DAVIVIENDA - N/A ($-2 → $-15)','{\"valor\": -2.0}','{\"valor\": -15.0}','127.0.0.1','Google Chrome','/api/v1/api/transacciones-flujo-caja/38/quick','PUT','2025-11-18 11:18:14',NULL,'EXITOSO',NULL,NULL),(338,5,'Carlos Andrés Gómez','carlos.gomez@flujo.com','UPDATE','FLUJO_CAJA','Transacción','2025-09-01','UPDATE transacción: INTERCIAS RELAC./INDUS en BANCO DAVIVIENDA - N/A ($3 → $60)','{\"valor\": 3.0}','{\"valor\": 60.0}','127.0.0.1','Google Chrome','/api/v1/api/transacciones-flujo-caja/37/quick','PUT','2025-11-18 11:18:59',NULL,'EXITOSO',NULL,NULL),(339,5,'Carlos Andrés Gómez','carlos.gomez@flujo.com','CREATE','FLUJO_CAJA','Transacción','2025-09-02','CREATE transacción: INTERCIAS RELAC./INDUS en BANCO DAVIVIENDA - N/A por $62','null','{\"valor\": 62.0}','127.0.0.1','Google Chrome','/api/v1/api/transacciones-flujo-caja/','POST','2025-11-18 11:19:10',NULL,'EXITOSO',NULL,NULL),(340,5,'Carlos Andrés Gómez','carlos.gomez@flujo.com','CREATE','FLUJO_CAJA','Transacción','2025-09-02','CREATE transacción: INTERCIAS RELAC./INDUS en BANCO DAVIVIENDA - N/A por $456','null','{\"valor\": 456.0}','127.0.0.1','Google Chrome','/api/v1/api/transacciones-flujo-caja/','POST','2025-11-18 11:20:10',NULL,'EXITOSO',NULL,NULL),(341,5,'Carlos Andrés Gómez','carlos.gomez@flujo.com','CREATE','FLUJO_CAJA','Transacción','2025-11-11','CREATE transacción: SWAP en BANCO DAVIVIENDA - N/A por $-65','null','{\"valor\": -65.0}','127.0.0.1','Google Chrome','/api/v1/api/transacciones-flujo-caja/','POST','2025-11-18 11:20:27',NULL,'EXITOSO',NULL,NULL),(342,5,'Carlos Andrés Gómez','carlos.gomez@flujo.com','CREATE','FLUJO_CAJA','Transacción','2025-11-11','CREATE transacción: EMBARGOS en BANCO DAVIVIENDA - N/A por $-88','null','{\"valor\": -88.0}','127.0.0.1','Google Chrome','/api/v1/api/transacciones-flujo-caja/','POST','2025-11-18 11:20:37',NULL,'EXITOSO',NULL,NULL),(343,5,'Carlos Andrés Gómez','carlos.gomez@flujo.com','CREATE','FLUJO_CAJA','Transacción','2025-11-11','CREATE transacción: EMBARGOS en BANCO DAVIVIENDA - 482800001265 por $65','null','{\"valor\": 65.0}','127.0.0.1','Google Chrome','/api/v1/api/transacciones-flujo-caja/','POST','2025-11-18 11:20:48',NULL,'EXITOSO',NULL,NULL),(344,5,'Carlos Andrés Gómez','carlos.gomez@flujo.com','CREATE','FLUJO_CAJA','Transacción','2025-11-18','CREATE transacción: INTERCIAS RELAC./INDUS en BANCO DAVIVIENDA - N/A por $98','null','{\"valor\": 98.0}','127.0.0.1','Google Chrome','/api/v1/api/transacciones-flujo-caja/','POST','2025-11-18 11:23:09',NULL,'EXITOSO',NULL,NULL),(345,5,'Carlos Andrés Gómez','carlos.gomez@flujo.com','CREATE','FLUJO_CAJA','Transacción','2025-11-18','CREATE transacción: NOMINA PENSIONES en BANCO DAVIVIENDA - N/A por $55','null','{\"valor\": 55.0}','127.0.0.1','Google Chrome','/api/v1/api/transacciones-flujo-caja/','POST','2025-11-18 11:25:05',NULL,'EXITOSO',NULL,NULL),(346,5,'Carlos Andrés Gómez','carlos.gomez@flujo.com','CREATE','FLUJO_CAJA','Transacción','2025-11-18','CREATE transacción: NOMINA PENSIONES en BANCO DAVIVIENDA - N/A por $-32','null','{\"valor\": -32.0}','127.0.0.1','Google Chrome','/api/v1/api/transacciones-flujo-caja/','POST','2025-11-18 11:25:55',NULL,'EXITOSO',NULL,NULL),(347,5,'Carlos Andrés Gómez','carlos.gomez@flujo.com','CREATE','FLUJO_CAJA','Transacción','2025-11-18','CREATE transacción: NOMINA PENSIONES en BANCO DAVIVIENDA - 482800001265 por $-55','null','{\"valor\": -55.0}','127.0.0.1','Google Chrome','/api/v1/api/transacciones-flujo-caja/','POST','2025-11-18 11:26:30',NULL,'EXITOSO',NULL,NULL),(348,5,'Carlos Andrés Gómez','carlos.gomez@flujo.com','CREATE','FLUJO_CAJA','Transacción','2025-11-18','CREATE transacción: OTROS en BANCO DAVIVIENDA - N/A por $666','null','{\"valor\": 666.0}','127.0.0.1','Google Chrome','/api/v1/api/transacciones-flujo-caja/','POST','2025-11-18 11:27:34',NULL,'EXITOSO',NULL,NULL),(349,5,'Carlos Andrés Gómez','carlos.gomez@flujo.com','CREATE','FLUJO_CAJA','Transacción','2025-11-18','CREATE transacción: OTROS en BANCO DAVIVIENDA - N/A por $-777','null','{\"valor\": -777.0}','127.0.0.1','Google Chrome','/api/v1/api/transacciones-flujo-caja/','POST','2025-11-18 11:27:42',NULL,'EXITOSO',NULL,NULL),(350,5,'Carlos Andrés Gómez','carlos.gomez@flujo.com','CREATE','FLUJO_CAJA','Transacción','2025-11-18','CREATE transacción: NOMINA PENSIONES en BANCO DAVIVIENDA - 482800001273 por $-999','null','{\"valor\": -999.0}','127.0.0.1','Google Chrome','/api/v1/api/transacciones-flujo-caja/','POST','2025-11-18 11:28:39',NULL,'EXITOSO',NULL,NULL),(351,5,'Carlos Andrés Gómez','carlos.gomez@flujo.com','CREATE','FLUJO_CAJA','Transacción','2025-11-18','CREATE transacción: RETIRO DE CAPITAL ENCARGOS en BANCO DAVIVIENDA - N/A por $5,000,000','null','{\"valor\": 5000000.0}','127.0.0.1','Google Chrome','/api/v1/api/transacciones-flujo-caja/','POST','2025-11-18 11:31:08',NULL,'EXITOSO',NULL,NULL),(352,5,'Carlos Andrés Gómez','carlos.gomez@flujo.com','CREATE','FLUJO_CAJA','Transacción','2025-11-18','CREATE transacción: TRASLADO ARL en BANCO DAVIVIENDA - N/A por $15,801,000','null','{\"valor\": 15801000.0}','127.0.0.1','Google Chrome','/api/v1/api/transacciones-flujo-caja/','POST','2025-11-18 11:31:19',NULL,'EXITOSO',NULL,NULL),(353,5,'Carlos Andrés Gómez','carlos.gomez@flujo.com','CREATE','FLUJO_CAJA','Transacción','2025-11-18','CREATE transacción: COMISIONES en BANCO DAVIVIENDA - N/A por $-2,085','null','{\"valor\": -2085.07}','127.0.0.1','Google Chrome','/api/v1/api/transacciones-flujo-caja/','POST','2025-11-18 11:31:36',NULL,'EXITOSO',NULL,NULL),(354,5,'Carlos Andrés Gómez','carlos.gomez@flujo.com','UPDATE','FLUJO_CAJA','Transacción','2025-11-18','UPDATE transacción: COMISIONES en BANCO DAVIVIENDA - N/A ($-2,085 → $-2,085)','{\"valor\": -2085.07}','{\"valor\": -2085.06}','127.0.0.1','Google Chrome','/api/v1/api/transacciones-flujo-caja/14/quick','PUT','2025-11-18 11:32:22',NULL,'EXITOSO',NULL,NULL),(355,5,'Carlos Andrés Gómez','carlos.gomez@flujo.com','UPDATE','FLUJO_CAJA','Transacción','2025-11-18','UPDATE transacción: COMISIONES en BANCO DAVIVIENDA - N/A ($-2,085 → $-2,085)','{\"valor\": -2085.06}','{\"valor\": -2085.07}','127.0.0.1','Google Chrome','/api/v1/api/transacciones-flujo-caja/14/quick','PUT','2025-11-18 11:32:29',NULL,'EXITOSO',NULL,NULL),(356,5,'Carlos Andrés Gómez','carlos.gomez@flujo.com','UPDATE','FLUJO_CAJA','Transacción','2025-11-18','UPDATE transacción: COMISIONES en BANCO DAVIVIENDA - N/A ($-2,085 → $-1,000,000)','{\"valor\": -2085.07}','{\"valor\": -1000000.0}','127.0.0.1','Google Chrome','/api/v1/api/transacciones-flujo-caja/14/quick','PUT','2025-11-18 11:32:38',NULL,'EXITOSO',NULL,NULL),(357,5,'Carlos Andrés Gómez','carlos.gomez@flujo.com','UPDATE','FLUJO_CAJA','Transacción','2025-11-18','UPDATE transacción: COMISIONES en BANCO DAVIVIENDA - N/A ($-1,000,000 → $-2,085)','{\"valor\": -1000000.0}','{\"valor\": -2085.07}','127.0.0.1','Google Chrome','/api/v1/api/transacciones-flujo-caja/14/quick','PUT','2025-11-18 11:32:49',NULL,'EXITOSO',NULL,NULL),(358,5,'Carlos Andrés Gómez','carlos.gomez@flujo.com','CREATE','FLUJO_CAJA','Transacción','2025-09-01','CREATE transacción: RETIRO DE CAPITAL ENCARGOS en BANCO DAVIVIENDA - N/A por $5,000,000','null','{\"valor\": 5000000.0}','127.0.0.1','Google Chrome','/api/v1/api/transacciones-flujo-caja/','POST','2025-11-18 11:36:52',NULL,'EXITOSO',NULL,NULL),(359,5,'Carlos Andrés Gómez','carlos.gomez@flujo.com','CREATE','FLUJO_CAJA','Transacción','2025-09-01','CREATE transacción: TRASLADO ARL en BANCO DAVIVIENDA - N/A por $15,801,000','null','{\"valor\": 15801000.0}','127.0.0.1','Google Chrome','/api/v1/api/transacciones-flujo-caja/','POST','2025-11-18 11:37:02',NULL,'EXITOSO',NULL,NULL),(360,5,'Carlos Andrés Gómez','carlos.gomez@flujo.com','CREATE','FLUJO_CAJA','Transacción','2025-09-01','CREATE transacción: COMISIONES en BANCO DAVIVIENDA - N/A por $-2,085','null','{\"valor\": -2085.07}','127.0.0.1','Google Chrome','/api/v1/api/transacciones-flujo-caja/','POST','2025-11-18 11:37:22',NULL,'EXITOSO',NULL,NULL),(361,5,'Carlos Andrés Gómez','carlos.gomez@flujo.com','CREATE','FLUJO_CAJA','Transacción','2025-09-01','CREATE transacción: SALDOS EN BANCOS en BANCO DAVIVIENDA - N/A por $8,392,940','null','{\"valor\": 8392940.32}','127.0.0.1','Google Chrome','/api/v1/api/transacciones-flujo-caja/','POST','2025-11-18 11:38:24',NULL,'EXITOSO',NULL,NULL),(362,5,'Carlos Andrés Gómez','carlos.gomez@flujo.com','CREATE','FLUJO_CAJA','Transacción','2025-09-01','CREATE transacción: CONSUMO NACIONAL en BANCO DAVIVIENDA - N/A por $-41,813','null','{\"valor\": -41813.17}','127.0.0.1','Google Chrome','/api/v1/api/transacciones-flujo-caja/','POST','2025-11-18 11:38:46',NULL,'EXITOSO',NULL,NULL),(363,5,'Carlos Andrés Gómez','carlos.gomez@flujo.com','CREATE','FLUJO_CAJA','Transacción','2025-09-01','CREATE transacción: INGRESO CTA PAGADURIA en BANCO DAVIVIENDA - N/A por $2,000','null','{\"valor\": 2000.0}','127.0.0.1','Google Chrome','/api/v1/api/transacciones-flujo-caja/','POST','2025-11-18 11:38:52',NULL,'EXITOSO',NULL,NULL),(364,5,'Carlos Andrés Gómez','carlos.gomez@flujo.com','CREATE','FLUJO_CAJA','Transacción','2025-09-01','CREATE transacción: EMBARGOS en BANCO DAVIVIENDA - N/A por $-49,580','null','{\"valor\": -49579.65}','127.0.0.1','Google Chrome','/api/v1/api/transacciones-flujo-caja/','POST','2025-11-18 11:39:11',NULL,'EXITOSO',NULL,NULL),(365,5,'Carlos Andrés Gómez','carlos.gomez@flujo.com','CREATE','FLUJO_CAJA','Transacción','2025-09-01','CREATE transacción: OTROS PAGOS en BANCO DAVIVIENDA - N/A por $-60,359','null','{\"valor\": -60358.52}','127.0.0.1','Google Chrome','/api/v1/api/transacciones-flujo-caja/','POST','2025-11-18 11:39:23',NULL,'EXITOSO',NULL,NULL),(366,5,'Carlos Andrés Gómez','carlos.gomez@flujo.com','CREATE','FLUJO_CAJA','Transacción','2025-09-01','CREATE transacción: VENTAN PROVEEDORES en BANCO DAVIVIENDA - N/A por $-2,521,095','null','{\"valor\": -2521095.41}','127.0.0.1','Google Chrome','/api/v1/api/transacciones-flujo-caja/','POST','2025-11-18 11:39:34',NULL,'EXITOSO',NULL,NULL),(367,5,'Carlos Andrés Gómez','carlos.gomez@flujo.com','CREATE','FLUJO_CAJA','Transacción','2025-09-01','CREATE transacción: NOMINA ADMINISTRATIVA en BANCO DAVIVIENDA - N/A por $55,502','null','{\"valor\": 55502.18}','127.0.0.1','Google Chrome','/api/v1/api/transacciones-flujo-caja/','POST','2025-11-18 11:40:02',NULL,'EXITOSO',NULL,NULL),(368,5,'Carlos Andrés Gómez','carlos.gomez@flujo.com','CREATE','FLUJO_CAJA','Transacción','2025-09-01','CREATE transacción: NOMINA PENSIONES en BANCO DAVIVIENDA - N/A por $-23,415,518','null','{\"valor\": -23415517.71}','127.0.0.1','Google Chrome','/api/v1/api/transacciones-flujo-caja/','POST','2025-11-18 11:40:16',NULL,'EXITOSO',NULL,NULL),(369,5,'Carlos Andrés Gómez','carlos.gomez@flujo.com','CREATE','FLUJO_CAJA','Transacción','2025-09-01','CREATE transacción: PAGO SOI en BANCO DAVIVIENDA - N/A por $-21,885','null','{\"valor\": -21885.1}','127.0.0.1','Google Chrome','/api/v1/api/transacciones-flujo-caja/','POST','2025-11-18 11:40:28',NULL,'EXITOSO',NULL,NULL),(370,5,'Carlos Andrés Gómez','carlos.gomez@flujo.com','CREATE','FLUJO_CAJA','Transacción','2025-09-01','CREATE transacción: INGRESO en BANCO DAVIVIENDA - N/A por $100,388,534','null','{\"valor\": 100388534.08}','127.0.0.1','Google Chrome','/api/v1/api/transacciones-flujo-caja/','POST','2025-11-18 11:41:25',NULL,'EXITOSO',NULL,NULL),(371,5,'Carlos Andrés Gómez','carlos.gomez@flujo.com','UPDATE','FLUJO_CAJA','Transacción','2025-09-01','UPDATE transacción: NOMINA PENSIONES en BANCO DAVIVIENDA - N/A ($-23,415,518 → $-23,415,518)','{\"valor\": -23415517.71}','{\"valor\": -23415517.72}','127.0.0.1','Google Chrome','/api/v1/api/transacciones-flujo-caja/24/quick','PUT','2025-11-18 12:52:22',NULL,'EXITOSO',NULL,NULL),(372,5,'Carlos Andrés Gómez','carlos.gomez@flujo.com','UPDATE','FLUJO_CAJA','Transacción','2025-09-01','UPDATE transacción: NOMINA PENSIONES en BANCO DAVIVIENDA - N/A ($-23,415,518 → $-23,415,518)','{\"valor\": -23415517.72}','{\"valor\": -23415517.71}','127.0.0.1','Google Chrome','/api/v1/api/transacciones-flujo-caja/24/quick','PUT','2025-11-18 13:17:38',NULL,'EXITOSO',NULL,NULL),(373,5,'Carlos Andrés Gómez','carlos.gomez@flujo.com','CREATE','FLUJO_CAJA','Transacción','2025-09-01','CREATE transacción: RETIRO DE CAPITAL ENCARGOS en BANCO DAVIVIENDA - N/A por $5,000,000','null','{\"valor\": 5000000.0}','127.0.0.1','Google Chrome','/api/v1/api/transacciones-flujo-caja/','POST','2025-11-18 13:32:26',NULL,'EXITOSO',NULL,NULL),(374,5,'Carlos Andrés Gómez','carlos.gomez@flujo.com','CREATE','FLUJO_CAJA','Transacción','2025-09-01','CREATE transacción: TRASLADO ARL en BANCO DAVIVIENDA - N/A por $15,801,000','null','{\"valor\": 15801000.0}','127.0.0.1','Google Chrome','/api/v1/api/transacciones-flujo-caja/','POST','2025-11-18 13:32:36',NULL,'EXITOSO',NULL,NULL),(375,5,'Carlos Andrés Gómez','carlos.gomez@flujo.com','CREATE','FLUJO_CAJA','Transacción','2025-09-01','CREATE transacción: COMISIONES en BANCO DAVIVIENDA - N/A por $-2,085','null','{\"valor\": -2085.07}','127.0.0.1','Google Chrome','/api/v1/api/transacciones-flujo-caja/','POST','2025-11-18 13:33:11',NULL,'EXITOSO',NULL,NULL),(376,5,'Carlos Andrés Gómez','carlos.gomez@flujo.com','CREATE','FLUJO_CAJA','Transacción','2025-09-01','CREATE transacción: SALDOS EN BANCOS en BANCO DAVIVIENDA - N/A por $8,392,940','null','{\"valor\": 8392940.32}','127.0.0.1','Google Chrome','/api/v1/api/transacciones-flujo-caja/','POST','2025-11-18 13:33:45',NULL,'EXITOSO',NULL,NULL),(377,5,'Carlos Andrés Gómez','carlos.gomez@flujo.com','CREATE','FLUJO_CAJA','Transacción','2025-09-01','CREATE transacción: INGRESO en BANCO DAVIVIENDA - N/A por $100,388,534','null','{\"valor\": 100388534.08}','127.0.0.1','Google Chrome','/api/v1/api/transacciones-flujo-caja/','POST','2025-11-18 13:34:07',NULL,'EXITOSO',NULL,NULL),(378,5,'Carlos Andrés Gómez','carlos.gomez@flujo.com','CREATE','FLUJO_CAJA','Transacción','2025-09-01','CREATE transacción: CONSUMO NACIONAL en BANCO DAVIVIENDA - N/A por $-41,813','null','{\"valor\": -41813.17}','127.0.0.1','Google Chrome','/api/v1/api/transacciones-flujo-caja/','POST','2025-11-18 13:34:30',NULL,'EXITOSO',NULL,NULL),(379,5,'Carlos Andrés Gómez','carlos.gomez@flujo.com','CREATE','FLUJO_CAJA','Transacción','2025-09-01','CREATE transacción: INGRESO CTA PAGADURIA en BANCO DAVIVIENDA - N/A por $2,000','null','{\"valor\": 2000.0}','127.0.0.1','Google Chrome','/api/v1/api/transacciones-flujo-caja/','POST','2025-11-18 13:34:37',NULL,'EXITOSO',NULL,NULL),(380,5,'Carlos Andrés Gómez','carlos.gomez@flujo.com','CREATE','FLUJO_CAJA','Transacción','2025-09-01','CREATE transacción: EMBARGOS en BANCO DAVIVIENDA - N/A por $-49,580','null','{\"valor\": -49579.65}','127.0.0.1','Google Chrome','/api/v1/api/transacciones-flujo-caja/','POST','2025-11-18 13:34:54',NULL,'EXITOSO',NULL,NULL),(381,5,'Carlos Andrés Gómez','carlos.gomez@flujo.com','CREATE','FLUJO_CAJA','Transacción','2025-09-01','CREATE transacción: OTROS PAGOS en BANCO DAVIVIENDA - N/A por $-60,359','null','{\"valor\": -60358.52}','127.0.0.1','Google Chrome','/api/v1/api/transacciones-flujo-caja/','POST','2025-11-18 13:35:05',NULL,'EXITOSO',NULL,NULL),(382,5,'Carlos Andrés Gómez','carlos.gomez@flujo.com','CREATE','FLUJO_CAJA','Transacción','2025-09-01','CREATE transacción: NOMINA ADMINISTRATIVA en BANCO DAVIVIENDA - N/A por $55,502','null','{\"valor\": 55502.18}','127.0.0.1','Google Chrome','/api/v1/api/transacciones-flujo-caja/','POST','2025-11-18 13:35:33',NULL,'EXITOSO',NULL,NULL),(383,5,'Carlos Andrés Gómez','carlos.gomez@flujo.com','CREATE','FLUJO_CAJA','Transacción','2025-09-01','CREATE transacción: NOMINA PENSIONES en BANCO DAVIVIENDA - N/A por $-23,415,518','null','{\"valor\": -23415517.71}','127.0.0.1','Google Chrome','/api/v1/api/transacciones-flujo-caja/','POST','2025-11-18 13:35:46',NULL,'EXITOSO',NULL,NULL),(384,5,'Carlos Andrés Gómez','carlos.gomez@flujo.com','CREATE','FLUJO_CAJA','Transacción','2025-09-01','CREATE transacción: PAGO SOI en BANCO DAVIVIENDA - N/A por $-21,885','null','{\"valor\": -21885.1}','127.0.0.1','Google Chrome','/api/v1/api/transacciones-flujo-caja/','POST','2025-11-18 13:35:54',NULL,'EXITOSO',NULL,NULL),(385,5,'Carlos Andrés Gómez','carlos.gomez@flujo.com','CREATE','FLUJO_CAJA','Transacción','2025-09-01','CREATE transacción: VENTAN PROVEEDORES en BANCO DAVIVIENDA - N/A por $-2,521,095','null','{\"valor\": -2521095.41}','127.0.0.1','Google Chrome','/api/v1/api/transacciones-flujo-caja/','POST','2025-11-18 13:37:04',NULL,'EXITOSO',NULL,NULL),(386,5,'Carlos Andrés Gómez','carlos.gomez@flujo.com','UPDATE','FLUJO_CAJA','Transacción','2025-09-01','UPDATE transacción: COMISIONES en BANCO DAVIVIENDA - N/A ($-2,085 → $-2,085)','{\"valor\": -2085.07}','{\"valor\": -2085.08}','127.0.0.1','Google Chrome','/api/v1/api/transacciones-flujo-caja/16/quick','PUT','2025-11-18 13:52:37',NULL,'EXITOSO',NULL,NULL),(387,5,'Carlos Andrés Gómez','carlos.gomez@flujo.com','UPDATE','FLUJO_CAJA','Transacción','2025-09-01','UPDATE transacción: COMISIONES en BANCO DAVIVIENDA - N/A ($-2,085 → $-2,085)','{\"valor\": -2085.08}','{\"valor\": -2085.07}','127.0.0.1','Google Chrome','/api/v1/api/transacciones-flujo-caja/16/quick','PUT','2025-11-18 13:52:43',NULL,'EXITOSO',NULL,NULL),(388,5,'Carlos Andrés Gómez','carlos.gomez@flujo.com','CREATE','FLUJO_CAJA','Transacción','2025-11-18','CREATE transacción: SWAP en BANCO DAVIVIENDA - N/A por $5,000','null','{\"valor\": 5000.0}','127.0.0.1','Google Chrome','/api/v1/api/transacciones-flujo-caja/','POST','2025-11-18 14:21:11',NULL,'EXITOSO',NULL,NULL),(389,5,'Carlos Andrés Gómez','carlos.gomez@flujo.com','CREATE','FLUJO_CAJA','Transacción','2025-11-18','CREATE transacción: SWAP en BANCO DAVIVIENDA - N/A por $60,000','null','{\"valor\": 60000.0}','127.0.0.1','Google Chrome','/api/v1/api/transacciones-flujo-caja/','POST','2025-11-18 14:22:57',NULL,'EXITOSO',NULL,NULL),(390,5,'Carlos Andrés Gómez','carlos.gomez@flujo.com','CREATE','FLUJO_CAJA','Transacción','2025-11-18','CREATE transacción: SWAP en BANCO DAVIVIENDA - N/A por $1,000','null','{\"valor\": 1000.0}','127.0.0.1','Google Chrome','/api/v1/api/transacciones-flujo-caja/','POST','2025-11-18 14:33:26',NULL,'EXITOSO',NULL,NULL),(391,5,'Carlos Andrés Gómez','carlos.gomez@flujo.com','CREATE','FLUJO_CAJA','Transacción','2025-11-18','CREATE transacción: SWAP en BANCO DAVIVIENDA - 482800001265 por $2,000','null','{\"valor\": 2000.0}','127.0.0.1','Google Chrome','/api/v1/api/transacciones-flujo-caja/','POST','2025-11-18 14:35:21',NULL,'EXITOSO',NULL,NULL),(392,5,'Carlos Andrés Gómez','carlos.gomez@flujo.com','CREATE','FLUJO_CAJA','Transacción','2025-11-18','CREATE transacción: SWAP en BANCO DAVIVIENDA - 482800001273 por $3,000','null','{\"valor\": 3000.0}','127.0.0.1','Google Chrome','/api/v1/api/transacciones-flujo-caja/','POST','2025-11-18 14:41:43',NULL,'EXITOSO',NULL,NULL),(393,5,'Carlos Andrés Gómez','carlos.gomez@flujo.com','CREATE','FLUJO_CAJA','Transacción','2025-11-18','CREATE transacción: SWAP en BANCO DAVIVIENDA - 482800002024 por $4,000','null','{\"valor\": 4000.0}','127.0.0.1','Google Chrome','/api/v1/api/transacciones-flujo-caja/','POST','2025-11-18 14:42:19',NULL,'EXITOSO',NULL,NULL),(394,5,'Carlos Andrés Gómez','carlos.gomez@flujo.com','UPDATE','FLUJO_CAJA','Transacción','2025-11-18','UPDATE transacción: SWAP en BANCO DAVIVIENDA - N/A ($60,000 → $5,000)','{\"valor\": 60000.0}','{\"valor\": 5000.0}','127.0.0.1','Google Chrome','/api/v1/api/transacciones-flujo-caja/42/quick','PUT','2025-11-18 14:47:52',NULL,'EXITOSO',NULL,NULL),(395,5,'Carlos Andrés Gómez','carlos.gomez@flujo.com','UPDATE','FLUJO_CAJA','Transacción','2025-11-18','UPDATE transacción: SWAP en BANCO DAVIVIENDA - 482800002024 ($4,000 → $5,000)','{\"valor\": 4000.0}','{\"valor\": 5000.0}','127.0.0.1','Google Chrome','/api/v1/api/transacciones-flujo-caja/93/quick','PUT','2025-11-18 14:48:08',NULL,'EXITOSO',NULL,NULL),(396,5,'Carlos Andrés Gómez','carlos.gomez@flujo.com','CREATE','FLUJO_CAJA','Transacción','2025-11-18','CREATE transacción: SWAP en BANCO DAVIVIENDA - 482800001257 por $5,000','null','{\"valor\": 5000.0}','127.0.0.1','Google Chrome','/api/v1/api/transacciones-flujo-caja/','POST','2025-11-18 14:48:26',NULL,'EXITOSO',NULL,NULL),(397,5,'Carlos Andrés Gómez','carlos.gomez@flujo.com','CREATE','FLUJO_CAJA','Transacción','2025-11-18','CREATE transacción: SWAP en BANCO DAVIVIENDA - N/A por $1,000','null','{\"valor\": 1000.0}','127.0.0.1','Google Chrome','/api/v1/api/transacciones-flujo-caja/','POST','2025-11-18 14:51:57',NULL,'EXITOSO',NULL,NULL),(398,5,'Carlos Andrés Gómez','carlos.gomez@flujo.com','CREATE','FLUJO_CAJA','Transacción','2025-11-18','CREATE transacción: SWAP en BANCO DAVIVIENDA - N/A por $2,000','null','{\"valor\": 2000.0}','127.0.0.1','Google Chrome','/api/v1/api/transacciones-flujo-caja/','POST','2025-11-18 14:52:50',NULL,'EXITOSO',NULL,NULL),(399,5,'Carlos Andrés Gómez','carlos.gomez@flujo.com','UPDATE','FLUJO_CAJA','Transacción','2025-11-18','UPDATE transacción: SWAP en BANCO DAVIVIENDA - N/A ($2,000 → $3,000)','{\"valor\": 2000.0}','{\"valor\": 3000.0}','127.0.0.1','Google Chrome','/api/v1/api/transacciones-flujo-caja/13/quick','PUT','2025-11-18 14:53:00',NULL,'EXITOSO',NULL,NULL),(400,5,'Carlos Andrés Gómez','carlos.gomez@flujo.com','CREATE','FLUJO_CAJA','Transacción','2025-11-18','CREATE transacción: SWAP en BANCO DAVIVIENDA - 482800001265 por $2,000','null','{\"valor\": 2000.0}','127.0.0.1','Google Chrome','/api/v1/api/transacciones-flujo-caja/','POST','2025-11-18 14:58:32',NULL,'EXITOSO',NULL,NULL),(401,5,'Carlos Andrés Gómez','carlos.gomez@flujo.com','UPDATE','FLUJO_CAJA','Transacción','2025-11-18','UPDATE transacción: SWAP en BANCO DAVIVIENDA - 482800001265 ($2,000 → $4,000)','{\"valor\": 2000.0}','{\"valor\": 4000.0}','127.0.0.1','Google Chrome','/api/v1/api/transacciones-flujo-caja/26/quick','PUT','2025-11-18 14:58:40',NULL,'EXITOSO',NULL,NULL),(402,5,'Carlos Andrés Gómez','carlos.gomez@flujo.com','CREATE','FLUJO_CAJA','Transacción','2025-11-18','CREATE transacción: OTROS en BANCO DAVIVIENDA - N/A por $1,000','null','{\"valor\": 1000.0}','127.0.0.1','Google Chrome','/api/v1/api/transacciones-flujo-caja/','POST','2025-11-18 15:03:49',NULL,'EXITOSO',NULL,NULL),(403,5,'Carlos Andrés Gómez','carlos.gomez@flujo.com','UPDATE','FLUJO_CAJA','Transacción','2025-11-18','UPDATE transacción: OTROS en BANCO DAVIVIENDA - N/A ($1,000 → $2,000)','{\"valor\": 1000.0}','{\"valor\": 2000.0}','127.0.0.1','Google Chrome','/api/v1/api/transacciones-flujo-caja/1/quick','PUT','2025-11-18 15:04:40',NULL,'EXITOSO',NULL,NULL),(404,5,'Carlos Andrés Gómez','carlos.gomez@flujo.com','CREATE','FLUJO_CAJA','Transacción','2025-11-18','CREATE transacción: OTROS en BANCO DAVIVIENDA - N/A por $3,000','null','{\"valor\": 3000.0}','127.0.0.1','Google Chrome','/api/v1/api/transacciones-flujo-caja/','POST','2025-11-18 15:09:05',NULL,'EXITOSO',NULL,NULL),(405,5,'Carlos Andrés Gómez','carlos.gomez@flujo.com','UPDATE','FLUJO_CAJA','Transacción','2025-11-18','UPDATE transacción: OTROS en BANCO DAVIVIENDA - N/A ($3,000 → $4,000)','{\"valor\": 3000.0}','{\"valor\": 4000.0}','127.0.0.1','Google Chrome','/api/v1/api/transacciones-flujo-caja/13/quick','PUT','2025-11-18 15:09:14',NULL,'EXITOSO',NULL,NULL),(406,5,'Carlos Andrés Gómez','carlos.gomez@flujo.com','READ','CONCILIACION','ConciliacionContable',NULL,'Consultó conciliación para fecha: 2025-11-19','null','{\"fecha\": \"2025-11-19\"}','127.0.0.1','Desconocido',NULL,NULL,'2025-11-19 16:35:44',NULL,'EXITOSO',NULL,NULL),(407,5,'Carlos Andrés Gómez','carlos.gomez@flujo.com','READ','CONCILIACION','ConciliacionContable',NULL,'Consultó conciliación para fecha: 2025-11-25','null','{\"fecha\": \"2025-11-25\"}','127.0.0.1','Desconocido',NULL,NULL,'2025-11-25 08:56:55',NULL,'EXITOSO',NULL,NULL),(408,5,'Carlos Andrés Gómez','carlos.gomez@flujo.com','CREATE','FLUJO_CAJA','Transacción','2025-11-25','CREATE transacción: PAGOS INTERCOMPAÑÍAS en BANCO DAVIVIENDA - N/A por $2,000','null','{\"valor\": 2000.0}','127.0.0.1','Google Chrome','/api/v1/api/transacciones-flujo-caja/','POST','2025-11-25 13:52:27',NULL,'EXITOSO',NULL,NULL),(409,5,'Carlos Andrés Gómez','carlos.gomez@flujo.com','READ','CONCILIACION','ConciliacionContable',NULL,'Consultó conciliación para fecha: 2025-12-02','null','{\"fecha\": \"2025-12-02\"}','127.0.0.1','Desconocido',NULL,NULL,'2025-12-02 13:26:21',NULL,'EXITOSO',NULL,NULL),(410,5,'Carlos Andrés Gómez','carlos.gomez@flujo.com','CREATE','FLUJO_CAJA','Transacción','2025-12-03','CREATE transacción: SALDOS EN BANCOS en BANCO DAVIVIENDA - N/A por $3','null','{\"valor\": 3.0}','127.0.0.1','Google Chrome','/api/v1/api/transacciones-flujo-caja/','POST','2025-12-03 08:26:21',NULL,'EXITOSO',NULL,NULL),(411,5,'Carlos Andrés Gómez','carlos.gomez@flujo.com','READ','CONCILIACION','ConciliacionContable',NULL,'Consultó conciliación para fecha: 2025-12-03','null','{\"fecha\": \"2025-12-03\"}','127.0.0.1','Desconocido',NULL,NULL,'2025-12-03 08:34:32',NULL,'EXITOSO',NULL,NULL),(412,5,'Carlos Andrés Gómez','carlos.gomez@flujo.com','CREATE','FLUJO_CAJA','Transacción','2025-12-03','CREATE transacción: PAGOS INTERCOMPAÑÍAS en BANCO DAVIVIENDA - N/A por $50','null','{\"valor\": 50.0}','127.0.0.1','Google Chrome','/api/v1/api/transacciones-flujo-caja/','POST','2025-12-03 08:36:38',NULL,'EXITOSO',NULL,NULL),(413,5,'Carlos Andrés Gómez','carlos.gomez@flujo.com','CREATE','FLUJO_CAJA','Transacción','2025-12-03','CREATE transacción: INGRESOS INTERESES en BANCO DAVIVIENDA - N/A por $6,000','null','{\"valor\": 6000.0}','127.0.0.1','Google Chrome','/api/v1/api/transacciones-flujo-caja/','POST','2025-12-03 08:38:54',NULL,'EXITOSO',NULL,NULL),(414,5,'Carlos Andrés Gómez','carlos.gomez@flujo.com','CREATE','FLUJO_CAJA','Transacción','2025-12-03','CREATE transacción: INGRESO en BANCO DAVIVIENDA - N/A por $600','null','{\"valor\": 600.0}','127.0.0.1','Google Chrome','/api/v1/api/transacciones-flujo-caja/','POST','2025-12-03 08:39:26',NULL,'EXITOSO',NULL,NULL),(415,5,'Carlos Andrés Gómez','carlos.gomez@flujo.com','CREATE','FLUJO_CAJA','Transacción','2025-12-03','CREATE transacción: INGRESO CTA PAGADURIA en BANCO DAVIVIENDA - N/A por $300','null','{\"valor\": 300.0}','127.0.0.1','Google Chrome','/api/v1/api/transacciones-flujo-caja/','POST','2025-12-03 08:39:59',NULL,'EXITOSO',NULL,NULL),(416,5,'Carlos Andrés Gómez','carlos.gomez@flujo.com','CREATE','EMPRESAS','Compania','31','Creó empresa: ejeplo','null','{\"nombre\": \"ejeplo\"}','127.0.0.1','Desconocido',NULL,NULL,'2025-12-03 08:51:12',NULL,'EXITOSO',NULL,NULL),(417,5,'Carlos Andrés Gómez','carlos.gomez@flujo.com','CREATE','CUENTAS','CuentaBancaria','95','Creó cuenta bancaria: BBVA - 12345678 para ejeplo','null','{\"banco\": \"BBVA\", \"compania\": \"ejeplo\", \"numero_cuenta\": \"12345678\"}','127.0.0.1','Desconocido',NULL,NULL,'2025-12-03 08:52:26',NULL,'EXITOSO',NULL,NULL),(418,1,'Sistema Test','sistema@test.com','DELETE','CUENTAS','CuentaBancaria','95','Eliminó cuenta bancaria: BBVA - 12345678','{\"banco\": \"BBVA\", \"compania\": \"ejeplo\", \"numero_cuenta\": \"12345678\"}','null','127.0.0.1','Desconocido',NULL,NULL,'2025-12-03 09:12:52',NULL,'EXITOSO',NULL,NULL),(419,1,'Sistema Test','sistema@test.com','DELETE','EMPRESAS','Compania','31','Eliminó empresa: ejeplo','{\"nombre\": \"ejeplo\"}','null','127.0.0.1','Desconocido',NULL,NULL,'2025-12-03 09:12:56',NULL,'EXITOSO',NULL,NULL),(420,5,'Carlos Andrés Gómez','carlos.gomez@flujo.com','READ','CONCILIACION','ConciliacionContable',NULL,'Consultó conciliación para fecha: 2025-12-03','null','{\"fecha\": \"2025-12-03\"}','127.0.0.1','Desconocido',NULL,NULL,'2025-12-03 10:06:10',NULL,'EXITOSO',NULL,NULL),(421,5,'Carlos Andrés Gómez','carlos.gomez@flujo.com','READ','CONCILIACION','ConciliacionContable',NULL,'Consultó conciliación para fecha: 2025-12-03','null','{\"fecha\": \"2025-12-03\"}','127.0.0.1','Desconocido',NULL,NULL,'2025-12-03 10:07:13',NULL,'EXITOSO',NULL,NULL),(422,5,'Carlos Andrés Gómez','carlos.gomez@flujo.com','READ','CONCILIACION','ConciliacionContable',NULL,'Consultó conciliación para fecha: 2025-12-03','null','{\"fecha\": \"2025-12-03\"}','127.0.0.1','Desconocido',NULL,NULL,'2025-12-03 11:13:22',NULL,'EXITOSO',NULL,NULL),(423,5,'Carlos Andrés Gómez','carlos.gomez@flujo.com','READ','CONCILIACION','ConciliacionContable',NULL,'Consultó conciliación para fecha: 2025-12-03','null','{\"fecha\": \"2025-12-03\"}','127.0.0.1','Desconocido',NULL,NULL,'2025-12-03 11:18:18',NULL,'EXITOSO',NULL,NULL),(424,5,'Carlos Andrés Gómez','carlos.gomez@flujo.com','READ','CONCILIACION','ConciliacionContable',NULL,'Consultó conciliación para fecha: 2025-12-03','null','{\"fecha\": \"2025-12-03\"}','127.0.0.1','Desconocido',NULL,NULL,'2025-12-03 11:18:25',NULL,'EXITOSO',NULL,NULL),(425,5,'Carlos Andrés Gómez','carlos.gomez@flujo.com','CREATE','FLUJO_CAJA','Transacción','2025-12-09','CREATE transacción: PAGOS INTERCOMPAÑÍAS en BANCO DAVIVIENDA - N/A por $1,000','null','{\"valor\": 1000.0}','127.0.0.1','Google Chrome','/api/v1/api/transacciones-flujo-caja/','POST','2025-12-09 10:08:58',NULL,'EXITOSO',NULL,NULL),(426,5,'Carlos Andrés Gómez','carlos.gomez@flujo.com','CREATE','FLUJO_CAJA','Transacción','2025-12-09','CREATE transacción: PAGOS INTERCOMPAÑÍAS en CITIBANK COMP - 36203301 por $10,000','null','{\"valor\": 10000.0}','127.0.0.1','Google Chrome','/api/v1/api/transacciones-flujo-caja/','POST','2025-12-09 11:00:01',NULL,'EXITOSO',NULL,NULL),(427,5,'Carlos Andrés Gómez','carlos.gomez@flujo.com','UPDATE','FLUJO_CAJA','Transacción','2025-12-09','UPDATE transacción: PAGOS INTERCOMPAÑÍAS en CITIBANK COMP - 36203301 ($10,000 → $2)','{\"valor\": 10000.0}','{\"valor\": 2.36}','127.0.0.1','Google Chrome','/api/v1/api/transacciones-flujo-caja/1/quick','PUT','2025-12-09 11:00:12',NULL,'EXITOSO',NULL,NULL),(428,5,'Carlos Andrés Gómez','carlos.gomez@flujo.com','UPDATE','FLUJO_CAJA','Transacción','2025-12-09','UPDATE transacción: PAGOS INTERCOMPAÑÍAS en CITIBANK COMP - 36203301 ($2 → $60,000)','{\"valor\": 2.36}','{\"valor\": 60000.0}','127.0.0.1','Google Chrome','/api/v1/api/transacciones-flujo-caja/1/quick','PUT','2025-12-09 11:00:26',NULL,'EXITOSO',NULL,NULL),(429,5,'Carlos Andrés Gómez','carlos.gomez@flujo.com','CREATE','FLUJO_CAJA','Transacción','2025-12-09','CREATE transacción: PAGOS INTERCOMPAÑÍAS en CITIBANK COMP - 36203301 por $10,000','null','{\"valor\": 10000.0}','127.0.0.1','Google Chrome','/api/v1/api/transacciones-flujo-caja/','POST','2025-12-09 11:05:53',NULL,'EXITOSO',NULL,NULL),(430,5,'Carlos Andrés Gómez','carlos.gomez@flujo.com','CREATE','FLUJO_CAJA','Transacción','2025-12-09','CREATE transacción: PAGOS INTERCOMPAÑÍAS en CITIBANK COMP - 36203328 por $30,000','null','{\"valor\": 30000.0}','127.0.0.1','Google Chrome','/api/v1/api/transacciones-flujo-caja/','POST','2025-12-09 11:06:03',NULL,'EXITOSO',NULL,NULL),(431,5,'Carlos Andrés Gómez','carlos.gomez@flujo.com','CREATE','FLUJO_CAJA','Transacción','2025-12-09','CREATE transacción: PAGOS INTERCOMPAÑÍAS en CITIBANK COMP - 36203301 por $50,000','null','{\"valor\": 50000.0}','127.0.0.1','Google Chrome','/api/v1/api/transacciones-flujo-caja/','POST','2025-12-09 11:06:32',NULL,'EXITOSO',NULL,NULL),(432,5,'Carlos Andrés Gómez','carlos.gomez@flujo.com','CREATE','FLUJO_CAJA','Transacción','2025-12-09','CREATE transacción: PAGOS INTERCOMPAÑÍAS en CITIBANK COMP - 36203301 por $20,000','null','{\"valor\": 20000.0}','127.0.0.1','Google Chrome','/api/v1/api/transacciones-flujo-caja/','POST','2025-12-09 11:09:17',NULL,'EXITOSO',NULL,NULL),(433,5,'Carlos Andrés Gómez','carlos.gomez@flujo.com','CREATE','FLUJO_CAJA','Transacción','2025-12-09','CREATE transacción: PAGOS INTERCOMPAÑÍAS en CITIBANK COMP - 36203301 por $20,000','null','{\"valor\": 20000.0}','127.0.0.1','Google Chrome','/api/v1/api/transacciones-flujo-caja/','POST','2025-12-09 11:12:57',NULL,'EXITOSO',NULL,NULL),(434,5,'Carlos Andrés Gómez','carlos.gomez@flujo.com','CREATE','FLUJO_CAJA','Transacción','2025-12-09','CREATE transacción: PAGOS INTERCOMPAÑÍAS en CITIBANK COMP - 36203301 por $20,000','null','{\"valor\": 20000.0}','127.0.0.1','Google Chrome','/api/v1/api/transacciones-flujo-caja/','POST','2025-12-09 11:15:21',NULL,'EXITOSO',NULL,NULL),(435,5,'Carlos Andrés Gómez','carlos.gomez@flujo.com','CREATE','FLUJO_CAJA','Transacción','2025-12-09','CREATE transacción: PAGOS INTERCOMPAÑÍAS en CITIBANK COMP - 36203301 por $20,000','null','{\"valor\": 20000.0}','127.0.0.1','Google Chrome','/api/v1/api/transacciones-flujo-caja/','POST','2025-12-09 11:17:37',NULL,'EXITOSO',NULL,NULL),(436,5,'Carlos Andrés Gómez','carlos.gomez@flujo.com','CREATE','FLUJO_CAJA','Transacción','2025-12-09','CREATE transacción: COBROS INTERCOMPAÑÍAS en CITIBANK COMP - 36203301 por $-30','null','{\"valor\": -30.0}','127.0.0.1','Google Chrome','/api/v1/api/transacciones-flujo-caja/','POST','2025-12-09 11:22:18',NULL,'EXITOSO',NULL,NULL),(437,5,'Carlos Andrés Gómez','carlos.gomez@flujo.com','CREATE','FLUJO_CAJA','Transacción','2025-12-09','CREATE transacción: PAGOS INTERCOMPAÑÍAS en BANCO REPUBLICA - 62250782-0 por $5,000','null','{\"valor\": 5000.0}','127.0.0.1','Google Chrome','/api/v1/api/transacciones-flujo-caja/','POST','2025-12-09 11:24:36',NULL,'EXITOSO',NULL,NULL),(438,5,'Carlos Andrés Gómez','carlos.gomez@flujo.com','CREATE','FLUJO_CAJA','Transacción','2025-09-01','CREATE transacción: PAGOS INTERCOMPAÑÍAS en CITIBANK COMP - 36203301 por $120,823','null','{\"valor\": 120822.52}','127.0.0.1','Google Chrome','/api/v1/api/transacciones-flujo-caja/','POST','2025-12-09 11:28:53',NULL,'EXITOSO',NULL,NULL),(439,5,'Carlos Andrés Gómez','carlos.gomez@flujo.com','CREATE','FLUJO_CAJA','Transacción','2025-09-01','CREATE transacción: RETIRO DE CAPITAL ENCARGOS en BANCO DAVIVIENDA - N/A por $5,000,000','null','{\"valor\": 5000000.0}','127.0.0.1','Google Chrome','/api/v1/api/transacciones-flujo-caja/','POST','2025-12-09 14:17:56',NULL,'EXITOSO',NULL,NULL),(440,5,'Carlos Andrés Gómez','carlos.gomez@flujo.com','CREATE','FLUJO_CAJA','Transacción','2025-09-01','CREATE transacción: INCREMENTO DE CAPITAL ENCARGOS en BANCO DAVIVIENDA - N/A por $-15,000','null','{\"valor\": -15000.0}','127.0.0.1','Google Chrome','/api/v1/api/transacciones-flujo-caja/','POST','2025-12-09 14:18:07',NULL,'EXITOSO',NULL,NULL),(441,5,'Carlos Andrés Gómez','carlos.gomez@flujo.com','CREATE','FLUJO_CAJA','Transacción','2025-09-01','CREATE transacción: TRASLADO ARL en BANCO DAVIVIENDA - N/A por $15,801,000','null','{\"valor\": 15801000.0}','127.0.0.1','Google Chrome','/api/v1/api/transacciones-flujo-caja/','POST','2025-12-09 14:18:17',NULL,'EXITOSO',NULL,NULL),(442,5,'Carlos Andrés Gómez','carlos.gomez@flujo.com','CREATE','FLUJO_CAJA','Transacción','2025-09-01','CREATE transacción: TRASLADO ARL en BANCO DAVIVIENDA - N/A por $12,870,000','null','{\"valor\": 12870000.0}','127.0.0.1','Google Chrome','/api/v1/api/transacciones-flujo-caja/','POST','2025-12-09 14:18:27',NULL,'EXITOSO',NULL,NULL),(443,5,'Carlos Andrés Gómez','carlos.gomez@flujo.com','CREATE','FLUJO_CAJA','Transacción','2025-09-01','CREATE transacción: COMISIONES en BANCO DAVIVIENDA - N/A por $-2,085','null','{\"valor\": -2085.07}','127.0.0.1','Google Chrome','/api/v1/api/transacciones-flujo-caja/','POST','2025-12-09 14:18:58',NULL,'EXITOSO',NULL,NULL),(444,5,'Carlos Andrés Gómez','carlos.gomez@flujo.com','CREATE','FLUJO_CAJA','Transacción','2025-09-01','CREATE transacción: COMISIONES en BANCO DAVIVIENDA - N/A por $-132','null','{\"valor\": -132.01}','127.0.0.1','Google Chrome','/api/v1/api/transacciones-flujo-caja/','POST','2025-12-09 14:19:07',NULL,'EXITOSO',NULL,NULL),(445,5,'Carlos Andrés Gómez','carlos.gomez@flujo.com','CREATE','FLUJO_CAJA','Transacción','2025-12-09','CREATE transacción: COMISIONES en BANCO DAVIVIENDA - N/A por $-2,085','null','{\"valor\": -2085.07}','127.0.0.1','Google Chrome','/api/v1/api/transacciones-flujo-caja/','POST','2025-12-09 14:27:57',NULL,'EXITOSO',NULL,NULL),(446,5,'Carlos Andrés Gómez','carlos.gomez@flujo.com','UPDATE','FLUJO_CAJA','Transacción','2025-12-09','UPDATE transacción: COMISIONES en BANCO DAVIVIENDA - N/A ($-2,085 → $-2,085)','{\"valor\": -2085.07}','{\"valor\": -2085.08}','127.0.0.1','Google Chrome','/api/v1/api/transacciones-flujo-caja/1/quick','PUT','2025-12-09 14:28:21',NULL,'EXITOSO',NULL,NULL),(447,5,'Carlos Andrés Gómez','carlos.gomez@flujo.com','CREATE','FLUJO_CAJA','Transacción','2025-12-09','CREATE transacción: COMISIONES en BANCO DAVIVIENDA - N/A por $-1,000','null','{\"valor\": -1000.0}','127.0.0.1','Google Chrome','/api/v1/api/transacciones-flujo-caja/','POST','2025-12-09 14:31:43',NULL,'EXITOSO',NULL,NULL),(448,5,'Carlos Andrés Gómez','carlos.gomez@flujo.com','UPDATE','FLUJO_CAJA','Transacción','2025-12-09','UPDATE transacción: COMISIONES en BANCO DAVIVIENDA - N/A ($-1,000 → $-2,000)','{\"valor\": -1000.0}','{\"valor\": -2000.0}','127.0.0.1','Google Chrome','/api/v1/api/transacciones-flujo-caja/14/quick','PUT','2025-12-09 14:33:10',NULL,'EXITOSO',NULL,NULL),(449,5,'Carlos Andrés Gómez','carlos.gomez@flujo.com','CREATE','FLUJO_CAJA','Transacción','2025-12-09','CREATE transacción: COMISIONES en BANCO DAVIVIENDA - N/A por $-3,000','null','{\"valor\": -3000.0}','127.0.0.1','Google Chrome','/api/v1/api/transacciones-flujo-caja/','POST','2025-12-09 14:34:33',NULL,'EXITOSO',NULL,NULL),(450,5,'Carlos Andrés Gómez','carlos.gomez@flujo.com','CREATE','FLUJO_CAJA','Transacción','2025-12-09','CREATE transacción: COMISIONES en BANCO DAVIVIENDA - 482800001265 por $-40,000','null','{\"valor\": -40000.0}','127.0.0.1','Google Chrome','/api/v1/api/transacciones-flujo-caja/','POST','2025-12-09 14:34:58',NULL,'EXITOSO',NULL,NULL),(451,5,'Carlos Andrés Gómez','carlos.gomez@flujo.com','CREATE','FLUJO_CAJA','Transacción','2025-12-10','CREATE transacción: COMISIONES en BANCO DAVIVIENDA - N/A por $-2,000','null','{\"valor\": -2000.0}','127.0.0.1','Google Chrome','/api/v1/api/transacciones-flujo-caja/','POST','2025-12-09 14:44:40',NULL,'EXITOSO',NULL,NULL),(452,5,'Carlos Andrés Gómez','carlos.gomez@flujo.com','CREATE','FLUJO_CAJA','Transacción','2025-09-01','CREATE transacción: RETIRO DE CAPITAL ENCARGOS en BANCO DAVIVIENDA - N/A por $5,000,000','null','{\"valor\": 5000000.0}','127.0.0.1','Google Chrome','/api/v1/api/transacciones-flujo-caja/','POST','2025-12-09 14:51:43',NULL,'EXITOSO',NULL,NULL),(453,5,'Carlos Andrés Gómez','carlos.gomez@flujo.com','CREATE','FLUJO_CAJA','Transacción','2025-09-01','CREATE transacción: INCREMENTO DE CAPITAL ENCARGOS en BANCO DAVIVIENDA - N/A por $-15,000','null','{\"valor\": -15000.0}','127.0.0.1','Google Chrome','/api/v1/api/transacciones-flujo-caja/','POST','2025-12-09 14:51:51',NULL,'EXITOSO',NULL,NULL),(454,5,'Carlos Andrés Gómez','carlos.gomez@flujo.com','CREATE','FLUJO_CAJA','Transacción','2025-09-01','CREATE transacción: TRASLADO ARL en BANCO DAVIVIENDA - N/A por $15,807,000','null','{\"valor\": 15807000.0}','127.0.0.1','Google Chrome','/api/v1/api/transacciones-flujo-caja/','POST','2025-12-09 14:52:01',NULL,'EXITOSO',NULL,NULL),(455,5,'Carlos Andrés Gómez','carlos.gomez@flujo.com','UPDATE','FLUJO_CAJA','Transacción','2025-09-01','UPDATE transacción: TRASLADO ARL en BANCO DAVIVIENDA - N/A ($15,807,000 → $15,801,000)','{\"valor\": 15807000.0}','{\"valor\": 15801000.0}','127.0.0.1','Google Chrome','/api/v1/api/transacciones-flujo-caja/33/quick','PUT','2025-12-09 14:52:12',NULL,'EXITOSO',NULL,NULL),(456,5,'Carlos Andrés Gómez','carlos.gomez@flujo.com','CREATE','FLUJO_CAJA','Transacción','2025-09-01','CREATE transacción: TRASLADO ARL en BANCO DAVIVIENDA - N/A por $12,870,000','null','{\"valor\": 12870000.0}','127.0.0.1','Google Chrome','/api/v1/api/transacciones-flujo-caja/','POST','2025-12-09 14:52:25',NULL,'EXITOSO',NULL,NULL),(457,5,'Carlos Andrés Gómez','carlos.gomez@flujo.com','CREATE','FLUJO_CAJA','Transacción','2025-09-01','CREATE transacción: COMISIONES en BANCO DAVIVIENDA - N/A por $-2,085','null','{\"valor\": -2085.07}','127.0.0.1','Google Chrome','/api/v1/api/transacciones-flujo-caja/','POST','2025-12-09 14:52:43',NULL,'EXITOSO',NULL,NULL),(458,5,'Carlos Andrés Gómez','carlos.gomez@flujo.com','CREATE','FLUJO_CAJA','Transacción','2025-09-01','CREATE transacción: COMISIONES en BANCO DAVIVIENDA - N/A por $-132','null','{\"valor\": -132.01}','127.0.0.1','Google Chrome','/api/v1/api/transacciones-flujo-caja/','POST','2025-12-09 14:52:55',NULL,'EXITOSO',NULL,NULL),(459,5,'Carlos Andrés Gómez','carlos.gomez@flujo.com','UPDATE','FLUJO_CAJA','Transacción','2025-09-01','UPDATE transacción: COMISIONES en BANCO DAVIVIENDA - N/A ($-132 → $-132)','{\"valor\": -132.01}','{\"valor\": -132.02}','127.0.0.1','Google Chrome','/api/v1/api/transacciones-flujo-caja/47/quick','PUT','2025-12-09 15:05:48',NULL,'EXITOSO',NULL,NULL),(460,5,'Carlos Andrés Gómez','carlos.gomez@flujo.com','UPDATE','FLUJO_CAJA','Transacción','2025-09-01','UPDATE transacción: COMISIONES en BANCO DAVIVIENDA - N/A ($-132 → $-133)','{\"valor\": -132.02}','{\"valor\": -132.99}','127.0.0.1','Google Chrome','/api/v1/api/transacciones-flujo-caja/47/quick','PUT','2025-12-09 15:05:55',NULL,'EXITOSO',NULL,NULL),(461,5,'Carlos Andrés Gómez','carlos.gomez@flujo.com','UPDATE','FLUJO_CAJA','Transacción','2025-09-01','UPDATE transacción: TRASLADO ARL en BANCO DAVIVIENDA - N/A ($12,870,000 → $-12,870,000)','{\"valor\": 12870000.0}','{\"valor\": -12870000.0}','127.0.0.1','Google Chrome','/api/v1/api/transacciones-flujo-caja/34/quick','PUT','2025-12-09 15:06:18',NULL,'EXITOSO',NULL,NULL),(462,5,'Carlos Andrés Gómez','carlos.gomez@flujo.com','UPDATE','FLUJO_CAJA','Transacción','2025-09-01','UPDATE transacción: COMISIONES en BANCO DAVIVIENDA - N/A ($-133 → $-132)','{\"valor\": -132.99}','{\"valor\": -132.01}','127.0.0.1','Google Chrome','/api/v1/api/transacciones-flujo-caja/47/quick','PUT','2025-12-09 15:06:30',NULL,'EXITOSO',NULL,NULL),(463,5,'Carlos Andrés Gómez','carlos.gomez@flujo.com','CREATE','FLUJO_CAJA','Transacción','2025-09-01','CREATE transacción: COMISIONES en BANCO DAVIVIENDA - N/A por $-1,000','null','{\"valor\": -1000.0}','127.0.0.1','Google Chrome','/api/v1/api/transacciones-flujo-caja/','POST','2025-12-09 15:16:42',NULL,'EXITOSO',NULL,NULL),(464,5,'Carlos Andrés Gómez','carlos.gomez@flujo.com','UPDATE','FLUJO_CAJA','Transacción','2025-09-01','UPDATE transacción: COMISIONES en BANCO DAVIVIENDA - N/A ($-1,000 → $0)','{\"valor\": -1000.0}','{\"valor\": 0.0}','127.0.0.1','Google Chrome','/api/v1/api/transacciones-flujo-caja/51/quick','PUT','2025-12-11 12:30:16',NULL,'EXITOSO',NULL,NULL),(465,5,'Carlos Andrés Gómez','carlos.gomez@flujo.com','CREATE','FLUJO_CAJA','Transacción','2025-09-01','CREATE transacción: SALDOS EN BANCOS en BANCO DAVIVIENDA - N/A por $445,958','null','{\"valor\": 445957.71}','127.0.0.1','Google Chrome','/api/v1/api/transacciones-flujo-caja/','POST','2025-12-11 12:48:41',NULL,'EXITOSO',NULL,NULL),(466,5,'Carlos Andrés Gómez','carlos.gomez@flujo.com','CREATE','FLUJO_CAJA','Transacción','2025-09-01','CREATE transacción: SALDOS EN BANCOS en BANCO DAVIVIENDA - N/A por $8,392,940','null','{\"valor\": 8392940.32}','127.0.0.1','Google Chrome','/api/v1/api/transacciones-flujo-caja/','POST','2025-12-11 12:48:54',NULL,'EXITOSO',NULL,NULL),(467,5,'Carlos Andrés Gómez','carlos.gomez@flujo.com','CREATE','FLUJO_CAJA','Transacción','2025-09-01','CREATE transacción: SALDOS EN BANCOS en BANCO DAVIVIENDA - N/A por $12,429,502','null','{\"valor\": 12429502.25}','127.0.0.1','Google Chrome','/api/v1/api/transacciones-flujo-caja/','POST','2025-12-11 12:49:09',NULL,'EXITOSO',NULL,NULL),(468,5,'Carlos Andrés Gómez','carlos.gomez@flujo.com','UPDATE','FLUJO_CAJA','Transacción','2025-09-01','UPDATE transacción: SALDOS EN BANCOS en BANCO DAVIVIENDA - N/A ($8,392,940 → $-8,392,940)','{\"valor\": 8392940.32}','{\"valor\": -8392940.32}','127.0.0.1','Google Chrome','/api/v1/api/transacciones-flujo-caja/53/quick','PUT','2025-12-11 12:49:51',NULL,'EXITOSO',NULL,NULL),(469,5,'Carlos Andrés Gómez','carlos.gomez@flujo.com','UPDATE','FLUJO_CAJA','Transacción','2025-09-01','UPDATE transacción: SALDOS EN BANCOS en BANCO DAVIVIENDA - N/A ($-8,392,940 → $8,392,940)','{\"valor\": -8392940.32}','{\"valor\": 8392940.32}','127.0.0.1','Google Chrome','/api/v1/api/transacciones-flujo-caja/53/quick','PUT','2025-12-11 12:49:57',NULL,'EXITOSO',NULL,NULL),(470,5,'Carlos Andrés Gómez','carlos.gomez@flujo.com','UPDATE','FLUJO_CAJA','Transacción','2025-09-01','UPDATE transacción: SALDOS EN BANCOS en BANCO DAVIVIENDA - N/A ($8,392,940 → $8,392,940)','{\"valor\": 8392940.32}','{\"valor\": 8392940.31}','127.0.0.1','Google Chrome','/api/v1/api/transacciones-flujo-caja/53/quick','PUT','2025-12-11 12:51:39',NULL,'EXITOSO',NULL,NULL),(471,5,'Carlos Andrés Gómez','carlos.gomez@flujo.com','UPDATE','FLUJO_CAJA','Transacción','2025-09-01','UPDATE transacción: SALDOS EN BANCOS en BANCO DAVIVIENDA - N/A ($8,392,940 → $8,392,940)','{\"valor\": 8392940.31}','{\"valor\": 8392940.32}','127.0.0.1','Google Chrome','/api/v1/api/transacciones-flujo-caja/53/quick','PUT','2025-12-11 12:51:42',NULL,'EXITOSO',NULL,NULL),(472,5,'Carlos Andrés Gómez','carlos.gomez@flujo.com','UPDATE','FLUJO_CAJA','Transacción','2025-09-01','UPDATE transacción: SALDOS EN BANCOS en BANCO DAVIVIENDA - N/A ($12,429,502 → $14,429,502)','{\"valor\": 12429502.25}','{\"valor\": 14429502.25}','127.0.0.1','Google Chrome','/api/v1/api/transacciones-flujo-caja/54/quick','PUT','2025-12-11 12:52:13',NULL,'EXITOSO',NULL,NULL),(473,5,'Carlos Andrés Gómez','carlos.gomez@flujo.com','CREATE','FLUJO_CAJA','Transacción','2025-09-01','CREATE transacción: INGRESO en BANCO DAVIVIENDA - N/A por $138,251','null','{\"valor\": 138250.75}','127.0.0.1','Google Chrome','/api/v1/api/transacciones-flujo-caja/','POST','2025-12-11 12:52:26',NULL,'EXITOSO',NULL,NULL),(474,5,'Carlos Andrés Gómez','carlos.gomez@flujo.com','CREATE','FLUJO_CAJA','Transacción','2025-09-01','CREATE transacción: INGRESO en BANCO DAVIVIENDA - N/A por $386,648,393','null','{\"valor\": 386648392.64}','127.0.0.1','Google Chrome','/api/v1/api/transacciones-flujo-caja/','POST','2025-12-11 12:52:38',NULL,'EXITOSO',NULL,NULL),(475,5,'Carlos Andrés Gómez','carlos.gomez@flujo.com','CREATE','FLUJO_CAJA','Transacción','2025-09-01','CREATE transacción: INGRESO en BANCO DAVIVIENDA - N/A por $222,022,026','null','{\"valor\": 222022025.97}','127.0.0.1','Google Chrome','/api/v1/api/transacciones-flujo-caja/','POST','2025-12-11 12:52:49',NULL,'EXITOSO',NULL,NULL),(476,5,'Carlos Andrés Gómez','carlos.gomez@flujo.com','CREATE','FLUJO_CAJA','Transacción','2025-09-01','CREATE transacción: CONSUMO NACIONAL en BANCO DAVIVIENDA - N/A por $-5,851','null','{\"valor\": -5850.86}','127.0.0.1','Google Chrome','/api/v1/api/transacciones-flujo-caja/','POST','2025-12-11 12:52:58',NULL,'EXITOSO',NULL,NULL),(477,5,'Carlos Andrés Gómez','carlos.gomez@flujo.com','CREATE','FLUJO_CAJA','Transacción','2025-09-01','CREATE transacción: CONSUMO NACIONAL en BANCO DAVIVIENDA - N/A por $-1,227,456','null','{\"valor\": -1227456.36}','127.0.0.1','Google Chrome','/api/v1/api/transacciones-flujo-caja/','POST','2025-12-11 12:53:06',NULL,'EXITOSO',NULL,NULL),(478,5,'Carlos Andrés Gómez','carlos.gomez@flujo.com','CREATE','FLUJO_CAJA','Transacción','2025-09-01','CREATE transacción: CONSUMO NACIONAL en BANCO DAVIVIENDA - N/A por $-296,419','null','{\"valor\": -296418.94}','127.0.0.1','Google Chrome','/api/v1/api/transacciones-flujo-caja/','POST','2025-12-11 12:53:18',NULL,'EXITOSO',NULL,NULL),(479,5,'Carlos Andrés Gómez','carlos.gomez@flujo.com','CREATE','FLUJO_CAJA','Transacción','2025-09-01','CREATE transacción: INGRESO CTA PAGADURIA en BANCO DAVIVIENDA - N/A por $29,091','null','{\"valor\": 29090.64}','127.0.0.1','Google Chrome','/api/v1/api/transacciones-flujo-caja/','POST','2025-12-11 12:53:26',NULL,'EXITOSO',NULL,NULL),(480,5,'Carlos Andrés Gómez','carlos.gomez@flujo.com','CREATE','FLUJO_CAJA','Transacción','2025-09-01','CREATE transacción: INGRESO CTA PAGADURIA en BANCO DAVIVIENDA - N/A por $1,174,850','null','{\"valor\": 1174849.82}','127.0.0.1','Google Chrome','/api/v1/api/transacciones-flujo-caja/','POST','2025-12-11 12:53:35',NULL,'EXITOSO',NULL,NULL),(481,5,'Carlos Andrés Gómez','carlos.gomez@flujo.com','CREATE','FLUJO_CAJA','Transacción','2025-09-01','CREATE transacción: INGRESO CTA PAGADURIA en BANCO DAVIVIENDA - N/A por $10,188','null','{\"valor\": 10188.46}','127.0.0.1','Google Chrome','/api/v1/api/transacciones-flujo-caja/','POST','2025-12-11 12:53:42',NULL,'EXITOSO',NULL,NULL),(482,5,'Carlos Andrés Gómez','carlos.gomez@flujo.com','CREATE','FLUJO_CAJA','Transacción','2025-09-01','CREATE transacción: FINANSEGUROS en BANCO DAVIVIENDA - N/A por $5,643,056','null','{\"valor\": 5643056.12}','127.0.0.1','Google Chrome','/api/v1/api/transacciones-flujo-caja/','POST','2025-12-11 12:53:53',NULL,'EXITOSO',NULL,NULL),(483,5,'Carlos Andrés Gómez','carlos.gomez@flujo.com','CREATE','FLUJO_CAJA','Transacción','2025-09-01','CREATE transacción: FINANSEGUROS en BANCO DAVIVIENDA - N/A por $15,876,314','null','{\"valor\": 15876314.31}','127.0.0.1','Google Chrome','/api/v1/api/transacciones-flujo-caja/','POST','2025-12-11 12:54:06',NULL,'EXITOSO',NULL,NULL),(484,5,'Carlos Andrés Gómez','carlos.gomez@flujo.com','CREATE','FLUJO_CAJA','Transacción','2025-09-01','CREATE transacción: RECAUDOS LIBERTADOR en BANCO DAVIVIENDA - N/A por $4,515,574','null','{\"valor\": 4515574.24}','127.0.0.1','Google Chrome','/api/v1/api/transacciones-flujo-caja/','POST','2025-12-11 12:54:19',NULL,'EXITOSO',NULL,NULL),(485,5,'Carlos Andrés Gómez','carlos.gomez@flujo.com','CREATE','FLUJO_CAJA','Transacción','2025-09-01','CREATE transacción: RENDIMIENTOS FINANCIEROS en BANCO DAVIVIENDA - N/A por $24,442','null','{\"valor\": 24441.98}','127.0.0.1','Google Chrome','/api/v1/api/transacciones-flujo-caja/','POST','2025-12-11 12:54:31',NULL,'EXITOSO',NULL,NULL),(486,5,'Carlos Andrés Gómez','carlos.gomez@flujo.com','CREATE','FLUJO_CAJA','Transacción','2025-09-01','CREATE transacción: EMBARGOS en BANCO DAVIVIENDA - N/A por $-3,138','null','{\"valor\": -3137.62}','127.0.0.1','Google Chrome','/api/v1/api/transacciones-flujo-caja/','POST','2025-12-11 12:54:41',NULL,'EXITOSO',NULL,NULL),(487,5,'Carlos Andrés Gómez','carlos.gomez@flujo.com','CREATE','FLUJO_CAJA','Transacción','2025-09-01','CREATE transacción: EMBARGOS en BANCO DAVIVIENDA - N/A por $-274,456','null','{\"valor\": -274456.43}','127.0.0.1','Google Chrome','/api/v1/api/transacciones-flujo-caja/','POST','2025-12-11 12:54:50',NULL,'EXITOSO',NULL,NULL),(488,5,'Carlos Andrés Gómez','carlos.gomez@flujo.com','CREATE','FLUJO_CAJA','Transacción','2025-09-01','CREATE transacción: EMBARGOS en BANCO DAVIVIENDA - N/A por $-812,831','null','{\"valor\": -812830.61}','127.0.0.1','Google Chrome','/api/v1/api/transacciones-flujo-caja/','POST','2025-12-11 12:55:00',NULL,'EXITOSO',NULL,NULL),(489,5,'Carlos Andrés Gómez','carlos.gomez@flujo.com','CREATE','FLUJO_CAJA','Transacción','2025-09-01','CREATE transacción: OTROS PAGOS en BANCO DAVIVIENDA - N/A por $-22,709','null','{\"valor\": -22708.61}','127.0.0.1','Google Chrome','/api/v1/api/transacciones-flujo-caja/','POST','2025-12-11 12:55:09',NULL,'EXITOSO',NULL,NULL),(490,5,'Carlos Andrés Gómez','carlos.gomez@flujo.com','CREATE','FLUJO_CAJA','Transacción','2025-09-01','CREATE transacción: OTROS PAGOS en BANCO DAVIVIENDA - N/A por $-89,123,528','null','{\"valor\": -89123528.3}','127.0.0.1','Google Chrome','/api/v1/api/transacciones-flujo-caja/','POST','2025-12-11 12:55:19',NULL,'EXITOSO',NULL,NULL),(491,5,'Carlos Andrés Gómez','carlos.gomez@flujo.com','CREATE','FLUJO_CAJA','Transacción','2025-09-01','CREATE transacción: OTROS PAGOS en BANCO DAVIVIENDA - N/A por $-88,107,551','null','{\"valor\": -88107551.2}','127.0.0.1','Google Chrome','/api/v1/api/transacciones-flujo-caja/','POST','2025-12-11 12:55:35',NULL,'EXITOSO',NULL,NULL),(492,5,'Carlos Andrés Gómez','carlos.gomez@flujo.com','UPDATE','FLUJO_CAJA','Transacción','2025-09-01','UPDATE transacción: OTROS PAGOS en BANCO DAVIVIENDA - N/A ($-89,123,528 → $-2,416,428)','{\"valor\": -89123528.3}','{\"valor\": -2416427.84}','127.0.0.1','Google Chrome','/api/v1/api/transacciones-flujo-caja/72/quick','PUT','2025-12-11 12:55:45',NULL,'EXITOSO',NULL,NULL),(493,5,'Carlos Andrés Gómez','carlos.gomez@flujo.com','UPDATE','FLUJO_CAJA','Transacción','2025-09-01','UPDATE transacción: OTROS PAGOS en BANCO DAVIVIENDA - N/A ($-88,107,551 → $-29,915,896)','{\"valor\": -88107551.2}','{\"valor\": -29915896.04}','127.0.0.1','Google Chrome','/api/v1/api/transacciones-flujo-caja/73/quick','PUT','2025-12-11 12:55:58',NULL,'EXITOSO',NULL,NULL),(494,5,'Carlos Andrés Gómez','carlos.gomez@flujo.com','CREATE','FLUJO_CAJA','Transacción','2025-09-01','CREATE transacción: VENTAN PROVEEDORES en BANCO DAVIVIENDA - N/A por $-777,314','null','{\"valor\": -777313.74}','127.0.0.1','Google Chrome','/api/v1/api/transacciones-flujo-caja/','POST','2025-12-11 12:56:05',NULL,'EXITOSO',NULL,NULL),(495,5,'Carlos Andrés Gómez','carlos.gomez@flujo.com','CREATE','FLUJO_CAJA','Transacción','2025-09-01','CREATE transacción: VENTAN PROVEEDORES en BANCO DAVIVIENDA - N/A por $-88,107,551','null','{\"valor\": -88107551.2}','127.0.0.1','Google Chrome','/api/v1/api/transacciones-flujo-caja/','POST','2025-12-11 12:56:18',NULL,'EXITOSO',NULL,NULL),(496,5,'Carlos Andrés Gómez','carlos.gomez@flujo.com','CREATE','FLUJO_CAJA','Transacción','2025-09-01','CREATE transacción: VENTAN PROVEEDORES en BANCO DAVIVIENDA - N/A por $-89,123,528','null','{\"valor\": -89123528.3}','127.0.0.1','Google Chrome','/api/v1/api/transacciones-flujo-caja/','POST','2025-12-11 12:56:29',NULL,'EXITOSO',NULL,NULL),(497,5,'Carlos Andrés Gómez','carlos.gomez@flujo.com','CREATE','FLUJO_CAJA','Transacción','2025-09-01','CREATE transacción: NOMINA CONSEJEROS en BANCO DAVIVIENDA - N/A por $-26,550','null','{\"valor\": -26549.84}','127.0.0.1','Google Chrome','/api/v1/api/transacciones-flujo-caja/','POST','2025-12-11 12:56:54',NULL,'EXITOSO',NULL,NULL),(498,5,'Carlos Andrés Gómez','carlos.gomez@flujo.com','CREATE','FLUJO_CAJA','Transacción','2025-09-01','CREATE transacción: NOMINA CONSEJEROS en BANCO DAVIVIENDA - N/A por $-14,630,710','null','{\"valor\": -14630710.28}','127.0.0.1','Google Chrome','/api/v1/api/transacciones-flujo-caja/','POST','2025-12-11 12:57:04',NULL,'EXITOSO',NULL,NULL),(499,5,'Carlos Andrés Gómez','carlos.gomez@flujo.com','CREATE','FLUJO_CAJA','Transacción','2025-09-01','CREATE transacción: NOMINA CONSEJEROS en BANCO DAVIVIENDA - N/A por $-15,179,643','null','{\"valor\": -15179642.98}','127.0.0.1','Google Chrome','/api/v1/api/transacciones-flujo-caja/','POST','2025-12-11 12:57:14',NULL,'EXITOSO',NULL,NULL),(500,5,'Carlos Andrés Gómez','carlos.gomez@flujo.com','CREATE','FLUJO_CAJA','Transacción','2025-09-01','CREATE transacción: NOMINA ADMINISTRATIVA en BANCO DAVIVIENDA - N/A por $18,426','null','{\"valor\": 18426.28}','127.0.0.1','Google Chrome','/api/v1/api/transacciones-flujo-caja/','POST','2025-12-11 12:57:23',NULL,'EXITOSO',NULL,NULL),(501,5,'Carlos Andrés Gómez','carlos.gomez@flujo.com','CREATE','FLUJO_CAJA','Transacción','2025-09-01','CREATE transacción: NOMINA ADMINISTRATIVA en BANCO DAVIVIENDA - N/A por $-16,897,613','null','{\"valor\": -16897612.88}','127.0.0.1','Google Chrome','/api/v1/api/transacciones-flujo-caja/','POST','2025-12-11 12:58:21',NULL,'EXITOSO',NULL,NULL),(502,5,'Carlos Andrés Gómez','carlos.gomez@flujo.com','CREATE','FLUJO_CAJA','Transacción','2025-09-01','CREATE transacción: NOMINA ADMINISTRATIVA en BANCO DAVIVIENDA - N/A por $-3,200,142','null','{\"valor\": -3200142.17}','127.0.0.1','Google Chrome','/api/v1/api/transacciones-flujo-caja/','POST','2025-12-11 12:58:32',NULL,'EXITOSO',NULL,NULL),(503,5,'Carlos Andrés Gómez','carlos.gomez@flujo.com','UPDATE','FLUJO_CAJA','Transacción','2025-09-01','UPDATE transacción: NOMINA ADMINISTRATIVA en BANCO DAVIVIENDA - N/A ($18,426 → $-18,426)','{\"valor\": 18426.28}','{\"valor\": -18426.28}','127.0.0.1','Google Chrome','/api/v1/api/transacciones-flujo-caja/80/quick','PUT','2025-12-11 12:58:35',NULL,'EXITOSO',NULL,NULL),(504,5,'Carlos Andrés Gómez','carlos.gomez@flujo.com','CREATE','FLUJO_CAJA','Transacción','2025-09-01','CREATE transacción: NOMINA PENSIONES en BANCO DAVIVIENDA - N/A por $-23,415,518','null','{\"valor\": -23415517.71}','127.0.0.1','Google Chrome','/api/v1/api/transacciones-flujo-caja/','POST','2025-12-11 12:58:54',NULL,'EXITOSO',NULL,NULL),(505,5,'Carlos Andrés Gómez','carlos.gomez@flujo.com','CREATE','FLUJO_CAJA','Transacción','2025-09-01','CREATE transacción: PAGO SOI en BANCO DAVIVIENDA - N/A por $-20,819','null','{\"valor\": -20819.3}','127.0.0.1','Google Chrome','/api/v1/api/transacciones-flujo-caja/','POST','2025-12-11 12:59:23',NULL,'EXITOSO',NULL,NULL),(506,5,'Carlos Andrés Gómez','carlos.gomez@flujo.com','CREATE','FLUJO_CAJA','Transacción','2025-09-01','CREATE transacción: PAGO SOI en BANCO DAVIVIENDA - N/A por $-8,452,948','null','{\"valor\": -8452947.5}','127.0.0.1','Google Chrome','/api/v1/api/transacciones-flujo-caja/','POST','2025-12-11 12:59:40',NULL,'EXITOSO',NULL,NULL),(507,5,'Carlos Andrés Gómez','carlos.gomez@flujo.com','CREATE','FLUJO_CAJA','Transacción','2025-09-01','CREATE transacción: PAGO SOI en BANCO DAVIVIENDA - N/A por $-1,629,394','null','{\"valor\": -1629393.6}','127.0.0.1','Google Chrome','/api/v1/api/transacciones-flujo-caja/','POST','2025-12-11 12:59:48',NULL,'EXITOSO',NULL,NULL),(508,5,'Carlos Andrés Gómez','carlos.gomez@flujo.com','CREATE','FLUJO_CAJA','Transacción','2025-09-01','CREATE transacción: PAGO IVA en BANCO DAVIVIENDA - N/A por $-2,488,765','null','{\"valor\": -2488765.0}','127.0.0.1','Google Chrome','/api/v1/api/transacciones-flujo-caja/','POST','2025-12-11 12:59:59',NULL,'EXITOSO',NULL,NULL),(509,5,'Carlos Andrés Gómez','carlos.gomez@flujo.com','CREATE','FLUJO_CAJA','Transacción','2025-09-01','CREATE transacción: PAGO IVA en BANCO DAVIVIENDA - N/A por $-52,427,604','null','{\"valor\": -52427604.0}','127.0.0.1','Google Chrome','/api/v1/api/transacciones-flujo-caja/','POST','2025-12-11 13:00:08',NULL,'EXITOSO',NULL,NULL),(510,5,'Carlos Andrés Gómez','carlos.gomez@flujo.com','CREATE','FLUJO_CAJA','Transacción','2025-09-01','CREATE transacción: OTROS IMPTOS en BANCO DAVIVIENDA - N/A por $-23,373','null','{\"valor\": -23373.0}','127.0.0.1','Google Chrome','/api/v1/api/transacciones-flujo-caja/','POST','2025-12-11 13:00:21',NULL,'EXITOSO',NULL,NULL),(511,5,'Carlos Andrés Gómez','carlos.gomez@flujo.com','CREATE','FLUJO_CAJA','Transacción','2025-09-01','CREATE transacción: OTROS IMPTOS en BANCO DAVIVIENDA - N/A por $-2,402,370','null','{\"valor\": -2402369.57}','127.0.0.1','Google Chrome','/api/v1/api/transacciones-flujo-caja/','POST','2025-12-11 13:00:29',NULL,'EXITOSO',NULL,NULL),(512,5,'Carlos Andrés Gómez','carlos.gomez@flujo.com','CREATE','FLUJO_CAJA','Transacción','2025-09-01','CREATE transacción: OTROS IMPTOS en BANCO DAVIVIENDA - N/A por $-11,646,184','null','{\"valor\": -11646183.89}','127.0.0.1','Google Chrome','/api/v1/api/transacciones-flujo-caja/','POST','2025-12-11 13:00:38',NULL,'EXITOSO',NULL,NULL),(513,5,'Carlos Andrés Gómez','carlos.gomez@flujo.com','UPDATE','FLUJO_CAJA','Transacción','2025-09-01','UPDATE transacción: INGRESO en BANCO DAVIVIENDA - N/A ($138,251 → $3,910)','{\"valor\": 138250.75}','{\"valor\": 3910.0}','127.0.0.1','Google Chrome','/api/v1/api/transacciones-flujo-caja/55/quick','PUT','2025-12-11 13:01:34',NULL,'EXITOSO',NULL,NULL),(514,5,'Carlos Andrés Gómez','carlos.gomez@flujo.com','UPDATE','FLUJO_CAJA','Transacción','2025-09-01','UPDATE transacción: INGRESO en BANCO DAVIVIENDA - N/A ($386,648,393 → $100,388,534)','{\"valor\": 386648392.64}','{\"valor\": 100388534.08}','127.0.0.1','Google Chrome','/api/v1/api/transacciones-flujo-caja/56/quick','PUT','2025-12-11 13:01:47',NULL,'EXITOSO',NULL,NULL),(515,5,'Carlos Andrés Gómez','carlos.gomez@flujo.com','UPDATE','FLUJO_CAJA','Transacción','2025-09-01','UPDATE transacción: INGRESO en BANCO DAVIVIENDA - N/A ($222,022,026 → $6,385,346)','{\"valor\": 222022025.97}','{\"valor\": 6385346.26}','127.0.0.1','Google Chrome','/api/v1/api/transacciones-flujo-caja/57/quick','PUT','2025-12-11 13:01:59',NULL,'EXITOSO',NULL,NULL),(516,5,'Carlos Andrés Gómez','carlos.gomez@flujo.com','UPDATE','FLUJO_CAJA','Transacción','2025-09-01','UPDATE transacción: CONSUMO NACIONAL en BANCO DAVIVIENDA - N/A ($-5,851 → $-767)','{\"valor\": -5850.86}','{\"valor\": -766.91}','127.0.0.1','Google Chrome','/api/v1/api/transacciones-flujo-caja/58/quick','PUT','2025-12-11 13:02:13',NULL,'EXITOSO',NULL,NULL),(517,5,'Carlos Andrés Gómez','carlos.gomez@flujo.com','UPDATE','FLUJO_CAJA','Transacción','2025-09-01','UPDATE transacción: CONSUMO NACIONAL en BANCO DAVIVIENDA - N/A ($-1,227,456 → $-41,813)','{\"valor\": -1227456.36}','{\"valor\": -41813.17}','127.0.0.1','Google Chrome','/api/v1/api/transacciones-flujo-caja/59/quick','PUT','2025-12-11 13:02:19',NULL,'EXITOSO',NULL,NULL),(518,5,'Carlos Andrés Gómez','carlos.gomez@flujo.com','UPDATE','FLUJO_CAJA','Transacción','2025-09-01','UPDATE transacción: CONSUMO NACIONAL en BANCO DAVIVIENDA - N/A ($-296,419 → $-8,694)','{\"valor\": -296418.94}','{\"valor\": -8693.96}','127.0.0.1','Google Chrome','/api/v1/api/transacciones-flujo-caja/60/quick','PUT','2025-12-11 13:02:26',NULL,'EXITOSO',NULL,NULL),(519,5,'Carlos Andrés Gómez','carlos.gomez@flujo.com','UPDATE','FLUJO_CAJA','Transacción','2025-09-01','UPDATE transacción: INGRESO CTA PAGADURIA en BANCO DAVIVIENDA - N/A ($29,091 → $0)','{\"valor\": 29090.64}','{\"valor\": 0.0}','127.0.0.1','Google Chrome','/api/v1/api/transacciones-flujo-caja/61/quick','PUT','2025-12-11 13:02:29',NULL,'EXITOSO',NULL,NULL),(520,5,'Carlos Andrés Gómez','carlos.gomez@flujo.com','UPDATE','FLUJO_CAJA','Transacción','2025-09-01','UPDATE transacción: FINANSEGUROS en BANCO DAVIVIENDA - N/A ($5,643,056 → $0)','{\"valor\": 5643056.12}','{\"valor\": 0.0}','127.0.0.1','Google Chrome','/api/v1/api/transacciones-flujo-caja/64/quick','PUT','2025-12-11 13:02:32',NULL,'EXITOSO',NULL,NULL),(521,5,'Carlos Andrés Gómez','carlos.gomez@flujo.com','UPDATE','FLUJO_CAJA','Transacción','2025-09-01','UPDATE transacción: INGRESO CTA PAGADURIA en BANCO DAVIVIENDA - N/A ($10,188 → $0)','{\"valor\": 10188.46}','{\"valor\": 0.0}','127.0.0.1','Google Chrome','/api/v1/api/transacciones-flujo-caja/63/quick','PUT','2025-12-11 13:02:33',NULL,'EXITOSO',NULL,NULL),(522,5,'Carlos Andrés Gómez','carlos.gomez@flujo.com','UPDATE','FLUJO_CAJA','Transacción','2025-09-01','UPDATE transacción: FINANSEGUROS en BANCO DAVIVIENDA - N/A ($15,876,314 → $0)','{\"valor\": 15876314.31}','{\"valor\": 0.0}','127.0.0.1','Google Chrome','/api/v1/api/transacciones-flujo-caja/65/quick','PUT','2025-12-11 13:02:33',NULL,'EXITOSO',NULL,NULL),(523,5,'Carlos Andrés Gómez','carlos.gomez@flujo.com','UPDATE','FLUJO_CAJA','Transacción','2025-09-01','UPDATE transacción: RECAUDOS LIBERTADOR en BANCO DAVIVIENDA - N/A ($4,515,574 → $0)','{\"valor\": 4515574.24}','{\"valor\": 0.0}','127.0.0.1','Google Chrome','/api/v1/api/transacciones-flujo-caja/66/quick','PUT','2025-12-11 13:02:34',NULL,'EXITOSO',NULL,NULL),(524,5,'Carlos Andrés Gómez','carlos.gomez@flujo.com','UPDATE','FLUJO_CAJA','Transacción','2025-09-01','UPDATE transacción: RENDIMIENTOS FINANCIEROS en BANCO DAVIVIENDA - N/A ($24,442 → $0)','{\"valor\": 24441.98}','{\"valor\": 0.0}','127.0.0.1','Google Chrome','/api/v1/api/transacciones-flujo-caja/67/quick','PUT','2025-12-11 13:02:35',NULL,'EXITOSO',NULL,NULL),(525,5,'Carlos Andrés Gómez','carlos.gomez@flujo.com','UPDATE','FLUJO_CAJA','Transacción','2025-09-01','UPDATE transacción: INGRESO CTA PAGADURIA en BANCO DAVIVIENDA - N/A ($1,174,850 → $2,000)','{\"valor\": 1174849.82}','{\"valor\": 2000.0}','127.0.0.1','Google Chrome','/api/v1/api/transacciones-flujo-caja/62/quick','PUT','2025-12-11 13:02:38',NULL,'EXITOSO',NULL,NULL),(526,5,'Carlos Andrés Gómez','carlos.gomez@flujo.com','UPDATE','FLUJO_CAJA','Transacción','2025-09-01','UPDATE transacción: RECAUDOS LIBERTADOR en BANCO DAVIVIENDA - N/A ($0 → $223,790)','{\"valor\": 0.0}','{\"valor\": 223789.94}','127.0.0.1','Google Chrome','/api/v1/api/transacciones-flujo-caja/66/quick','PUT','2025-12-11 13:02:48',NULL,'EXITOSO',NULL,NULL),(527,5,'Carlos Andrés Gómez','carlos.gomez@flujo.com','UPDATE','FLUJO_CAJA','Transacción','2025-09-01','UPDATE transacción: EMBARGOS en BANCO DAVIVIENDA - N/A ($-3,138 → $0)','{\"valor\": -3137.62}','{\"valor\": 0.0}','127.0.0.1','Google Chrome','/api/v1/api/transacciones-flujo-caja/68/quick','PUT','2025-12-11 13:02:57',NULL,'EXITOSO',NULL,NULL),(528,5,'Carlos Andrés Gómez','carlos.gomez@flujo.com','UPDATE','FLUJO_CAJA','Transacción','2025-09-01','UPDATE transacción: EMBARGOS en BANCO DAVIVIENDA - N/A ($-274,456 → $-49,580)','{\"valor\": -274456.43}','{\"valor\": -49579.65}','127.0.0.1','Google Chrome','/api/v1/api/transacciones-flujo-caja/69/quick','PUT','2025-12-11 13:03:07',NULL,'EXITOSO',NULL,NULL),(529,5,'Carlos Andrés Gómez','carlos.gomez@flujo.com','UPDATE','FLUJO_CAJA','Transacción','2025-09-01','UPDATE transacción: EMBARGOS en BANCO DAVIVIENDA - N/A ($-812,831 → $0)','{\"valor\": -812830.61}','{\"valor\": 0.0}','127.0.0.1','Google Chrome','/api/v1/api/transacciones-flujo-caja/70/quick','PUT','2025-12-11 13:03:11',NULL,'EXITOSO',NULL,NULL),(530,5,'Carlos Andrés Gómez','carlos.gomez@flujo.com','UPDATE','FLUJO_CAJA','Transacción','2025-09-01','UPDATE transacción: OTROS PAGOS en BANCO DAVIVIENDA - N/A ($-22,709 → $-6)','{\"valor\": -22708.61}','{\"valor\": -6.27}','127.0.0.1','Google Chrome','/api/v1/api/transacciones-flujo-caja/71/quick','PUT','2025-12-11 13:03:17',NULL,'EXITOSO',NULL,NULL),(531,5,'Carlos Andrés Gómez','carlos.gomez@flujo.com','UPDATE','FLUJO_CAJA','Transacción','2025-09-01','UPDATE transacción: OTROS PAGOS en BANCO DAVIVIENDA - N/A ($-2,416,428 → $-60,359)','{\"valor\": -2416427.84}','{\"valor\": -60358.52}','127.0.0.1','Google Chrome','/api/v1/api/transacciones-flujo-caja/72/quick','PUT','2025-12-11 13:03:23',NULL,'EXITOSO',NULL,NULL),(532,5,'Carlos Andrés Gómez','carlos.gomez@flujo.com','UPDATE','FLUJO_CAJA','Transacción','2025-09-01','UPDATE transacción: OTROS PAGOS en BANCO DAVIVIENDA - N/A ($-29,915,896 → $-3,219)','{\"valor\": -29915896.04}','{\"valor\": -3219.16}','127.0.0.1','Google Chrome','/api/v1/api/transacciones-flujo-caja/73/quick','PUT','2025-12-11 13:03:30',NULL,'EXITOSO',NULL,NULL),(533,5,'Carlos Andrés Gómez','carlos.gomez@flujo.com','UPDATE','FLUJO_CAJA','Transacción','2025-09-01','UPDATE transacción: VENTAN PROVEEDORES en BANCO DAVIVIENDA - N/A ($-777,314 → $-34,541)','{\"valor\": -777313.74}','{\"valor\": -34540.77}','127.0.0.1','Google Chrome','/api/v1/api/transacciones-flujo-caja/74/quick','PUT','2025-12-11 13:03:39',NULL,'EXITOSO',NULL,NULL),(534,5,'Carlos Andrés Gómez','carlos.gomez@flujo.com','UPDATE','FLUJO_CAJA','Transacción','2025-09-01','UPDATE transacción: VENTAN PROVEEDORES en BANCO DAVIVIENDA - N/A ($-89,123,528 → $-2,521,095)','{\"valor\": -89123528.3}','{\"valor\": -2521095.41}','127.0.0.1','Google Chrome','/api/v1/api/transacciones-flujo-caja/76/quick','PUT','2025-12-11 13:03:47',NULL,'EXITOSO',NULL,NULL),(535,5,'Carlos Andrés Gómez','carlos.gomez@flujo.com','UPDATE','FLUJO_CAJA','Transacción','2025-09-01','UPDATE transacción: VENTAN PROVEEDORES en BANCO DAVIVIENDA - N/A ($-88,107,551 → $-1,420,800)','{\"valor\": -88107551.2}','{\"valor\": -1420800.18}','127.0.0.1','Google Chrome','/api/v1/api/transacciones-flujo-caja/75/quick','PUT','2025-12-11 13:03:53',NULL,'EXITOSO',NULL,NULL),(536,5,'Carlos Andrés Gómez','carlos.gomez@flujo.com','UPDATE','FLUJO_CAJA','Transacción','2025-09-01','UPDATE transacción: NOMINA CONSEJEROS en BANCO DAVIVIENDA - N/A ($-26,550 → $0)','{\"valor\": -26549.84}','{\"valor\": 0.0}','127.0.0.1','Google Chrome','/api/v1/api/transacciones-flujo-caja/77/quick','PUT','2025-12-11 13:03:59',NULL,'EXITOSO',NULL,NULL),(537,5,'Carlos Andrés Gómez','carlos.gomez@flujo.com','UPDATE','FLUJO_CAJA','Transacción','2025-09-01','UPDATE transacción: NOMINA CONSEJEROS en BANCO DAVIVIENDA - N/A ($-14,630,710 → $0)','{\"valor\": -14630710.28}','{\"valor\": 0.0}','127.0.0.1','Google Chrome','/api/v1/api/transacciones-flujo-caja/78/quick','PUT','2025-12-11 13:04:00',NULL,'EXITOSO',NULL,NULL),(538,5,'Carlos Andrés Gómez','carlos.gomez@flujo.com','UPDATE','FLUJO_CAJA','Transacción','2025-09-01','UPDATE transacción: NOMINA ADMINISTRATIVA en BANCO DAVIVIENDA - N/A ($-18,426 → $150)','{\"valor\": -18426.28}','{\"valor\": 150.0}','127.0.0.1','Google Chrome','/api/v1/api/transacciones-flujo-caja/80/quick','PUT','2025-12-11 13:04:08',NULL,'EXITOSO',NULL,NULL),(539,5,'Carlos Andrés Gómez','carlos.gomez@flujo.com','UPDATE','FLUJO_CAJA','Transacción','2025-09-01','UPDATE transacción: NOMINA CONSEJEROS en BANCO DAVIVIENDA - N/A ($-15,179,643 → $0)','{\"valor\": -15179642.98}','{\"valor\": 0.0}','127.0.0.1','Google Chrome','/api/v1/api/transacciones-flujo-caja/79/quick','PUT','2025-12-11 13:04:10',NULL,'EXITOSO',NULL,NULL),(540,5,'Carlos Andrés Gómez','carlos.gomez@flujo.com','UPDATE','FLUJO_CAJA','Transacción','2025-09-01','UPDATE transacción: NOMINA ADMINISTRATIVA en BANCO DAVIVIENDA - N/A ($-16,897,613 → $55,502)','{\"valor\": -16897612.88}','{\"valor\": 55502.18}','127.0.0.1','Google Chrome','/api/v1/api/transacciones-flujo-caja/81/quick','PUT','2025-12-11 13:04:15',NULL,'EXITOSO',NULL,NULL),(541,5,'Carlos Andrés Gómez','carlos.gomez@flujo.com','UPDATE','FLUJO_CAJA','Transacción','2025-09-01','UPDATE transacción: NOMINA ADMINISTRATIVA en BANCO DAVIVIENDA - N/A ($-3,200,142 → $0)','{\"valor\": -3200142.17}','{\"valor\": 0.0}','127.0.0.1','Google Chrome','/api/v1/api/transacciones-flujo-caja/82/quick','PUT','2025-12-11 13:04:30',NULL,'EXITOSO',NULL,NULL),(542,5,'Carlos Andrés Gómez','carlos.gomez@flujo.com','UPDATE','FLUJO_CAJA','Transacción','2025-09-01','UPDATE transacción: PAGO SOI en BANCO DAVIVIENDA - N/A ($-20,819 → $0)','{\"valor\": -20819.3}','{\"valor\": 0.0}','127.0.0.1','Google Chrome','/api/v1/api/transacciones-flujo-caja/84/quick','PUT','2025-12-11 13:04:32',NULL,'EXITOSO',NULL,NULL),(543,5,'Carlos Andrés Gómez','carlos.gomez@flujo.com','UPDATE','FLUJO_CAJA','Transacción','2025-09-01','UPDATE transacción: PAGO SOI en BANCO DAVIVIENDA - N/A ($-1,629,394 → $0)','{\"valor\": -1629393.6}','{\"valor\": 0.0}','127.0.0.1','Google Chrome','/api/v1/api/transacciones-flujo-caja/86/quick','PUT','2025-12-11 13:04:33',NULL,'EXITOSO',NULL,NULL),(544,5,'Carlos Andrés Gómez','carlos.gomez@flujo.com','UPDATE','FLUJO_CAJA','Transacción','2025-09-01','UPDATE transacción: PAGO SOI en BANCO DAVIVIENDA - N/A ($-8,452,948 → $-21,885)','{\"valor\": -8452947.5}','{\"valor\": -21885.1}','127.0.0.1','Google Chrome','/api/v1/api/transacciones-flujo-caja/85/quick','PUT','2025-12-11 13:04:39',NULL,'EXITOSO',NULL,NULL),(545,5,'Carlos Andrés Gómez','carlos.gomez@flujo.com','UPDATE','FLUJO_CAJA','Transacción','2025-09-01','UPDATE transacción: PAGO IVA en BANCO DAVIVIENDA - N/A ($-2,488,765 → $0)','{\"valor\": -2488765.0}','{\"valor\": 0.0}','127.0.0.1','Google Chrome','/api/v1/api/transacciones-flujo-caja/87/quick','PUT','2025-12-11 13:04:43',NULL,'EXITOSO',NULL,NULL),(546,5,'Carlos Andrés Gómez','carlos.gomez@flujo.com','UPDATE','FLUJO_CAJA','Transacción','2025-09-01','UPDATE transacción: OTROS IMPTOS en BANCO DAVIVIENDA - N/A ($-11,646,184 → $0)','{\"valor\": -11646183.89}','{\"valor\": 0.0}','127.0.0.1','Google Chrome','/api/v1/api/transacciones-flujo-caja/91/quick','PUT','2025-12-11 13:04:45',NULL,'EXITOSO',NULL,NULL),(547,5,'Carlos Andrés Gómez','carlos.gomez@flujo.com','UPDATE','FLUJO_CAJA','Transacción','2025-09-01','UPDATE transacción: PAGO IVA en BANCO DAVIVIENDA - N/A ($-52,427,604 → $0)','{\"valor\": -52427604.0}','{\"valor\": 0.0}','127.0.0.1','Google Chrome','/api/v1/api/transacciones-flujo-caja/88/quick','PUT','2025-12-11 13:04:46',NULL,'EXITOSO',NULL,NULL),(548,5,'Carlos Andrés Gómez','carlos.gomez@flujo.com','UPDATE','FLUJO_CAJA','Transacción','2025-09-01','UPDATE transacción: OTROS IMPTOS en BANCO DAVIVIENDA - N/A ($-2,402,370 → $0)','{\"valor\": -2402369.57}','{\"valor\": 0.0}','127.0.0.1','Google Chrome','/api/v1/api/transacciones-flujo-caja/90/quick','PUT','2025-12-11 13:04:47',NULL,'EXITOSO',NULL,NULL),(549,5,'Carlos Andrés Gómez','carlos.gomez@flujo.com','UPDATE','FLUJO_CAJA','Transacción','2025-09-01','UPDATE transacción: OTROS IMPTOS en BANCO DAVIVIENDA - N/A ($-23,373 → $0)','{\"valor\": -23373.0}','{\"valor\": 0.0}','127.0.0.1','Google Chrome','/api/v1/api/transacciones-flujo-caja/89/quick','PUT','2025-12-11 13:04:50',NULL,'EXITOSO',NULL,NULL),(550,5,'Carlos Andrés Gómez','carlos.gomez@flujo.com','UPDATE','FLUJO_CAJA','Transacción','2025-09-01','UPDATE transacción: PAGO SOI en BANCO DAVIVIENDA - N/A ($0 → $-6,632)','{\"valor\": 0.0}','{\"valor\": -6632.0}','127.0.0.1','Google Chrome','/api/v1/api/transacciones-flujo-caja/86/quick','PUT','2025-12-11 13:05:41',NULL,'EXITOSO',NULL,NULL),(551,5,'Carlos Andrés Gómez','carlos.gomez@flujo.com','CREATE','FLUJO_CAJA','Transacción','2025-09-01','CREATE transacción: VENTANILLA en BANCO DAVIVIENDA - N/A por $1','null','{\"valor\": 1.0}','127.0.0.1','Microsoft Edge','/api/v1/api/transacciones-flujo-caja/','POST','2025-12-11 13:11:59',NULL,'EXITOSO',NULL,NULL),(552,5,'Carlos Andrés Gómez','carlos.gomez@flujo.com','UPDATE','FLUJO_CAJA','Transacción','2025-09-01','UPDATE transacción: VENTANILLA en BANCO DAVIVIENDA - N/A ($1 → $0)','{\"valor\": 1.0}','{\"valor\": 0.0}','127.0.0.1','Microsoft Edge','/api/v1/api/transacciones-flujo-caja/92/quick','PUT','2025-12-11 13:12:05',NULL,'EXITOSO',NULL,NULL),(553,5,'Carlos Andrés Gómez','carlos.gomez@flujo.com','CREATE','FLUJO_CAJA','Transacción','2025-09-02','CREATE transacción: RETIRO DE CAPITAL ENCARGOS en BANCO DAVIVIENDA - N/A por $53,000','null','{\"valor\": 53000.0}','127.0.0.1','Microsoft Edge','/api/v1/api/transacciones-flujo-caja/','POST','2025-12-11 13:22:04',NULL,'EXITOSO',NULL,NULL),(554,5,'Carlos Andrés Gómez','carlos.gomez@flujo.com','CREATE','FLUJO_CAJA','Transacción','2025-09-02','CREATE transacción: RETIRO DE CAPITAL ENCARGOS en BANCO DAVIVIENDA - N/A por $22,875,000','null','{\"valor\": 22875000.0}','127.0.0.1','Microsoft Edge','/api/v1/api/transacciones-flujo-caja/','POST','2025-12-11 13:22:15',NULL,'EXITOSO',NULL,NULL),(555,5,'Carlos Andrés Gómez','carlos.gomez@flujo.com','CREATE','FLUJO_CAJA','Transacción','2025-09-02','CREATE transacción: INCREMENTO DE CAPITAL ENCARGOS en BANCO DAVIVIENDA - N/A por $-7,531,000','null','{\"valor\": -7531000.0}','127.0.0.1','Microsoft Edge','/api/v1/api/transacciones-flujo-caja/','POST','2025-12-11 13:22:22',NULL,'EXITOSO',NULL,NULL),(556,5,'Carlos Andrés Gómez','carlos.gomez@flujo.com','CREATE','FLUJO_CAJA','Transacción','2025-09-02','CREATE transacción: TRASLADO ARL en BANCO DAVIVIENDA - N/A por $870,000,000','null','{\"valor\": 870000000.0}','127.0.0.1','Microsoft Edge','/api/v1/api/transacciones-flujo-caja/','POST','2025-12-11 13:22:43',NULL,'EXITOSO',NULL,NULL),(557,5,'Carlos Andrés Gómez','carlos.gomez@flujo.com','CREATE','FLUJO_CAJA','Transacción','2025-09-02','CREATE transacción: COMPRA DIVISAS REASEGUROS en BANCO DAVIVIENDA - N/A por $-26,084,500','null','{\"valor\": -26084500.0}','127.0.0.1','Microsoft Edge','/api/v1/api/transacciones-flujo-caja/','POST','2025-12-11 13:23:04',NULL,'EXITOSO',NULL,NULL),(558,5,'Carlos Andrés Gómez','carlos.gomez@flujo.com','CREATE','FLUJO_CAJA','Transacción','2025-09-02','CREATE transacción: COMISIONES en BANCO DAVIVIENDA - N/A por $-736','null','{\"valor\": -735.55}','127.0.0.1','Microsoft Edge','/api/v1/api/transacciones-flujo-caja/','POST','2025-12-11 13:23:19',NULL,'EXITOSO',NULL,NULL),(559,5,'Carlos Andrés Gómez','carlos.gomez@flujo.com','CREATE','FLUJO_CAJA','Transacción','2025-09-02','CREATE transacción: COMISIONES en BANCO DAVIVIENDA - N/A por $-53','null','{\"valor\": -53.06}','127.0.0.1','Microsoft Edge','/api/v1/api/transacciones-flujo-caja/','POST','2025-12-11 13:23:25',NULL,'EXITOSO',NULL,NULL),(560,5,'Carlos Andrés Gómez','carlos.gomez@flujo.com','UPDATE','FLUJO_CAJA','Transacción','2025-09-02','UPDATE transacción: TRASLADO ARL en BANCO DAVIVIENDA - N/A ($870,000,000 → $87,000,000)','{\"valor\": 870000000.0}','{\"valor\": 87000000.0}','127.0.0.1','Microsoft Edge','/api/v1/api/transacciones-flujo-caja/132/quick','PUT','2025-12-11 13:23:46',NULL,'EXITOSO',NULL,NULL),(561,5,'Carlos Andrés Gómez','carlos.gomez@flujo.com','CREATE','FLUJO_CAJA','Transacción','2025-09-01','CREATE transacción: RETIRO DE CAPITAL ENCARGOS en BANCO DAVIVIENDA - N/A por $5,000,000','null','{\"valor\": 5000000.0}','127.0.0.1','Google Chrome','/api/v1/api/transacciones-flujo-caja/','POST','2025-12-11 14:04:28',NULL,'EXITOSO',NULL,NULL),(562,5,'Carlos Andrés Gómez','carlos.gomez@flujo.com','CREATE','FLUJO_CAJA','Transacción','2025-09-01','CREATE transacción: INCREMENTO DE CAPITAL ENCARGOS en BANCO DAVIVIENDA - N/A por $-15,000','null','{\"valor\": -15000.0}','127.0.0.1','Google Chrome','/api/v1/api/transacciones-flujo-caja/','POST','2025-12-11 14:04:35',NULL,'EXITOSO',NULL,NULL),(563,5,'Carlos Andrés Gómez','carlos.gomez@flujo.com','CREATE','FLUJO_CAJA','Transacción','2025-09-01','CREATE transacción: TRASLADO ARL en BANCO DAVIVIENDA - N/A por $15,801,000','null','{\"valor\": 15801000.0}','127.0.0.1','Google Chrome','/api/v1/api/transacciones-flujo-caja/','POST','2025-12-11 14:04:41',NULL,'EXITOSO',NULL,NULL),(564,5,'Carlos Andrés Gómez','carlos.gomez@flujo.com','CREATE','FLUJO_CAJA','Transacción','2025-09-01','CREATE transacción: TRASLADO ARL en BANCO DAVIVIENDA - N/A por $12,870,000','null','{\"valor\": 12870000.0}','127.0.0.1','Google Chrome','/api/v1/api/transacciones-flujo-caja/','POST','2025-12-11 14:04:50',NULL,'EXITOSO',NULL,NULL),(565,5,'Carlos Andrés Gómez','carlos.gomez@flujo.com','CREATE','FLUJO_CAJA','Transacción','2025-09-01','CREATE transacción: COMISIONES en BANCO DAVIVIENDA - N/A por $-2,085','null','{\"valor\": -2085.07}','127.0.0.1','Google Chrome','/api/v1/api/transacciones-flujo-caja/','POST','2025-12-11 14:05:09',NULL,'EXITOSO',NULL,NULL),(566,5,'Carlos Andrés Gómez','carlos.gomez@flujo.com','CREATE','FLUJO_CAJA','Transacción','2025-09-01','CREATE transacción: COMISIONES en BANCO DAVIVIENDA - N/A por $-132','null','{\"valor\": -132.01}','127.0.0.1','Google Chrome','/api/v1/api/transacciones-flujo-caja/','POST','2025-12-11 14:05:13',NULL,'EXITOSO',NULL,NULL),(567,5,'Carlos Andrés Gómez','carlos.gomez@flujo.com','CREATE','FLUJO_CAJA','Transacción','2025-09-01','CREATE transacción: SALDOS EN BANCOS en BANCO DAVIVIENDA - N/A por $445,958','null','{\"valor\": 445957.71}','127.0.0.1','Microsoft Edge','/api/v1/api/transacciones-flujo-caja/','POST','2025-12-11 14:06:26',NULL,'EXITOSO',NULL,NULL),(568,5,'Carlos Andrés Gómez','carlos.gomez@flujo.com','CREATE','FLUJO_CAJA','Transacción','2025-09-01','CREATE transacción: SALDOS EN BANCOS en BANCO DAVIVIENDA - N/A por $8,392,940','null','{\"valor\": 8392940.32}','127.0.0.1','Microsoft Edge','/api/v1/api/transacciones-flujo-caja/','POST','2025-12-11 14:06:37',NULL,'EXITOSO',NULL,NULL),(569,5,'Carlos Andrés Gómez','carlos.gomez@flujo.com','CREATE','FLUJO_CAJA','Transacción','2025-09-01','CREATE transacción: SALDOS EN BANCOS en BANCO DAVIVIENDA - N/A por $14,391,884','null','{\"valor\": 14391884.12}','127.0.0.1','Microsoft Edge','/api/v1/api/transacciones-flujo-caja/','POST','2025-12-11 14:06:46',NULL,'EXITOSO',NULL,NULL),(570,5,'Carlos Andrés Gómez','carlos.gomez@flujo.com','UPDATE','FLUJO_CAJA','Transacción','2025-09-01','UPDATE transacción: SALDOS EN BANCOS en BANCO DAVIVIENDA - N/A ($14,391,884 → $14,429,502)','{\"valor\": 14391884.12}','{\"valor\": 14429502.25}','127.0.0.1','Microsoft Edge','/api/v1/api/transacciones-flujo-caja/51/quick','PUT','2025-12-11 14:07:21',NULL,'EXITOSO',NULL,NULL),(571,5,'Carlos Andrés Gómez','carlos.gomez@flujo.com','CREATE','FLUJO_CAJA','Transacción','2025-09-01','CREATE transacción: INGRESO en BANCO DAVIVIENDA - N/A por $3,910','null','{\"valor\": 3910.0}','127.0.0.1','Microsoft Edge','/api/v1/api/transacciones-flujo-caja/','POST','2025-12-11 14:07:31',NULL,'EXITOSO',NULL,NULL),(572,5,'Carlos Andrés Gómez','carlos.gomez@flujo.com','CREATE','FLUJO_CAJA','Transacción','2025-09-01','CREATE transacción: INGRESO en BANCO DAVIVIENDA - N/A por $100,388,534','null','{\"valor\": 100388534.0}','127.0.0.1','Microsoft Edge','/api/v1/api/transacciones-flujo-caja/','POST','2025-12-11 14:07:40',NULL,'EXITOSO',NULL,NULL),(573,5,'Carlos Andrés Gómez','carlos.gomez@flujo.com','UPDATE','FLUJO_CAJA','Transacción','2025-09-01','UPDATE transacción: INGRESO en BANCO DAVIVIENDA - N/A ($100,388,534 → $100,388,534)','{\"valor\": 100388534.0}','{\"valor\": 100388534.08}','127.0.0.1','Microsoft Edge','/api/v1/api/transacciones-flujo-caja/53/quick','PUT','2025-12-11 14:07:47',NULL,'EXITOSO',NULL,NULL),(574,5,'Carlos Andrés Gómez','carlos.gomez@flujo.com','CREATE','FLUJO_CAJA','Transacción','2025-09-01','CREATE transacción: INGRESO en BANCO DAVIVIENDA - N/A por $6,385,346','null','{\"valor\": 6385346.26}','127.0.0.1','Microsoft Edge','/api/v1/api/transacciones-flujo-caja/','POST','2025-12-11 14:08:00',NULL,'EXITOSO',NULL,NULL),(575,5,'Carlos Andrés Gómez','carlos.gomez@flujo.com','CREATE','FLUJO_CAJA','Transacción','2025-09-01','CREATE transacción: CONSUMO NACIONAL en BANCO DAVIVIENDA - N/A por $-767','null','{\"valor\": -766.91}','127.0.0.1','Microsoft Edge','/api/v1/api/transacciones-flujo-caja/','POST','2025-12-11 14:08:09',NULL,'EXITOSO',NULL,NULL),(576,5,'Carlos Andrés Gómez','carlos.gomez@flujo.com','CREATE','FLUJO_CAJA','Transacción','2025-09-01','CREATE transacción: CONSUMO NACIONAL en BANCO DAVIVIENDA - N/A por $-41,813','null','{\"valor\": -41813.17}','127.0.0.1','Microsoft Edge','/api/v1/api/transacciones-flujo-caja/','POST','2025-12-11 14:08:16',NULL,'EXITOSO',NULL,NULL),(577,5,'Carlos Andrés Gómez','carlos.gomez@flujo.com','CREATE','FLUJO_CAJA','Transacción','2025-09-01','CREATE transacción: CONSUMO NACIONAL en BANCO DAVIVIENDA - N/A por $-8,694','null','{\"valor\": -8693.96}','127.0.0.1','Microsoft Edge','/api/v1/api/transacciones-flujo-caja/','POST','2025-12-11 14:08:27',NULL,'EXITOSO',NULL,NULL),(578,5,'Carlos Andrés Gómez','carlos.gomez@flujo.com','CREATE','FLUJO_CAJA','Transacción','2025-09-01','CREATE transacción: INGRESO CTA PAGADURIA en BANCO DAVIVIENDA - N/A por $2,000','null','{\"valor\": 2000.0}','127.0.0.1','Microsoft Edge','/api/v1/api/transacciones-flujo-caja/','POST','2025-12-11 14:08:31',NULL,'EXITOSO',NULL,NULL),(579,5,'Carlos Andrés Gómez','carlos.gomez@flujo.com','CREATE','FLUJO_CAJA','Transacción','2025-09-01','CREATE transacción: RECAUDOS LIBERTADOR en BANCO DAVIVIENDA - N/A por $233,790','null','{\"valor\": 233789.94}','127.0.0.1','Microsoft Edge','/api/v1/api/transacciones-flujo-caja/','POST','2025-12-11 14:08:45',NULL,'EXITOSO',NULL,NULL),(580,5,'Carlos Andrés Gómez','carlos.gomez@flujo.com','CREATE','FLUJO_CAJA','Transacción','2025-09-01','CREATE transacción: EMBARGOS en BANCO DAVIVIENDA - N/A por $-49,580','null','{\"valor\": -49579.65}','127.0.0.1','Microsoft Edge','/api/v1/api/transacciones-flujo-caja/','POST','2025-12-11 14:09:09',NULL,'EXITOSO',NULL,NULL),(581,5,'Carlos Andrés Gómez','carlos.gomez@flujo.com','CREATE','FLUJO_CAJA','Transacción','2025-09-01','CREATE transacción: OTROS PAGOS en BANCO DAVIVIENDA - N/A por $-62,359','null','{\"valor\": -62358.52}','127.0.0.1','Microsoft Edge','/api/v1/api/transacciones-flujo-caja/','POST','2025-12-11 14:09:17',NULL,'EXITOSO',NULL,NULL),(582,5,'Carlos Andrés Gómez','carlos.gomez@flujo.com','CREATE','FLUJO_CAJA','Transacción','2025-09-01','CREATE transacción: OTROS PAGOS en BANCO DAVIVIENDA - N/A por $-6','null','{\"valor\": -6.27}','127.0.0.1','Microsoft Edge','/api/v1/api/transacciones-flujo-caja/','POST','2025-12-11 14:09:22',NULL,'EXITOSO',NULL,NULL),(583,5,'Carlos Andrés Gómez','carlos.gomez@flujo.com','CREATE','FLUJO_CAJA','Transacción','2025-09-01','CREATE transacción: OTROS PAGOS en BANCO DAVIVIENDA - N/A por $-3,219','null','{\"valor\": -3219.16}','127.0.0.1','Microsoft Edge','/api/v1/api/transacciones-flujo-caja/','POST','2025-12-11 14:09:29',NULL,'EXITOSO',NULL,NULL),(584,5,'Carlos Andrés Gómez','carlos.gomez@flujo.com','CREATE','FLUJO_CAJA','Transacción','2025-09-01','CREATE transacción: VENTAN PROVEEDORES en BANCO DAVIVIENDA - N/A por $-34,541','null','{\"valor\": -34540.77}','127.0.0.1','Microsoft Edge','/api/v1/api/transacciones-flujo-caja/','POST','2025-12-11 14:09:39',NULL,'EXITOSO',NULL,NULL),(585,5,'Carlos Andrés Gómez','carlos.gomez@flujo.com','CREATE','FLUJO_CAJA','Transacción','2025-09-01','CREATE transacción: VENTAN PROVEEDORES en BANCO DAVIVIENDA - N/A por $-2,521,095','null','{\"valor\": -2521095.41}','127.0.0.1','Microsoft Edge','/api/v1/api/transacciones-flujo-caja/','POST','2025-12-11 14:09:50',NULL,'EXITOSO',NULL,NULL),(586,5,'Carlos Andrés Gómez','carlos.gomez@flujo.com','CREATE','FLUJO_CAJA','Transacción','2025-09-01','CREATE transacción: VENTAN PROVEEDORES en BANCO DAVIVIENDA - N/A por $-1,420,800','null','{\"valor\": -1420800.18}','127.0.0.1','Microsoft Edge','/api/v1/api/transacciones-flujo-caja/','POST','2025-12-11 14:10:01',NULL,'EXITOSO',NULL,NULL),(587,5,'Carlos Andrés Gómez','carlos.gomez@flujo.com','CREATE','FLUJO_CAJA','Transacción','2025-09-01','CREATE transacción: NOMINA ADMINISTRATIVA en BANCO DAVIVIENDA - N/A por $150','null','{\"valor\": 150.0}','127.0.0.1','Microsoft Edge','/api/v1/api/transacciones-flujo-caja/','POST','2025-12-11 14:10:13',NULL,'EXITOSO',NULL,NULL),(588,5,'Carlos Andrés Gómez','carlos.gomez@flujo.com','CREATE','FLUJO_CAJA','Transacción','2025-09-01','CREATE transacción: NOMINA ADMINISTRATIVA en BANCO DAVIVIENDA - N/A por $55,502','null','{\"valor\": 55502.18}','127.0.0.1','Microsoft Edge','/api/v1/api/transacciones-flujo-caja/','POST','2025-12-11 14:10:20',NULL,'EXITOSO',NULL,NULL),(589,5,'Carlos Andrés Gómez','carlos.gomez@flujo.com','CREATE','FLUJO_CAJA','Transacción','2025-09-01','CREATE transacción: NOMINA PENSIONES en BANCO DAVIVIENDA - N/A por $23,415,518','null','{\"valor\": 23415517.71}','127.0.0.1','Microsoft Edge','/api/v1/api/transacciones-flujo-caja/','POST','2025-12-11 14:10:31',NULL,'EXITOSO',NULL,NULL),(590,5,'Carlos Andrés Gómez','carlos.gomez@flujo.com','UPDATE','FLUJO_CAJA','Transacción','2025-09-01','UPDATE transacción: NOMINA PENSIONES en BANCO DAVIVIENDA - N/A ($23,415,518 → $-23,415,518)','{\"valor\": 23415517.71}','{\"valor\": -23415517.71}','127.0.0.1','Microsoft Edge','/api/v1/api/transacciones-flujo-caja/69/quick','PUT','2025-12-11 14:10:40',NULL,'EXITOSO',NULL,NULL),(591,5,'Carlos Andrés Gómez','carlos.gomez@flujo.com','CREATE','FLUJO_CAJA','Transacción','2025-09-01','CREATE transacción: NOMINA PENSIONES en BANCO DAVIVIENDA - N/A por $-6,632','null','{\"valor\": -6632.0}','127.0.0.1','Microsoft Edge','/api/v1/api/transacciones-flujo-caja/','POST','2025-12-11 14:10:49',NULL,'EXITOSO',NULL,NULL),(592,5,'Carlos Andrés Gómez','carlos.gomez@flujo.com','UPDATE','FLUJO_CAJA','Transacción','2025-09-01','UPDATE transacción: NOMINA PENSIONES en BANCO DAVIVIENDA - N/A ($-6,632 → $0)','{\"valor\": -6632.0}','{\"valor\": 0.0}','127.0.0.1','Microsoft Edge','/api/v1/api/transacciones-flujo-caja/70/quick','PUT','2025-12-11 14:11:15',NULL,'EXITOSO',NULL,NULL),(593,5,'Carlos Andrés Gómez','carlos.gomez@flujo.com','CREATE','FLUJO_CAJA','Transacción','2025-09-01','CREATE transacción: PAGO SOI en BANCO DAVIVIENDA - N/A por $-6,632','null','{\"valor\": -6632.0}','127.0.0.1','Microsoft Edge','/api/v1/api/transacciones-flujo-caja/','POST','2025-12-11 14:11:16',NULL,'EXITOSO',NULL,NULL),(594,5,'Carlos Andrés Gómez','carlos.gomez@flujo.com','CREATE','FLUJO_CAJA','Transacción','2025-09-01','CREATE transacción: PAGO SOI en BANCO DAVIVIENDA - N/A por $-21,885','null','{\"valor\": -21885.1}','127.0.0.1','Microsoft Edge','/api/v1/api/transacciones-flujo-caja/','POST','2025-12-11 14:11:25',NULL,'EXITOSO',NULL,NULL),(595,5,'Carlos Andrés Gómez','carlos.gomez@flujo.com','UPDATE','FLUJO_CAJA','Transacción','2025-09-01','UPDATE transacción: PAGO SOI en BANCO DAVIVIENDA - N/A ($-21,885 → $-21,885)','{\"valor\": -21885.1}','{\"valor\": -21885.1}','127.0.0.1','Microsoft Edge','/api/v1/api/transacciones-flujo-caja/72/quick','PUT','2025-12-11 14:11:39',NULL,'EXITOSO',NULL,NULL),(596,5,'Carlos Andrés Gómez','carlos.gomez@flujo.com','UPDATE','FLUJO_CAJA','Transacción','2025-09-01','UPDATE transacción: OTROS PAGOS en BANCO DAVIVIENDA - N/A ($-62,359 → $-60,359)','{\"valor\": -62358.52}','{\"valor\": -60358.52}','127.0.0.1','Microsoft Edge','/api/v1/api/transacciones-flujo-caja/61/quick','PUT','2025-12-11 14:12:08',NULL,'EXITOSO',NULL,NULL),(597,5,'Carlos Andrés Gómez','carlos.gomez@flujo.com','UPDATE','FLUJO_CAJA','Transacción','2025-09-01','UPDATE transacción: RECAUDOS LIBERTADOR en BANCO DAVIVIENDA - N/A ($233,790 → $223,790)','{\"valor\": 233789.94}','{\"valor\": 223789.94}','127.0.0.1','Microsoft Edge','/api/v1/api/transacciones-flujo-caja/59/quick','PUT','2025-12-11 14:12:37',NULL,'EXITOSO',NULL,NULL),(598,5,'Carlos Andrés Gómez','carlos.gomez@flujo.com','UPDATE','FLUJO_CAJA','Transacción','2025-09-01','UPDATE transacción: TRASLADO ARL en BANCO DAVIVIENDA - N/A ($12,870,000 → $-12,870,000)','{\"valor\": 12870000.0}','{\"valor\": -12870000.0}','127.0.0.1','Google Chrome','/api/v1/api/transacciones-flujo-caja/34/quick','PUT','2025-12-11 14:13:59',NULL,'EXITOSO',NULL,NULL),(599,5,'Carlos Andrés Gómez','carlos.gomez@flujo.com','UPDATE','FLUJO_CAJA','Transacción','2025-09-01','UPDATE transacción: NOMINA ADMINISTRATIVA en BANCO DAVIVIENDA - N/A ($150 → $160)','{\"valor\": 150.0}','{\"valor\": 160.0}','127.0.0.1','Microsoft Edge','/api/v1/api/transacciones-flujo-caja/67/quick','PUT','2025-12-11 14:15:55',NULL,'EXITOSO',NULL,NULL),(600,5,'Carlos Andrés Gómez','carlos.gomez@flujo.com','UPDATE','FLUJO_CAJA','Transacción','2025-09-01','UPDATE transacción: NOMINA ADMINISTRATIVA en BANCO DAVIVIENDA - N/A ($160 → $150)','{\"valor\": 160.0}','{\"valor\": 150.0}','127.0.0.1','Microsoft Edge','/api/v1/api/transacciones-flujo-caja/67/quick','PUT','2025-12-11 14:16:01',NULL,'EXITOSO',NULL,NULL),(601,5,'Carlos Andrés Gómez','carlos.gomez@flujo.com','CREATE','FLUJO_CAJA','Transacción','2025-09-01','CREATE transacción: RETIRO DE CAPITAL ENCARGOS en BANCO DAVIVIENDA - N/A por $5,000,000','null','{\"valor\": 5000000.0}','127.0.0.1','Google Chrome','/api/v1/api/transacciones-flujo-caja/','POST','2025-12-11 14:21:28',NULL,'EXITOSO',NULL,NULL),(602,5,'Carlos Andrés Gómez','carlos.gomez@flujo.com','CREATE','FLUJO_CAJA','Transacción','2025-09-01','CREATE transacción: INCREMENTO DE CAPITAL ENCARGOS en BANCO DAVIVIENDA - N/A por $-15,000','null','{\"valor\": -15000.0}','127.0.0.1','Google Chrome','/api/v1/api/transacciones-flujo-caja/','POST','2025-12-11 14:21:37',NULL,'EXITOSO',NULL,NULL),(603,5,'Carlos Andrés Gómez','carlos.gomez@flujo.com','CREATE','FLUJO_CAJA','Transacción','2025-09-01','CREATE transacción: TRASLADO ARL en BANCO DAVIVIENDA - N/A por $1,580,100','null','{\"valor\": 1580100.0}','127.0.0.1','Google Chrome','/api/v1/api/transacciones-flujo-caja/','POST','2025-12-11 14:21:58',NULL,'EXITOSO',NULL,NULL),(604,5,'Carlos Andrés Gómez','carlos.gomez@flujo.com','CREATE','FLUJO_CAJA','Transacción','2025-09-01','CREATE transacción: TRASLADO ARL en BANCO DAVIVIENDA - N/A por $-12,870,000','null','{\"valor\": -12870000.0}','127.0.0.1','Google Chrome','/api/v1/api/transacciones-flujo-caja/','POST','2025-12-11 14:22:09',NULL,'EXITOSO',NULL,NULL),(605,5,'Carlos Andrés Gómez','carlos.gomez@flujo.com','CREATE','FLUJO_CAJA','Transacción','2025-09-01','CREATE transacción: COMISIONES en BANCO DAVIVIENDA - N/A por $-2,085','null','{\"valor\": -2085.07}','127.0.0.1','Google Chrome','/api/v1/api/transacciones-flujo-caja/','POST','2025-12-11 14:22:27',NULL,'EXITOSO',NULL,NULL),(606,5,'Carlos Andrés Gómez','carlos.gomez@flujo.com','CREATE','FLUJO_CAJA','Transacción','2025-09-01','CREATE transacción: COMISIONES en BANCO DAVIVIENDA - N/A por $-132','null','{\"valor\": -132.01}','127.0.0.1','Google Chrome','/api/v1/api/transacciones-flujo-caja/','POST','2025-12-11 14:22:33',NULL,'EXITOSO',NULL,NULL),(607,5,'Carlos Andrés Gómez','carlos.gomez@flujo.com','UPDATE','FLUJO_CAJA','Transacción','2025-09-01','UPDATE transacción: TRASLADO ARL en BANCO DAVIVIENDA - N/A ($1,580,100 → $15,801,000)','{\"valor\": 1580100.0}','{\"valor\": 15801000.0}','127.0.0.1','Google Chrome','/api/v1/api/transacciones-flujo-caja/33/quick','PUT','2025-12-11 14:22:52',NULL,'EXITOSO',NULL,NULL),(608,5,'Carlos Andrés Gómez','carlos.gomez@flujo.com','CREATE','FLUJO_CAJA','Transacción','2025-09-01','CREATE transacción: SALDOS EN BANCOS en BANCO DAVIVIENDA - N/A por $445,958','null','{\"valor\": 445957.71}','127.0.0.1','Microsoft Edge','/api/v1/api/transacciones-flujo-caja/','POST','2025-12-11 14:24:22',NULL,'EXITOSO',NULL,NULL),(609,5,'Carlos Andrés Gómez','carlos.gomez@flujo.com','CREATE','FLUJO_CAJA','Transacción','2025-09-01','CREATE transacción: SALDOS EN BANCOS en BANCO DAVIVIENDA - N/A por $8,392,940','null','{\"valor\": 8392940.32}','127.0.0.1','Microsoft Edge','/api/v1/api/transacciones-flujo-caja/','POST','2025-12-11 14:24:34',NULL,'EXITOSO',NULL,NULL),(610,5,'Carlos Andrés Gómez','carlos.gomez@flujo.com','CREATE','FLUJO_CAJA','Transacción','2025-09-01','CREATE transacción: SALDOS EN BANCOS en BANCO DAVIVIENDA - N/A por $14,429,502','null','{\"valor\": 14429502.25}','127.0.0.1','Microsoft Edge','/api/v1/api/transacciones-flujo-caja/','POST','2025-12-11 14:24:42',NULL,'EXITOSO',NULL,NULL),(611,5,'Carlos Andrés Gómez','carlos.gomez@flujo.com','CREATE','FLUJO_CAJA','Transacción','2025-09-01','CREATE transacción: CONSUMO NACIONAL en BANCO DAVIVIENDA - N/A por $-767','null','{\"valor\": -766.91}','127.0.0.1','Microsoft Edge','/api/v1/api/transacciones-flujo-caja/','POST','2025-12-11 14:25:57',NULL,'EXITOSO',NULL,NULL),(612,5,'Carlos Andrés Gómez','carlos.gomez@flujo.com','CREATE','FLUJO_CAJA','Transacción','2025-09-01','CREATE transacción: CONSUMO NACIONAL en BANCO DAVIVIENDA - N/A por $-41,813','null','{\"valor\": -41813.17}','127.0.0.1','Microsoft Edge','/api/v1/api/transacciones-flujo-caja/','POST','2025-12-11 14:26:05',NULL,'EXITOSO',NULL,NULL),(613,5,'Carlos Andrés Gómez','carlos.gomez@flujo.com','CREATE','FLUJO_CAJA','Transacción','2025-09-01','CREATE transacción: CONSUMO NACIONAL en BANCO DAVIVIENDA - N/A por $-8,694','null','{\"valor\": -8693.96}','127.0.0.1','Microsoft Edge','/api/v1/api/transacciones-flujo-caja/','POST','2025-12-11 14:26:12',NULL,'EXITOSO',NULL,NULL),(614,5,'Carlos Andrés Gómez','carlos.gomez@flujo.com','CREATE','FLUJO_CAJA','Transacción','2025-09-01','CREATE transacción: INGRESO CTA PAGADURIA en BANCO DAVIVIENDA - N/A por $2,000','null','{\"valor\": 2000.0}','127.0.0.1','Microsoft Edge','/api/v1/api/transacciones-flujo-caja/','POST','2025-12-11 14:26:17',NULL,'EXITOSO',NULL,NULL),(615,5,'Carlos Andrés Gómez','carlos.gomez@flujo.com','CREATE','FLUJO_CAJA','Transacción','2025-09-01','CREATE transacción: RECAUDOS LIBERTADOR en BANCO DAVIVIENDA - N/A por $223,790','null','{\"valor\": 223789.94}','127.0.0.1','Microsoft Edge','/api/v1/api/transacciones-flujo-caja/','POST','2025-12-11 14:26:28',NULL,'EXITOSO',NULL,NULL),(616,5,'Carlos Andrés Gómez','carlos.gomez@flujo.com','CREATE','FLUJO_CAJA','Transacción','2025-09-01','CREATE transacción: EMBARGOS en BANCO DAVIVIENDA - N/A por $-49,580','null','{\"valor\": -49579.65}','127.0.0.1','Microsoft Edge','/api/v1/api/transacciones-flujo-caja/','POST','2025-12-11 14:26:45',NULL,'EXITOSO',NULL,NULL),(617,5,'Carlos Andrés Gómez','carlos.gomez@flujo.com','CREATE','FLUJO_CAJA','Transacción','2025-09-01','CREATE transacción: OTROS PAGOS en BANCO DAVIVIENDA - N/A por $-6','null','{\"valor\": -6.27}','127.0.0.1','Microsoft Edge','/api/v1/api/transacciones-flujo-caja/','POST','2025-12-11 14:26:50',NULL,'EXITOSO',NULL,NULL),(618,5,'Carlos Andrés Gómez','carlos.gomez@flujo.com','CREATE','FLUJO_CAJA','Transacción','2025-09-01','CREATE transacción: OTROS PAGOS en BANCO DAVIVIENDA - N/A por $-62,359','null','{\"valor\": -62358.52}','127.0.0.1','Microsoft Edge','/api/v1/api/transacciones-flujo-caja/','POST','2025-12-11 14:26:57',NULL,'EXITOSO',NULL,NULL),(619,5,'Carlos Andrés Gómez','carlos.gomez@flujo.com','CREATE','FLUJO_CAJA','Transacción','2025-09-01','CREATE transacción: OTROS PAGOS en BANCO DAVIVIENDA - N/A por $-3,219','null','{\"valor\": -3219.16}','127.0.0.1','Microsoft Edge','/api/v1/api/transacciones-flujo-caja/','POST','2025-12-11 14:27:03',NULL,'EXITOSO',NULL,NULL),(620,5,'Carlos Andrés Gómez','carlos.gomez@flujo.com','CREATE','FLUJO_CAJA','Transacción','2025-09-01','CREATE transacción: VENTAN PROVEEDORES en BANCO DAVIVIENDA - N/A por $-34,541','null','{\"valor\": -34540.77}','127.0.0.1','Microsoft Edge','/api/v1/api/transacciones-flujo-caja/','POST','2025-12-11 14:27:12',NULL,'EXITOSO',NULL,NULL),(621,5,'Carlos Andrés Gómez','carlos.gomez@flujo.com','CREATE','FLUJO_CAJA','Transacción','2025-09-01','CREATE transacción: VENTAN PROVEEDORES en BANCO DAVIVIENDA - N/A por $-2,521,095','null','{\"valor\": -2521095.41}','127.0.0.1','Microsoft Edge','/api/v1/api/transacciones-flujo-caja/','POST','2025-12-11 14:27:22',NULL,'EXITOSO',NULL,NULL),(622,5,'Carlos Andrés Gómez','carlos.gomez@flujo.com','CREATE','FLUJO_CAJA','Transacción','2025-09-01','CREATE transacción: VENTAN PROVEEDORES en BANCO DAVIVIENDA - N/A por $-1,420,800','null','{\"valor\": -1420800.18}','127.0.0.1','Microsoft Edge','/api/v1/api/transacciones-flujo-caja/','POST','2025-12-11 14:27:30',NULL,'EXITOSO',NULL,NULL),(623,5,'Carlos Andrés Gómez','carlos.gomez@flujo.com','CREATE','FLUJO_CAJA','Transacción','2025-09-01','CREATE transacción: NOMINA ADMINISTRATIVA en BANCO DAVIVIENDA - N/A por $150','null','{\"valor\": 150.0}','127.0.0.1','Microsoft Edge','/api/v1/api/transacciones-flujo-caja/','POST','2025-12-11 14:27:38',NULL,'EXITOSO',NULL,NULL),(624,5,'Carlos Andrés Gómez','carlos.gomez@flujo.com','CREATE','FLUJO_CAJA','Transacción','2025-09-01','CREATE transacción: NOMINA ADMINISTRATIVA en BANCO DAVIVIENDA - N/A por $55,502','null','{\"valor\": 55502.18}','127.0.0.1','Microsoft Edge','/api/v1/api/transacciones-flujo-caja/','POST','2025-12-11 14:27:49',NULL,'EXITOSO',NULL,NULL),(625,5,'Carlos Andrés Gómez','carlos.gomez@flujo.com','CREATE','FLUJO_CAJA','Transacción','2025-09-01','CREATE transacción: NOMINA PENSIONES en BANCO DAVIVIENDA - N/A por $-23,415,518','null','{\"valor\": -23415517.71}','127.0.0.1','Microsoft Edge','/api/v1/api/transacciones-flujo-caja/','POST','2025-12-11 14:28:00',NULL,'EXITOSO',NULL,NULL),(626,5,'Carlos Andrés Gómez','carlos.gomez@flujo.com','CREATE','FLUJO_CAJA','Transacción','2025-09-01','CREATE transacción: PAGO SOI en BANCO DAVIVIENDA - N/A por $-21,885','null','{\"valor\": -21885.1}','127.0.0.1','Microsoft Edge','/api/v1/api/transacciones-flujo-caja/','POST','2025-12-11 14:28:07',NULL,'EXITOSO',NULL,NULL),(627,5,'Carlos Andrés Gómez','carlos.gomez@flujo.com','CREATE','FLUJO_CAJA','Transacción','2025-09-01','CREATE transacción: PAGO SOI en BANCO DAVIVIENDA - N/A por $-6,632','null','{\"valor\": -6632.0}','127.0.0.1','Microsoft Edge','/api/v1/api/transacciones-flujo-caja/','POST','2025-12-11 14:28:14',NULL,'EXITOSO',NULL,NULL),(628,5,'Carlos Andrés Gómez','carlos.gomez@flujo.com','CREATE','FLUJO_CAJA','Transacción','2025-09-01','CREATE transacción: INGRESO en BANCO DAVIVIENDA - N/A por $3,910','null','{\"valor\": 3910.0}','127.0.0.1','Microsoft Edge','/api/v1/api/transacciones-flujo-caja/','POST','2025-12-11 14:28:42',NULL,'EXITOSO',NULL,NULL),(629,5,'Carlos Andrés Gómez','carlos.gomez@flujo.com','CREATE','FLUJO_CAJA','Transacción','2025-09-01','CREATE transacción: INGRESO en BANCO DAVIVIENDA - N/A por $100,388,534','null','{\"valor\": 100388534.08}','127.0.0.1','Microsoft Edge','/api/v1/api/transacciones-flujo-caja/','POST','2025-12-11 14:28:52',NULL,'EXITOSO',NULL,NULL),(630,5,'Carlos Andrés Gómez','carlos.gomez@flujo.com','CREATE','FLUJO_CAJA','Transacción','2025-09-01','CREATE transacción: INGRESO en BANCO DAVIVIENDA - N/A por $6,385,346','null','{\"valor\": 6385346.26}','127.0.0.1','Microsoft Edge','/api/v1/api/transacciones-flujo-caja/','POST','2025-12-11 14:29:03',NULL,'EXITOSO',NULL,NULL),(631,5,'Carlos Andrés Gómez','carlos.gomez@flujo.com','UPDATE','FLUJO_CAJA','Transacción','2025-09-01','UPDATE transacción: OTROS PAGOS en BANCO DAVIVIENDA - N/A ($-62,359 → $-60,359)','{\"valor\": -62358.52}','{\"valor\": -60358.52}','127.0.0.1','Microsoft Edge','/api/v1/api/transacciones-flujo-caja/59/quick','PUT','2025-12-11 14:30:54',NULL,'EXITOSO',NULL,NULL),(632,5,'Carlos Andrés Gómez','carlos.gomez@flujo.com','CREATE','FLUJO_CAJA','Transacción','2025-09-02','CREATE transacción: RETIRO DE CAPITAL ENCARGOS en BANCO DAVIVIENDA - N/A por $53,000','null','{\"valor\": 53000.0}','127.0.0.1','Google Chrome','/api/v1/api/transacciones-flujo-caja/','POST','2025-12-11 14:35:57',NULL,'EXITOSO',NULL,NULL),(633,5,'Carlos Andrés Gómez','carlos.gomez@flujo.com','CREATE','FLUJO_CAJA','Transacción','2025-09-02','CREATE transacción: RETIRO DE CAPITAL ENCARGOS en BANCO DAVIVIENDA - N/A por $22,875,000','null','{\"valor\": 22875000.0}','127.0.0.1','Google Chrome','/api/v1/api/transacciones-flujo-caja/','POST','2025-12-11 14:36:06',NULL,'EXITOSO',NULL,NULL),(634,5,'Carlos Andrés Gómez','carlos.gomez@flujo.com','CREATE','FLUJO_CAJA','Transacción','2025-09-02','CREATE transacción: INCREMENTO DE CAPITAL ENCARGOS en BANCO DAVIVIENDA - N/A por $-7,531','null','{\"valor\": -7531.0}','127.0.0.1','Google Chrome','/api/v1/api/transacciones-flujo-caja/','POST','2025-12-11 14:36:17',NULL,'EXITOSO',NULL,NULL),(635,5,'Carlos Andrés Gómez','carlos.gomez@flujo.com','CREATE','FLUJO_CAJA','Transacción','2025-09-02','CREATE transacción: TRASLADO ARL en BANCO DAVIVIENDA - N/A por $87,000,000','null','{\"valor\": 87000000.0}','127.0.0.1','Google Chrome','/api/v1/api/transacciones-flujo-caja/','POST','2025-12-11 14:36:29',NULL,'EXITOSO',NULL,NULL),(636,5,'Carlos Andrés Gómez','carlos.gomez@flujo.com','UPDATE','FLUJO_CAJA','Transacción','2025-09-02','UPDATE transacción: INCREMENTO DE CAPITAL ENCARGOS en BANCO DAVIVIENDA - N/A ($-7,531 → $-7,531,000)','{\"valor\": -7531.0}','{\"valor\": -7531000.0}','127.0.0.1','Google Chrome','/api/v1/api/transacciones-flujo-caja/98/quick','PUT','2025-12-11 14:36:38',NULL,'EXITOSO',NULL,NULL),(637,5,'Carlos Andrés Gómez','carlos.gomez@flujo.com','CREATE','FLUJO_CAJA','Transacción','2025-09-02','CREATE transacción: COMPRA DIVISAS REASEGUROS en BANCO DAVIVIENDA - N/A por $-26,084,500','null','{\"valor\": -26084500.0}','127.0.0.1','Google Chrome','/api/v1/api/transacciones-flujo-caja/','POST','2025-12-11 14:36:55',NULL,'EXITOSO',NULL,NULL),(638,5,'Carlos Andrés Gómez','carlos.gomez@flujo.com','CREATE','FLUJO_CAJA','Transacción','2025-09-02','CREATE transacción: COMISIONES en BANCO DAVIVIENDA - N/A por $-736','null','{\"valor\": -735.55}','127.0.0.1','Google Chrome','/api/v1/api/transacciones-flujo-caja/','POST','2025-12-11 14:37:17',NULL,'EXITOSO',NULL,NULL),(639,5,'Carlos Andrés Gómez','carlos.gomez@flujo.com','CREATE','FLUJO_CAJA','Transacción','2025-09-02','CREATE transacción: COMISIONES en BANCO DAVIVIENDA - N/A por $-53','null','{\"valor\": -53.06}','127.0.0.1','Google Chrome','/api/v1/api/transacciones-flujo-caja/','POST','2025-12-11 14:37:23',NULL,'EXITOSO',NULL,NULL),(640,5,'Carlos Andrés Gómez','carlos.gomez@flujo.com','UPDATE','FLUJO_CAJA','Transacción','2025-09-02','UPDATE transacción: TRASLADO ARL en BANCO DAVIVIENDA - N/A ($87,000,000 → $-87,000,000)','{\"valor\": 87000000.0}','{\"valor\": -87000000.0}','127.0.0.1','Google Chrome','/api/v1/api/transacciones-flujo-caja/111/quick','PUT','2025-12-11 14:39:08',NULL,'EXITOSO',NULL,NULL),(641,5,'Carlos Andrés Gómez','carlos.gomez@flujo.com','CREATE','FLUJO_CAJA','Transacción','2025-09-02','CREATE transacción: SALDOS EN BANCOS en BANCO DAVIVIENDA - N/A por $416,833','null','{\"valor\": 416833.4}','127.0.0.1','Microsoft Edge','/api/v1/api/transacciones-flujo-caja/','POST','2025-12-11 14:39:53',NULL,'EXITOSO',NULL,NULL),(642,5,'Carlos Andrés Gómez','carlos.gomez@flujo.com','CREATE','FLUJO_CAJA','Transacción','2025-09-02','CREATE transacción: SALDOS EN BANCOS en BANCO DAVIVIENDA - N/A por $103,183,640','null','{\"valor\": 103183639.85}','127.0.0.1','Microsoft Edge','/api/v1/api/transacciones-flujo-caja/','POST','2025-12-11 14:40:04',NULL,'EXITOSO',NULL,NULL),(643,5,'Carlos Andrés Gómez','carlos.gomez@flujo.com','CREATE','FLUJO_CAJA','Transacción','2025-09-02','CREATE transacción: SALDOS EN BANCOS en BANCO DAVIVIENDA - N/A por $6,765,817','null','{\"valor\": 6765816.98}','127.0.0.1','Microsoft Edge','/api/v1/api/transacciones-flujo-caja/','POST','2025-12-11 14:40:18',NULL,'EXITOSO',NULL,NULL),(644,5,'Carlos Andrés Gómez','carlos.gomez@flujo.com','CREATE','FLUJO_CAJA','Transacción','2025-09-02','CREATE transacción: INGRESO en BANCO DAVIVIENDA - N/A por $176,000','null','{\"valor\": 176000.0}','127.0.0.1','Microsoft Edge','/api/v1/api/transacciones-flujo-caja/','POST','2025-12-11 14:40:51',NULL,'EXITOSO',NULL,NULL),(645,5,'Carlos Andrés Gómez','carlos.gomez@flujo.com','CREATE','FLUJO_CAJA','Transacción','2025-09-02','CREATE transacción: INGRESO en BANCO DAVIVIENDA - N/A por $11,891,866','null','{\"valor\": 11891865.62}','127.0.0.1','Microsoft Edge','/api/v1/api/transacciones-flujo-caja/','POST','2025-12-11 14:41:06',NULL,'EXITOSO',NULL,NULL),(646,5,'Carlos Andrés Gómez','carlos.gomez@flujo.com','CREATE','FLUJO_CAJA','Transacción','2025-09-02','CREATE transacción: INGRESO en BANCO DAVIVIENDA - N/A por $6,434,566','null','{\"valor\": 6434565.95}','127.0.0.1','Microsoft Edge','/api/v1/api/transacciones-flujo-caja/','POST','2025-12-11 14:41:25',NULL,'EXITOSO',NULL,NULL),(647,5,'Carlos Andrés Gómez','carlos.gomez@flujo.com','CREATE','FLUJO_CAJA','Transacción','2025-09-02','CREATE transacción: CONSUMO NACIONAL en BANCO DAVIVIENDA - N/A por $-235','null','{\"valor\": -235.01}','127.0.0.1','Microsoft Edge','/api/v1/api/transacciones-flujo-caja/','POST','2025-12-11 14:41:30',NULL,'EXITOSO',NULL,NULL),(648,5,'Carlos Andrés Gómez','carlos.gomez@flujo.com','CREATE','FLUJO_CAJA','Transacción','2025-09-02','CREATE transacción: CONSUMO NACIONAL en BANCO DAVIVIENDA - N/A por $-7,785','null','{\"valor\": -7785.37}','127.0.0.1','Microsoft Edge','/api/v1/api/transacciones-flujo-caja/','POST','2025-12-11 14:41:38',NULL,'EXITOSO',NULL,NULL),(649,5,'Carlos Andrés Gómez','carlos.gomez@flujo.com','CREATE','FLUJO_CAJA','Transacción','2025-09-02','CREATE transacción: CONSUMO NACIONAL en BANCO DAVIVIENDA - N/A por $-28,490','null','{\"valor\": -28490.44}','127.0.0.1','Microsoft Edge','/api/v1/api/transacciones-flujo-caja/','POST','2025-12-11 14:41:44',NULL,'EXITOSO',NULL,NULL),(650,5,'Carlos Andrés Gómez','carlos.gomez@flujo.com','CREATE','FLUJO_CAJA','Transacción','2025-09-02','CREATE transacción: FINANSEGUROS en BANCO DAVIVIENDA - N/A por $93,190','null','{\"valor\": 93190.27}','127.0.0.1','Microsoft Edge','/api/v1/api/transacciones-flujo-caja/','POST','2025-12-11 14:41:50',NULL,'EXITOSO',NULL,NULL),(651,5,'Carlos Andrés Gómez','carlos.gomez@flujo.com','CREATE','FLUJO_CAJA','Transacción','2025-09-02','CREATE transacción: EMBARGOS en BANCO DAVIVIENDA - N/A por $-7,726','null','{\"valor\": -7725.82}','127.0.0.1','Microsoft Edge','/api/v1/api/transacciones-flujo-caja/','POST','2025-12-11 14:42:07',NULL,'EXITOSO',NULL,NULL),(652,5,'Carlos Andrés Gómez','carlos.gomez@flujo.com','CREATE','FLUJO_CAJA','Transacción','2025-09-02','CREATE transacción: OTROS PAGOS en BANCO DAVIVIENDA - N/A por $-20,991','null','{\"valor\": -20990.77}','127.0.0.1','Microsoft Edge','/api/v1/api/transacciones-flujo-caja/','POST','2025-12-11 14:42:15',NULL,'EXITOSO',NULL,NULL),(653,5,'Carlos Andrés Gómez','carlos.gomez@flujo.com','CREATE','FLUJO_CAJA','Transacción','2025-09-02','CREATE transacción: OTROS PAGOS en BANCO DAVIVIENDA - N/A por $-273,671','null','{\"valor\": -273670.93}','127.0.0.1','Microsoft Edge','/api/v1/api/transacciones-flujo-caja/','POST','2025-12-11 14:42:24',NULL,'EXITOSO',NULL,NULL),(654,5,'Carlos Andrés Gómez','carlos.gomez@flujo.com','CREATE','FLUJO_CAJA','Transacción','2025-09-02','CREATE transacción: OTROS PAGOS en BANCO DAVIVIENDA - N/A por $-923,515','null','{\"valor\": -923514.68}','127.0.0.1','Microsoft Edge','/api/v1/api/transacciones-flujo-caja/','POST','2025-12-11 14:42:32',NULL,'EXITOSO',NULL,NULL),(655,5,'Carlos Andrés Gómez','carlos.gomez@flujo.com','CREATE','FLUJO_CAJA','Transacción','2025-09-02','CREATE transacción: VENTAN PROVEEDORES en BANCO DAVIVIENDA - N/A por $-31,363','null','{\"valor\": -31362.66}','127.0.0.1','Microsoft Edge','/api/v1/api/transacciones-flujo-caja/','POST','2025-12-11 14:42:40',NULL,'EXITOSO',NULL,NULL),(656,5,'Carlos Andrés Gómez','carlos.gomez@flujo.com','CREATE','FLUJO_CAJA','Transacción','2025-09-02','CREATE transacción: VENTAN PROVEEDORES en BANCO DAVIVIENDA - N/A por $-6,132,894','null','{\"valor\": -6132893.5}','127.0.0.1','Microsoft Edge','/api/v1/api/transacciones-flujo-caja/','POST','2025-12-11 14:42:50',NULL,'EXITOSO',NULL,NULL),(657,5,'Carlos Andrés Gómez','carlos.gomez@flujo.com','CREATE','FLUJO_CAJA','Transacción','2025-09-02','CREATE transacción: VENTAN PROVEEDORES en BANCO DAVIVIENDA - N/A por $-415,887','null','{\"valor\": -415886.75}','127.0.0.1','Microsoft Edge','/api/v1/api/transacciones-flujo-caja/','POST','2025-12-11 14:42:59',NULL,'EXITOSO',NULL,NULL),(658,5,'Carlos Andrés Gómez','carlos.gomez@flujo.com','CREATE','FLUJO_CAJA','Transacción','2025-09-02','CREATE transacción: NOMINA ADMINISTRATIVA en BANCO DAVIVIENDA - N/A por $5,052','null','{\"valor\": 5052.3}','127.0.0.1','Microsoft Edge','/api/v1/api/transacciones-flujo-caja/','POST','2025-12-11 14:43:07',NULL,'EXITOSO',NULL,NULL),(659,5,'Carlos Andrés Gómez','carlos.gomez@flujo.com','CREATE','FLUJO_CAJA','Transacción','2025-09-02','CREATE transacción: PAGO SOI en BANCO DAVIVIENDA - N/A por $-2,034,568','null','{\"valor\": -2034567.9}','127.0.0.1','Microsoft Edge','/api/v1/api/transacciones-flujo-caja/','POST','2025-12-11 14:43:20',NULL,'EXITOSO',NULL,NULL),(660,5,'Carlos Andrés Gómez','carlos.gomez@flujo.com','CREATE','FLUJO_CAJA','Transacción','2025-09-02','CREATE transacción: OTROS IMPTOS en BANCO DAVIVIENDA - N/A por $-8,260','null','{\"valor\": -8260.0}','127.0.0.1','Microsoft Edge','/api/v1/api/transacciones-flujo-caja/','POST','2025-12-11 14:43:34',NULL,'EXITOSO',NULL,NULL),(661,5,'Carlos Andrés Gómez','carlos.gomez@flujo.com','CREATE','FLUJO_CAJA','Transacción','2025-09-02','CREATE transacción: OTROS IMPTOS en BANCO DAVIVIENDA - N/A por $-35,573','null','{\"valor\": -35573.0}','127.0.0.1','Microsoft Edge','/api/v1/api/transacciones-flujo-caja/','POST','2025-12-11 14:43:43',NULL,'EXITOSO',NULL,NULL),(662,5,'Carlos Andrés Gómez','carlos.gomez@flujo.com','UPDATE','FLUJO_CAJA','Transacción','2025-09-02','UPDATE transacción: INGRESO en BANCO DAVIVIENDA - N/A ($176,000 → $17,600)','{\"valor\": 176000.0}','{\"valor\": 17600.0}','127.0.0.1','Microsoft Edge','/api/v1/api/transacciones-flujo-caja/118/quick','PUT','2025-12-11 14:44:24',NULL,'EXITOSO',NULL,NULL),(663,5,'Carlos Andrés Gómez','carlos.gomez@flujo.com','UPDATE','FLUJO_CAJA','Transacción','2025-09-02','UPDATE transacción: VENTAN PROVEEDORES en BANCO DAVIVIENDA - N/A ($-415,887 → $-4,150,887)','{\"valor\": -415886.75}','{\"valor\": -4150886.75}','127.0.0.1','Microsoft Edge','/api/v1/api/transacciones-flujo-caja/131/quick','PUT','2025-12-11 14:45:21',NULL,'EXITOSO',NULL,NULL),(664,5,'Carlos Andrés Gómez','carlos.gomez@flujo.com','READ','CONCILIACION','ConciliacionContable',NULL,'Consultó conciliación para fecha: 2025-12-16','null','{\"fecha\": \"2025-12-16\"}','127.0.0.1','Desconocido',NULL,NULL,'2025-12-16 09:01:55',NULL,'EXITOSO',NULL,NULL),(665,5,'Carlos Andrés Gómez','carlos.gomez@flujo.com','READ','CONCILIACION','ConciliacionContable',NULL,'Consultó conciliación para fecha: 2025-12-16','null','{\"fecha\": \"2025-12-16\"}','127.0.0.1','Desconocido',NULL,NULL,'2025-12-16 14:33:21',NULL,'EXITOSO',NULL,NULL),(666,7,'Javier Alejandro Ruiz','javier.ruiz@flujo.com','CREATE','FLUJO_CAJA','Transacción','2025-12-16','CREATE transacción: EMBARGOS en BANCO DAVIVIENDA - N/A por $-5,000','null','{\"valor\": -5000.0}','127.0.0.1','Google Chrome','/api/v1/api/transacciones-flujo-caja/','POST','2025-12-16 15:00:21',NULL,'EXITOSO',NULL,NULL),(667,7,'Javier Alejandro Ruiz','javier.ruiz@flujo.com','CREATE','FLUJO_CAJA','Transacción','2025-12-16','CREATE transacción: EMBARGOS en BANCO DAVIVIENDA - N/A por $-1,000','null','{\"valor\": -1000.0}','127.0.0.1','Google Chrome','/api/v1/api/transacciones-flujo-caja/','POST','2025-12-16 15:02:46',NULL,'EXITOSO',NULL,NULL),(668,5,'Carlos Andrés Gómez','carlos.gomez@flujo.com','CREATE','FLUJO_CAJA','Transacción','2025-12-16','CREATE transacción: EMBARGOS en BANCO DAVIVIENDA - N/A por $-2,000','null','{\"valor\": -2000.0}','127.0.0.1','Google Chrome','/api/v1/api/transacciones-flujo-caja/','POST','2025-12-16 15:05:55',NULL,'EXITOSO',NULL,NULL),(669,5,'Carlos Andrés Gómez','carlos.gomez@flujo.com','CREATE','FLUJO_CAJA','Transacción','2025-12-16','CREATE transacción: EMBARGOS en BANCO DAVIVIENDA - 482800001265 por $-3,000','null','{\"valor\": -3000.0}','127.0.0.1','Google Chrome','/api/v1/api/transacciones-flujo-caja/','POST','2025-12-16 15:16:14',NULL,'EXITOSO',NULL,NULL);
/*!40000 ALTER TABLE `registros_auditoria` ENABLE KEYS */;
UNLOCK TABLES;

--
-- Table structure for table `rol_permiso`
--

DROP TABLE IF EXISTS `rol_permiso`;
/*!40101 SET @saved_cs_client     = @@character_set_client */;
/*!50503 SET character_set_client = utf8mb4 */;
CREATE TABLE `rol_permiso` (
  `rol_id` int NOT NULL,
  `permiso_id` int NOT NULL,
  PRIMARY KEY (`rol_id`,`permiso_id`),
  KEY `permiso_id` (`permiso_id`),
  CONSTRAINT `rol_permiso_ibfk_1` FOREIGN KEY (`rol_id`) REFERENCES `roles` (`id`) ON DELETE CASCADE,
  CONSTRAINT `rol_permiso_ibfk_2` FOREIGN KEY (`permiso_id`) REFERENCES `permisos` (`id`) ON DELETE CASCADE
) ENGINE=InnoDB DEFAULT CHARSET=utf8mb4 COLLATE=utf8mb4_0900_ai_ci;
/*!40101 SET character_set_client = @saved_cs_client */;

--
-- Dumping data for table `rol_permiso`
--

LOCK TABLES `rol_permiso` WRITE;
/*!40000 ALTER TABLE `rol_permiso` DISABLE KEYS */;
INSERT INTO `rol_permiso` VALUES (1,1),(1,2),(1,3),(1,4),(1,5),(1,6),(1,7),(1,8),(1,9),(1,10),(2,10),(3,10),(4,10),(5,10),(1,11),(2,11),(3,11),(4,11),(1,12),(2,12),(3,12),(4,12),(1,13),(1,14),(2,14),(1,15),(2,15),(3,15),(4,15),(5,15),(1,16),(2,16),(1,17),(2,17),(1,18),(1,19),(2,19),(3,19),(4,19),(5,19),(1,20),(2,20),(1,21),(2,21),(1,22),(1,23),(2,23),(3,23),(4,23),(5,23),(1,24),(2,24),(3,24),(4,24),(1,25),(2,25),(1,26),(2,26),(3,26),(4,26),(5,26),(1,27),(4,27),(1,28),(2,28),(4,28),(5,28),(1,29),(2,29),(1,30),(2,30),(1,31),(1,32),(1,33);
/*!40000 ALTER TABLE `rol_permiso` ENABLE KEYS */;
UNLOCK TABLES;

--
-- Table structure for table `roles`
--

DROP TABLE IF EXISTS `roles`;
/*!40101 SET @saved_cs_client     = @@character_set_client */;
/*!50503 SET character_set_client = utf8mb4 */;
CREATE TABLE `roles` (
  `id` int NOT NULL AUTO_INCREMENT,
  `nombre` varchar(50) NOT NULL,
  `codigo` varchar(50) NOT NULL,
  `descripcion` text,
  `activo` tinyint(1) NOT NULL,
  `es_sistema` tinyint(1) NOT NULL,
  `fecha_creacion` datetime NOT NULL,
  `fecha_actualizacion` datetime NOT NULL,
  PRIMARY KEY (`id`),
  UNIQUE KEY `ix_roles_codigo` (`codigo`),
  UNIQUE KEY `ix_roles_nombre` (`nombre`),
  KEY `ix_roles_id` (`id`)
) ENGINE=InnoDB AUTO_INCREMENT=6 DEFAULT CHARSET=utf8mb4 COLLATE=utf8mb4_0900_ai_ci;
/*!40101 SET character_set_client = @saved_cs_client */;

--
-- Dumping data for table `roles`
--

LOCK TABLES `roles` WRITE;
/*!40000 ALTER TABLE `roles` DISABLE KEYS */;
INSERT INTO `roles` VALUES (1,'Administrador','ADMIN','Acceso total al sistema. Puede gestionar usuarios, roles y toda la configuración.',1,1,'2025-11-11 09:52:47','2025-11-11 09:52:47'),(2,'Tesorería','TESORERIA','Gestión completa de flujo de caja, transacciones y reportes de tesorería.',1,1,'2025-11-11 09:52:47','2025-11-11 09:52:47'),(3,'Pagaduría','PAGADURIA','Gestión de transacciones de nómina y pagos a proveedores.',1,1,'2025-11-11 09:52:47','2025-11-11 09:52:47'),(4,'Mesa de Dinero','MESA_DINERO','Gestión de operaciones de tesorería, inversiones y divisas.',1,1,'2025-11-11 09:52:47','2025-11-11 09:52:47'),(5,'Solo Consulta','CONSULTA','Acceso de solo lectura a transacciones y reportes.',1,0,'2025-11-11 09:52:47','2025-11-11 09:52:47');
/*!40000 ALTER TABLE `roles` ENABLE KEYS */;
UNLOCK TABLES;

--
-- Table structure for table `transacciones_flujo_caja`
--

DROP TABLE IF EXISTS `transacciones_flujo_caja`;
/*!40101 SET @saved_cs_client     = @@character_set_client */;
/*!50503 SET character_set_client = utf8mb4 */;
CREATE TABLE `transacciones_flujo_caja` (
  `id` int NOT NULL AUTO_INCREMENT,
  `fecha` date NOT NULL,
  `concepto_id` int NOT NULL,
  `cuenta_id` int DEFAULT NULL,
  `monto` decimal(15,2) NOT NULL,
  `descripcion` text,
  `usuario_id` int DEFAULT NULL,
  `area` enum('tesoreria','pagaduria') NOT NULL DEFAULT 'tesoreria',
  `compania_id` int DEFAULT NULL,
  `auditoria` json DEFAULT NULL,
  `created_at` timestamp NULL DEFAULT CURRENT_TIMESTAMP,
  `updated_at` timestamp NULL DEFAULT CURRENT_TIMESTAMP ON UPDATE CURRENT_TIMESTAMP,
  PRIMARY KEY (`id`),
  KEY `cuenta_id` (`cuenta_id`),
  KEY `usuario_id` (`usuario_id`),
  KEY `idx_transacciones_fecha` (`fecha`),
  KEY `idx_transacciones_area` (`area`),
  KEY `idx_transacciones_concepto` (`concepto_id`),
  CONSTRAINT `fk_transaccion_concepto` FOREIGN KEY (`concepto_id`) REFERENCES `conceptos_flujo_caja` (`id`) ON DELETE CASCADE,
  CONSTRAINT `transacciones_flujo_caja_ibfk_1` FOREIGN KEY (`concepto_id`) REFERENCES `conceptos_flujo_caja` (`id`) ON DELETE RESTRICT ON UPDATE CASCADE,
  CONSTRAINT `transacciones_flujo_caja_ibfk_2` FOREIGN KEY (`cuenta_id`) REFERENCES `cuentas_bancarias` (`id`) ON DELETE CASCADE ON UPDATE CASCADE,
  CONSTRAINT `transacciones_flujo_caja_ibfk_3` FOREIGN KEY (`usuario_id`) REFERENCES `usuarios` (`id`) ON DELETE SET NULL ON UPDATE CASCADE
) ENGINE=InnoDB AUTO_INCREMENT=195 DEFAULT CHARSET=utf8mb4 COLLATE=utf8mb4_0900_ai_ci;
/*!40101 SET character_set_client = @saved_cs_client */;

--
-- Dumping data for table `transacciones_flujo_caja`
--

LOCK TABLES `transacciones_flujo_caja` WRITE;
/*!40000 ALTER TABLE `transacciones_flujo_caja` DISABLE KEYS */;
INSERT INTO `transacciones_flujo_caja` VALUES (1,'2025-09-01',1,1,464621.62,'Cargue inicial manual',1,'tesoreria',1,NULL,'2025-12-11 19:20:40','2025-12-11 19:20:40'),(2,'2025-09-01',54,1,464621.62,'Cargue inicial manual',1,'pagaduria',1,NULL,'2025-12-11 19:20:40','2025-12-11 19:20:40'),(3,'2025-09-01',1,2,7202665.20,'Cargue inicial manual',1,'tesoreria',2,NULL,'2025-12-11 19:20:40','2025-12-11 19:20:40'),(4,'2025-09-01',54,2,7202665.20,'Cargue inicial manual',1,'pagaduria',2,NULL,'2025-12-11 19:20:40','2025-12-11 19:20:40'),(5,'2025-09-01',1,3,14391884.12,'Cargue inicial manual',1,'tesoreria',3,NULL,'2025-12-11 19:20:40','2025-12-11 19:20:40'),(6,'2025-09-01',54,3,14391884.12,'Cargue inicial manual',1,'pagaduria',3,NULL,'2025-12-11 19:20:40','2025-12-11 19:20:40'),(7,'2025-09-01',23,2,5000000.00,'Creado desde dashboard tesoreria',5,'tesoreria',2,'{\"ip\": null, \"accion\": \"creacion\", \"timestamp\": \"2025-12-11T14:21:28.023518\", \"usuario_id\": 5}','2025-12-11 19:21:28','2025-12-11 19:21:28'),(8,'2025-09-01',4,2,81536451.90,'Auto-calculado: SALDO INICIAL + CONSUMO + VENTANILLA',5,'tesoreria',2,'{\"tipo\": \"dependencia_automatica\", \"accion\": \"creacion_automatica\", \"formula\": \"SUMA(1,2,3)\", \"timestamp\": \"2025-12-11T14:21:28.048416\", \"usuario_id\": 5, \"monto_inicial\": 7202665.2, \"concepto_nombre\": \"SALDO NETO INICIAL PAGADURÍA\"}','2025-12-11 19:21:28','2025-12-11 19:30:54'),(9,'2025-09-01',50,2,20798906.59,'Actualizado automáticamente por dependencia',5,'tesoreria',2,'{\"tipo\": \"dependencia_automatica\", \"accion\": \"creacion_automatica\", \"formula\": \"SUMA(5,6,7,8,9,10,11,12,13,14,15,16,17,18,19,20,21,22,23,24,25,26,27,28,29,30,31,32,33,34,35,36,37,38,39,40,41,42,43,44,45,46,47,48,49)\", \"timestamp\": \"2025-12-11T14:21:28.159595\", \"usuario_id\": 5, \"monto_inicial\": 5000000.0, \"concepto_nombre\": \"SUB-TOTAL TESORERÍA\"}','2025-12-11 19:21:28','2025-12-11 19:22:52'),(10,'2025-09-01',51,2,102335358.49,'Actualizado automáticamente por dependencia',5,'tesoreria',2,'{\"tipo\": \"dependencia_automatica\", \"accion\": \"creacion_automatica\", \"formula\": \"SUMA(4,50)\", \"timestamp\": \"2025-12-11T14:21:28.168108\", \"usuario_id\": 5, \"monto_inicial\": 0.0, \"concepto_nombre\": \"SALDO FINAL CUENTAS\"}','2025-12-11 19:21:28','2025-12-11 19:28:52'),(11,'2025-09-01',52,2,1190275.12,'Auto-calculado: SALDOS BANCOS - SALDO ANTERIOR',5,'pagaduria',2,'{\"tipo\": \"dependencia_pagaduria\", \"accion\": \"creacion_automatica\", \"formula\": \"RESTA(53,54)\", \"timestamp\": \"2025-12-11T14:21:28.181848\", \"usuario_id\": 5, \"componentes\": {\"saldos_bancos_id53\": 0.0, \"saldo_anterior_id54\": 7202665.2}}','2025-12-11 19:21:28','2025-12-11 19:24:33'),(12,'2025-09-01',82,2,74335786.70,'Auto-calculado: I(+) E(-) N(±) de 9 conceptos',5,'pagaduria',2,'{\"tipo\": \"subtotal_movimiento_automatico\", \"accion\": \"creacion_automatica\", \"formula\": \"SUMA respetando códigos: I(+), E(-), N(+)\", \"timestamp\": \"2025-12-11T14:21:28.192233\", \"usuario_id\": 5, \"monto_calculado\": 0.0, \"total_conceptos\": 0, \"conceptos_incluidos\": []}','2025-12-11 19:21:28','2025-12-11 19:30:54'),(13,'2025-09-01',83,2,81538451.90,'Auto-calculado: $74335786.70 + $7202665.20 (parcial: 2/2)',5,'pagaduria',2,'{\"tipo\": \"subtotal_saldo_inicial_automatico\", \"accion\": \"creacion_automatica\", \"formula\": \"ID82 + ID54\", \"timestamp\": \"2025-12-11T14:21:28.199942\", \"usuario_id\": 5, \"componentes\": {\"saldo_dia_anterior_id54\": 7202665.2, \"subtotal_movimiento_id82\": 0.0}, \"monto_calculado\": 7202665.2}','2025-12-11 19:21:28','2025-12-11 19:30:54'),(14,'2025-09-01',84,2,20798906.59,'Auto-calculado: igual a SUB-TOTAL TESORERÍA (área tesoreria)',5,'pagaduria',2,'{\"tipo\": \"movimiento_tesoreria_automatico\", \"accion\": \"creacion_automatica\", \"origen\": {\"area_origen\": \"tesoreria\", \"concepto_id\": 50, \"monto_origen\": 5000000.0, \"concepto_nombre\": \"SUB-TOTAL TESORERÍA\"}, \"formula\": \"MOVIMIENTO TESORERIA = SUB-TOTAL TESORERÍA\", \"timestamp\": \"2025-12-11T14:21:28.204991\", \"usuario_id\": 5, \"monto_calculado\": 5000000.0}','2025-12-11 19:21:28','2025-12-11 19:22:52'),(15,'2025-09-01',2,2,74335786.70,'Auto-calculado: igual a SUBTOTAL MOVIMIENTO PAGADURIA',5,'tesoreria',2,'{\"tipo\": \"consumo_automatico\", \"accion\": \"creacion_automatica\", \"origen\": {\"concepto_id\": 82, \"fecha_origen\": \"2025-09-01\", \"monto_origen\": 0.0, \"concepto_nombre\": \"SUBTOTAL MOVIMIENTO PAGADURIA\"}, \"formula\": \"CONSUMO = SUBTOTAL MOVIMIENTO PAGADURIA\", \"timestamp\": \"2025-12-11T14:21:28.246857\", \"usuario_id\": 5, \"monto_calculado\": 0.0}','2025-12-11 19:21:28','2025-12-11 19:30:54'),(16,'2025-09-01',49,2,-8.34,'Auto-calculado GMF',5,'tesoreria',2,'{\"tipo\": \"gmf_automatico\", \"accion\": \"creacion_automatica_gmf\", \"formula\": \"SUM(componentes_con_signo)*4/1000\", \"timestamp\": \"2025-12-11T14:21:28.265548\", \"usuario_id\": 5, \"componentes\": {}, \"monto_calculado\": 0.0}','2025-12-11 19:21:28','2025-12-11 19:30:53'),(17,'2025-09-01',85,2,102337358.49,'Auto-calculado: SUBTOTAL SALDO INICIAL + MOVIMIENTO TESORERIA',5,'pagaduria',1,'{\"tipo\": \"saldo_total_bancos_automatico\", \"accion\": \"creacion_automatica\", \"formula\": \"SALDO TOTAL BANCOS = SUBTOTAL SALDO INICIAL + MOVIMIENTO TESORERIA\", \"timestamp\": \"2025-12-11T14:21:28.438765\", \"usuario_id\": 5, \"componentes\": {\"movimiento_tesoreria_id84\": 5000000.0, \"subtotal_saldo_inicial_id83\": 7202665.2}, \"monto_calculado\": 12202665.2}','2025-12-11 19:21:28','2025-12-11 19:30:54'),(18,'2025-09-02',54,2,102337358.49,'Auto-calculado: SALDO TOTAL BANCOS del 2025-09-01',5,'pagaduria',1,'{\"tipo\": \"proyeccion_saldo_dia_anterior\", \"accion\": \"proyeccion_automatica\", \"origen\": {\"fecha_origen\": \"2025-09-01\", \"monto_origen\": 12202665.2, \"concepto_origen_id\": 85, \"concepto_origen_nombre\": \"SALDO TOTAL EN BANCOS\"}, \"timestamp\": \"2025-12-11T14:21:28.442814\", \"usuario_id\": 5}','2025-12-11 19:21:28','2025-12-11 19:36:16'),(19,'2025-09-02',1,2,102335358.49,'Auto-calculado: SALDO FINAL CUENTAS del 2025-09-01 (próximo día hábil)',5,'tesoreria',1,'{\"tipo\": \"proyeccion_dias_habiles_tesoreria\", \"accion\": \"proyeccion_automatica_tesoreria\", \"origen\": {\"fecha_origen\": \"2025-09-01\", \"monto_origen\": 12202665.2, \"concepto_origen_id\": 51, \"concepto_origen_nombre\": \"SALDO FINAL CUENTAS\"}, \"destino\": {\"fecha_destino\": \"2025-09-02\", \"concepto_destino_id\": 1, \"concepto_destino_nombre\": \"SALDO INICIAL\"}, \"timestamp\": \"2025-12-11T14:21:28.451167\", \"usuario_id\": 5}','2025-12-11 19:21:28','2025-12-11 19:28:52'),(20,'2025-09-01',24,1,-15000.00,'Creado desde dashboard tesoreria',5,'tesoreria',1,'{\"ip\": null, \"accion\": \"creacion\", \"timestamp\": \"2025-12-11T14:21:37.167067\", \"usuario_id\": 5}','2025-12-11 19:21:37','2025-12-11 19:21:37'),(21,'2025-09-01',4,1,433367.67,'Auto-calculado: SALDO INICIAL + CONSUMO + VENTANILLA',5,'tesoreria',1,'{\"tipo\": \"dependencia_automatica\", \"accion\": \"creacion_automatica\", \"formula\": \"SUMA(1,2,3)\", \"timestamp\": \"2025-12-11T14:21:37.187537\", \"usuario_id\": 5, \"monto_inicial\": 464621.62, \"concepto_nombre\": \"SALDO NETO INICIAL PAGADURÍA\"}','2025-12-11 19:21:37','2025-12-11 19:28:42'),(22,'2025-09-01',50,1,-15000.00,'Actualizado automáticamente por dependencia',5,'tesoreria',1,'{\"tipo\": \"dependencia_automatica\", \"accion\": \"creacion_automatica\", \"formula\": \"SUMA(5,6,7,8,9,10,11,12,13,14,15,16,17,18,19,20,21,22,23,24,25,26,27,28,29,30,31,32,33,34,35,36,37,38,39,40,41,42,43,44,45,46,47,48,49)\", \"timestamp\": \"2025-12-11T14:21:37.275662\", \"usuario_id\": 5, \"monto_inicial\": -15000.0, \"concepto_nombre\": \"SUB-TOTAL TESORERÍA\"}','2025-12-11 19:21:37','2025-12-11 19:21:37'),(23,'2025-09-01',51,1,418367.67,'Actualizado automáticamente por dependencia',5,'tesoreria',1,'{\"tipo\": \"dependencia_automatica\", \"accion\": \"creacion_automatica\", \"formula\": \"SUMA(4,50)\", \"timestamp\": \"2025-12-11T14:21:37.281181\", \"usuario_id\": 5, \"monto_inicial\": 0.0, \"concepto_nombre\": \"SALDO FINAL CUENTAS\"}','2025-12-11 19:21:37','2025-12-11 19:28:42'),(24,'2025-09-01',52,1,-18663.91,'Auto-calculado: SALDOS BANCOS - SALDO ANTERIOR',5,'pagaduria',1,'{\"tipo\": \"dependencia_pagaduria\", \"accion\": \"creacion_automatica\", \"formula\": \"RESTA(53,54)\", \"timestamp\": \"2025-12-11T14:21:37.292100\", \"usuario_id\": 5, \"componentes\": {\"saldos_bancos_id53\": 0.0, \"saldo_anterior_id54\": 464621.62}}','2025-12-11 19:21:37','2025-12-11 19:24:21'),(25,'2025-09-01',82,1,-31253.95,'Auto-calculado: I(+) E(-) N(±) de 5 conceptos',5,'pagaduria',1,'{\"tipo\": \"subtotal_movimiento_automatico\", \"accion\": \"creacion_automatica\", \"formula\": \"SUMA respetando códigos: I(+), E(-), N(+)\", \"timestamp\": \"2025-12-11T14:21:37.298543\", \"usuario_id\": 5, \"monto_calculado\": 0.0, \"total_conceptos\": 0, \"conceptos_incluidos\": []}','2025-12-11 19:21:37','2025-12-11 19:28:41'),(26,'2025-09-01',83,1,433367.67,'Auto-calculado: $-31253.95 + $464621.62 (parcial: 2/2)',5,'pagaduria',1,'{\"tipo\": \"subtotal_saldo_inicial_automatico\", \"accion\": \"creacion_automatica\", \"formula\": \"ID82 + ID54\", \"timestamp\": \"2025-12-11T14:21:37.304546\", \"usuario_id\": 5, \"componentes\": {\"saldo_dia_anterior_id54\": 464621.62, \"subtotal_movimiento_id82\": 0.0}, \"monto_calculado\": 464621.62}','2025-12-11 19:21:37','2025-12-11 19:28:41'),(27,'2025-09-01',84,1,-15000.00,'Auto-calculado: igual a SUB-TOTAL TESORERÍA (área tesoreria)',5,'pagaduria',1,'{\"tipo\": \"movimiento_tesoreria_automatico\", \"accion\": \"creacion_automatica\", \"origen\": {\"area_origen\": \"tesoreria\", \"concepto_id\": 50, \"monto_origen\": -15000.0, \"concepto_nombre\": \"SUB-TOTAL TESORERÍA\"}, \"formula\": \"MOVIMIENTO TESORERIA = SUB-TOTAL TESORERÍA\", \"timestamp\": \"2025-12-11T14:21:37.308505\", \"usuario_id\": 5, \"monto_calculado\": -15000.0}','2025-12-11 19:21:37','2025-12-11 19:21:37'),(28,'2025-09-01',2,1,-31253.95,'Auto-calculado: igual a SUBTOTAL MOVIMIENTO PAGADURIA',5,'tesoreria',1,'{\"tipo\": \"consumo_automatico\", \"accion\": \"creacion_automatica\", \"origen\": {\"concepto_id\": 82, \"fecha_origen\": \"2025-09-01\", \"monto_origen\": 0.0, \"concepto_nombre\": \"SUBTOTAL MOVIMIENTO PAGADURIA\"}, \"formula\": \"CONSUMO = SUBTOTAL MOVIMIENTO PAGADURIA\", \"timestamp\": \"2025-12-11T14:21:37.337349\", \"usuario_id\": 5, \"monto_calculado\": 0.0}','2025-12-11 19:21:37','2025-12-11 19:28:41'),(29,'2025-09-01',49,1,0.00,'Auto-calculado GMF',5,'tesoreria',1,'{\"tipo\": \"gmf_automatico\", \"accion\": \"creacion_automatica_gmf\", \"formula\": \"SUM(componentes_con_signo)*4/1000\", \"timestamp\": \"2025-12-11T14:21:37.356560\", \"usuario_id\": 5, \"componentes\": {}, \"monto_calculado\": 0.0}','2025-12-11 19:21:37','2025-12-11 19:21:37'),(30,'2025-09-01',85,1,418367.67,'Auto-calculado: SUBTOTAL SALDO INICIAL + MOVIMIENTO TESORERIA',5,'pagaduria',1,'{\"tipo\": \"saldo_total_bancos_automatico\", \"accion\": \"creacion_automatica\", \"formula\": \"SALDO TOTAL BANCOS = SUBTOTAL SALDO INICIAL + MOVIMIENTO TESORERIA\", \"timestamp\": \"2025-12-11T14:21:37.528431\", \"usuario_id\": 5, \"componentes\": {\"movimiento_tesoreria_id84\": -15000.0, \"subtotal_saldo_inicial_id83\": 464621.62}, \"monto_calculado\": 449621.62}','2025-12-11 19:21:37','2025-12-11 19:28:41'),(31,'2025-09-02',54,1,418367.67,'Auto-calculado: SALDO TOTAL BANCOS del 2025-09-01',5,'pagaduria',1,'{\"tipo\": \"proyeccion_saldo_dia_anterior\", \"accion\": \"proyeccion_automatica\", \"origen\": {\"fecha_origen\": \"2025-09-01\", \"monto_origen\": 449621.62, \"concepto_origen_id\": 85, \"concepto_origen_nombre\": \"SALDO TOTAL EN BANCOS\"}, \"timestamp\": \"2025-12-11T14:21:37.532245\", \"usuario_id\": 5}','2025-12-11 19:21:37','2025-12-11 19:35:56'),(32,'2025-09-02',1,1,418367.67,'Auto-calculado: SALDO FINAL CUENTAS del 2025-09-01 (próximo día hábil)',5,'tesoreria',1,'{\"tipo\": \"proyeccion_dias_habiles_tesoreria\", \"accion\": \"proyeccion_automatica_tesoreria\", \"origen\": {\"fecha_origen\": \"2025-09-01\", \"monto_origen\": 449621.62, \"concepto_origen_id\": 51, \"concepto_origen_nombre\": \"SALDO FINAL CUENTAS\"}, \"destino\": {\"fecha_destino\": \"2025-09-02\", \"concepto_destino_id\": 1, \"concepto_destino_nombre\": \"SALDO INICIAL\"}, \"timestamp\": \"2025-12-11T14:21:37.539098\", \"usuario_id\": 5}','2025-12-11 19:21:37','2025-12-11 19:28:42'),(33,'2025-09-01',25,2,15801000.00,'Actualizado desde dashboard tesoreria',5,'tesoreria',2,'{\"ip\": null, \"accion\": \"creacion\", \"timestamp\": \"2025-12-11T14:21:57.684022\", \"usuario_id\": 5}','2025-12-11 19:21:57','2025-12-11 19:22:51'),(34,'2025-09-01',25,3,-12870000.00,'Creado desde dashboard tesoreria',5,'tesoreria',3,'{\"ip\": null, \"accion\": \"creacion\", \"timestamp\": \"2025-12-11T14:22:08.535377\", \"usuario_id\": 5}','2025-12-11 19:22:08','2025-12-11 19:22:08'),(35,'2025-09-01',4,3,19561675.02,'Auto-calculado: SALDO INICIAL + CONSUMO + VENTANILLA',5,'tesoreria',3,'{\"tipo\": \"dependencia_automatica\", \"accion\": \"creacion_automatica\", \"formula\": \"SUMA(1,2,3)\", \"timestamp\": \"2025-12-11T14:22:08.560167\", \"usuario_id\": 5, \"monto_inicial\": 14391884.12, \"concepto_nombre\": \"SALDO NETO INICIAL PAGADURÍA\"}','2025-12-11 19:22:08','2025-12-11 19:29:03'),(36,'2025-09-01',50,3,-12870132.01,'Actualizado automáticamente por dependencia',5,'tesoreria',3,'{\"tipo\": \"dependencia_automatica\", \"accion\": \"creacion_automatica\", \"formula\": \"SUMA(5,6,7,8,9,10,11,12,13,14,15,16,17,18,19,20,21,22,23,24,25,26,27,28,29,30,31,32,33,34,35,36,37,38,39,40,41,42,43,44,45,46,47,48,49)\", \"timestamp\": \"2025-12-11T14:22:08.669796\", \"usuario_id\": 5, \"monto_inicial\": -12870000.0, \"concepto_nombre\": \"SUB-TOTAL TESORERÍA\"}','2025-12-11 19:22:08','2025-12-11 19:22:33'),(37,'2025-09-01',51,3,6691543.01,'Actualizado automáticamente por dependencia',5,'tesoreria',3,'{\"tipo\": \"dependencia_automatica\", \"accion\": \"creacion_automatica\", \"formula\": \"SUMA(4,50)\", \"timestamp\": \"2025-12-11T14:22:08.681410\", \"usuario_id\": 5, \"monto_inicial\": 0.0, \"concepto_nombre\": \"SALDO FINAL CUENTAS\"}','2025-12-11 19:22:08','2025-12-11 19:29:03'),(38,'2025-09-01',52,3,37618.13,'Auto-calculado: SALDOS BANCOS - SALDO ANTERIOR',5,'pagaduria',3,'{\"tipo\": \"dependencia_pagaduria\", \"accion\": \"creacion_automatica\", \"formula\": \"RESTA(53,54)\", \"timestamp\": \"2025-12-11T14:22:08.698754\", \"usuario_id\": 5, \"componentes\": {\"saldos_bancos_id53\": 0.0, \"saldo_anterior_id54\": 14391884.12}}','2025-12-11 19:22:08','2025-12-11 19:24:41'),(39,'2025-09-01',82,3,5169790.90,'Auto-calculado: I(+) E(-) N(±) de 6 conceptos',5,'pagaduria',3,'{\"tipo\": \"subtotal_movimiento_automatico\", \"accion\": \"creacion_automatica\", \"formula\": \"SUMA respetando códigos: I(+), E(-), N(+)\", \"timestamp\": \"2025-12-11T14:22:08.707782\", \"usuario_id\": 5, \"monto_calculado\": 0.0, \"total_conceptos\": 0, \"conceptos_incluidos\": []}','2025-12-11 19:22:08','2025-12-11 19:29:03'),(40,'2025-09-01',83,3,19561675.02,'Auto-calculado: $5169790.90 + $14391884.12 (parcial: 2/2)',5,'pagaduria',3,'{\"tipo\": \"subtotal_saldo_inicial_automatico\", \"accion\": \"creacion_automatica\", \"formula\": \"ID82 + ID54\", \"timestamp\": \"2025-12-11T14:22:08.716771\", \"usuario_id\": 5, \"componentes\": {\"saldo_dia_anterior_id54\": 14391884.12, \"subtotal_movimiento_id82\": 0.0}, \"monto_calculado\": 14391884.12}','2025-12-11 19:22:08','2025-12-11 19:29:03'),(41,'2025-09-01',84,3,-12870132.01,'Auto-calculado: igual a SUB-TOTAL TESORERÍA (área tesoreria)',5,'pagaduria',3,'{\"tipo\": \"movimiento_tesoreria_automatico\", \"accion\": \"creacion_automatica\", \"origen\": {\"area_origen\": \"tesoreria\", \"concepto_id\": 50, \"monto_origen\": -12870000.0, \"concepto_nombre\": \"SUB-TOTAL TESORERÍA\"}, \"formula\": \"MOVIMIENTO TESORERIA = SUB-TOTAL TESORERÍA\", \"timestamp\": \"2025-12-11T14:22:08.722998\", \"usuario_id\": 5, \"monto_calculado\": -12870000.0}','2025-12-11 19:22:08','2025-12-11 19:22:33'),(42,'2025-09-01',2,3,5169790.90,'Auto-calculado: igual a SUBTOTAL MOVIMIENTO PAGADURIA',5,'tesoreria',3,'{\"tipo\": \"consumo_automatico\", \"accion\": \"creacion_automatica\", \"origen\": {\"concepto_id\": 82, \"fecha_origen\": \"2025-09-01\", \"monto_origen\": 0.0, \"concepto_nombre\": \"SUBTOTAL MOVIMIENTO PAGADURIA\"}, \"formula\": \"CONSUMO = SUBTOTAL MOVIMIENTO PAGADURIA\", \"timestamp\": \"2025-12-11T14:22:08.763088\", \"usuario_id\": 5, \"monto_calculado\": 0.0}','2025-12-11 19:22:08','2025-12-11 19:29:03'),(43,'2025-09-01',49,3,0.00,'Auto-calculado GMF',5,'tesoreria',3,'{\"tipo\": \"gmf_automatico\", \"accion\": \"creacion_automatica_gmf\", \"formula\": \"SUM(componentes_con_signo)*4/1000\", \"timestamp\": \"2025-12-11T14:22:08.783932\", \"usuario_id\": 5, \"componentes\": {}, \"monto_calculado\": 0.0}','2025-12-11 19:22:08','2025-12-11 19:22:08'),(44,'2025-09-01',85,3,6691543.01,'Auto-calculado: SUBTOTAL SALDO INICIAL + MOVIMIENTO TESORERIA',5,'pagaduria',1,'{\"tipo\": \"saldo_total_bancos_automatico\", \"accion\": \"creacion_automatica\", \"formula\": \"SALDO TOTAL BANCOS = SUBTOTAL SALDO INICIAL + MOVIMIENTO TESORERIA\", \"timestamp\": \"2025-12-11T14:22:08.927643\", \"usuario_id\": 5, \"componentes\": {\"movimiento_tesoreria_id84\": -12870000.0, \"subtotal_saldo_inicial_id83\": 14391884.12}, \"monto_calculado\": 1521884.12}','2025-12-11 19:22:08','2025-12-11 19:29:03'),(45,'2025-09-02',54,3,6691543.01,'Auto-calculado: SALDO TOTAL BANCOS del 2025-09-01',5,'pagaduria',1,'{\"tipo\": \"proyeccion_saldo_dia_anterior\", \"accion\": \"proyeccion_automatica\", \"origen\": {\"fecha_origen\": \"2025-09-01\", \"monto_origen\": 1521884.12, \"concepto_origen_id\": 85, \"concepto_origen_nombre\": \"SALDO TOTAL EN BANCOS\"}, \"timestamp\": \"2025-12-11T14:22:08.930425\", \"usuario_id\": 5}','2025-12-11 19:22:08','2025-12-11 19:36:05'),(46,'2025-09-02',1,3,6691543.01,'Auto-calculado: SALDO FINAL CUENTAS del 2025-09-01 (próximo día hábil)',5,'tesoreria',1,'{\"tipo\": \"proyeccion_dias_habiles_tesoreria\", \"accion\": \"proyeccion_automatica_tesoreria\", \"origen\": {\"fecha_origen\": \"2025-09-01\", \"monto_origen\": 1521884.12, \"concepto_origen_id\": 51, \"concepto_origen_nombre\": \"SALDO FINAL CUENTAS\"}, \"destino\": {\"fecha_destino\": \"2025-09-02\", \"concepto_destino_id\": 1, \"concepto_destino_nombre\": \"SALDO INICIAL\"}, \"timestamp\": \"2025-12-11T14:22:08.935410\", \"usuario_id\": 5}','2025-12-11 19:22:08','2025-12-11 19:29:03'),(47,'2025-09-01',47,2,-2085.07,'Creado desde dashboard tesoreria',5,'tesoreria',2,'{\"ip\": null, \"accion\": \"creacion\", \"timestamp\": \"2025-12-11T14:22:26.696236\", \"usuario_id\": 5}','2025-12-11 19:22:26','2025-12-11 19:22:26'),(48,'2025-09-01',47,3,-132.01,'Creado desde dashboard tesoreria',5,'tesoreria',3,'{\"ip\": null, \"accion\": \"creacion\", \"timestamp\": \"2025-12-11T14:22:33.281992\", \"usuario_id\": 5}','2025-12-11 19:22:33','2025-12-11 19:22:33'),(49,'2025-09-01',53,1,445957.71,'Creado desde dashboard pagaduria',5,'pagaduria',1,'{\"ip\": null, \"accion\": \"creacion\", \"timestamp\": \"2025-12-11T14:24:21.484891\", \"usuario_id\": 5}','2025-12-11 19:24:21','2025-12-11 19:24:21'),(50,'2025-09-01',53,2,8392940.32,'Creado desde dashboard pagaduria',5,'pagaduria',2,'{\"ip\": null, \"accion\": \"creacion\", \"timestamp\": \"2025-12-11T14:24:33.697219\", \"usuario_id\": 5}','2025-12-11 19:24:33','2025-12-11 19:24:33'),(51,'2025-09-01',53,3,14429502.25,'Creado desde dashboard pagaduria',5,'pagaduria',3,'{\"ip\": null, \"accion\": \"creacion\", \"timestamp\": \"2025-12-11T14:24:41.362845\", \"usuario_id\": 5}','2025-12-11 19:24:41','2025-12-11 19:24:41'),(52,'2025-09-01',57,1,-766.91,'Creado desde dashboard pagaduria',5,'pagaduria',1,'{\"ip\": null, \"accion\": \"creacion\", \"timestamp\": \"2025-12-11T14:25:56.964868\", \"usuario_id\": 5}','2025-12-11 19:25:56','2025-12-11 19:25:56'),(53,'2025-09-01',57,2,-41813.17,'Creado desde dashboard pagaduria',5,'pagaduria',2,'{\"ip\": null, \"accion\": \"creacion\", \"timestamp\": \"2025-12-11T14:26:04.323808\", \"usuario_id\": 5}','2025-12-11 19:26:04','2025-12-11 19:26:04'),(54,'2025-09-01',57,3,-8693.96,'Creado desde dashboard pagaduria',5,'pagaduria',3,'{\"ip\": null, \"accion\": \"creacion\", \"timestamp\": \"2025-12-11T14:26:11.996048\", \"usuario_id\": 5}','2025-12-11 19:26:11','2025-12-11 19:26:11'),(55,'2025-09-01',58,2,2000.00,'Creado desde dashboard pagaduria',5,'pagaduria',2,'{\"ip\": null, \"accion\": \"creacion\", \"timestamp\": \"2025-12-11T14:26:16.386760\", \"usuario_id\": 5}','2025-12-11 19:26:16','2025-12-11 19:26:16'),(56,'2025-09-01',60,3,223789.94,'Creado desde dashboard pagaduria',5,'pagaduria',3,'{\"ip\": null, \"accion\": \"creacion\", \"timestamp\": \"2025-12-11T14:26:27.749277\", \"usuario_id\": 5}','2025-12-11 19:26:27','2025-12-11 19:26:27'),(57,'2025-09-01',68,2,-49579.65,'Creado desde dashboard pagaduria',5,'pagaduria',2,'{\"ip\": null, \"accion\": \"creacion\", \"timestamp\": \"2025-12-11T14:26:44.569516\", \"usuario_id\": 5}','2025-12-11 19:26:44','2025-12-11 19:26:44'),(58,'2025-09-01',69,1,-6.27,'Creado desde dashboard pagaduria',5,'pagaduria',1,'{\"ip\": null, \"accion\": \"creacion\", \"timestamp\": \"2025-12-11T14:26:50.234666\", \"usuario_id\": 5}','2025-12-11 19:26:50','2025-12-11 19:26:50'),(59,'2025-09-01',69,2,-60358.52,'Actualizado desde dashboard pagaduria',5,'pagaduria',2,'{\"ip\": null, \"accion\": \"creacion\", \"timestamp\": \"2025-12-11T14:26:57.109648\", \"usuario_id\": 5}','2025-12-11 19:26:57','2025-12-11 19:30:53'),(60,'2025-09-01',69,3,-3219.16,'Creado desde dashboard pagaduria',5,'pagaduria',3,'{\"ip\": null, \"accion\": \"creacion\", \"timestamp\": \"2025-12-11T14:27:02.644799\", \"usuario_id\": 5}','2025-12-11 19:27:02','2025-12-11 19:27:02'),(61,'2025-09-01',70,1,-34540.77,'Creado desde dashboard pagaduria',5,'pagaduria',1,'{\"ip\": null, \"accion\": \"creacion\", \"timestamp\": \"2025-12-11T14:27:11.662581\", \"usuario_id\": 5}','2025-12-11 19:27:11','2025-12-11 19:27:11'),(62,'2025-09-01',70,2,-2521095.41,'Creado desde dashboard pagaduria',5,'pagaduria',2,'{\"ip\": null, \"accion\": \"creacion\", \"timestamp\": \"2025-12-11T14:27:21.914170\", \"usuario_id\": 5}','2025-12-11 19:27:21','2025-12-11 19:27:21'),(63,'2025-09-01',70,3,-1420800.18,'Creado desde dashboard pagaduria',5,'pagaduria',3,'{\"ip\": null, \"accion\": \"creacion\", \"timestamp\": \"2025-12-11T14:27:29.705917\", \"usuario_id\": 5}','2025-12-11 19:27:29','2025-12-11 19:27:29'),(64,'2025-09-01',74,1,150.00,'Creado desde dashboard pagaduria',5,'pagaduria',1,'{\"ip\": null, \"accion\": \"creacion\", \"timestamp\": \"2025-12-11T14:27:37.849719\", \"usuario_id\": 5}','2025-12-11 19:27:37','2025-12-11 19:27:37'),(65,'2025-09-01',74,2,55502.18,'Creado desde dashboard pagaduria',5,'pagaduria',2,'{\"ip\": null, \"accion\": \"creacion\", \"timestamp\": \"2025-12-11T14:27:48.734822\", \"usuario_id\": 5}','2025-12-11 19:27:48','2025-12-11 19:27:48'),(66,'2025-09-01',75,2,-23415517.71,'Creado desde dashboard pagaduria',5,'pagaduria',2,'{\"ip\": null, \"accion\": \"creacion\", \"timestamp\": \"2025-12-11T14:27:59.981115\", \"usuario_id\": 5}','2025-12-11 19:27:59','2025-12-11 19:27:59'),(67,'2025-09-01',76,2,-21885.10,'Creado desde dashboard pagaduria',5,'pagaduria',2,'{\"ip\": null, \"accion\": \"creacion\", \"timestamp\": \"2025-12-11T14:28:06.627109\", \"usuario_id\": 5}','2025-12-11 19:28:06','2025-12-11 19:28:06'),(68,'2025-09-01',76,3,-6632.00,'Creado desde dashboard pagaduria',5,'pagaduria',3,'{\"ip\": null, \"accion\": \"creacion\", \"timestamp\": \"2025-12-11T14:28:13.844407\", \"usuario_id\": 5}','2025-12-11 19:28:13','2025-12-11 19:28:13'),(69,'2025-09-01',55,1,3910.00,'Creado desde dashboard pagaduria',5,'pagaduria',1,'{\"ip\": null, \"accion\": \"creacion\", \"timestamp\": \"2025-12-11T14:28:41.660935\", \"usuario_id\": 5}','2025-12-11 19:28:41','2025-12-11 19:28:41'),(70,'2025-09-01',55,2,100388534.08,'Creado desde dashboard pagaduria',5,'pagaduria',2,'{\"ip\": null, \"accion\": \"creacion\", \"timestamp\": \"2025-12-11T14:28:51.978054\", \"usuario_id\": 5}','2025-12-11 19:28:51','2025-12-11 19:28:51'),(71,'2025-09-01',55,3,6385346.26,'Creado desde dashboard pagaduria',5,'pagaduria',3,'{\"ip\": null, \"accion\": \"creacion\", \"timestamp\": \"2025-12-11T14:29:03.174929\", \"usuario_id\": 5}','2025-12-11 19:29:03','2025-12-11 19:29:03'),(72,'2025-09-02',23,1,53000.00,'Creado desde dashboard tesoreria',5,'tesoreria',1,'{\"ip\": null, \"accion\": \"creacion\", \"timestamp\": \"2025-12-11T14:35:56.288818\", \"usuario_id\": 5}','2025-12-11 19:35:56','2025-12-11 19:35:56'),(73,'2025-09-02',4,1,541779.23,'Auto-calculado: SALDO INICIAL + CONSUMO + VENTANILLA',5,'tesoreria',1,'{\"tipo\": \"dependencia_automatica\", \"accion\": \"creacion_automatica\", \"formula\": \"SUMA(1,2,3)\", \"timestamp\": \"2025-12-11T14:35:56.313006\", \"usuario_id\": 5, \"monto_inicial\": 418367.67, \"concepto_nombre\": \"SALDO NETO INICIAL PAGADURÍA\"}','2025-12-11 19:35:56','2025-12-11 19:44:24'),(74,'2025-09-02',50,1,53000.00,'Actualizado automáticamente por dependencia',5,'tesoreria',1,'{\"tipo\": \"dependencia_automatica\", \"accion\": \"creacion_automatica\", \"formula\": \"SUMA(5,6,7,8,9,10,11,12,13,14,15,16,17,18,19,20,21,22,23,24,25,26,27,28,29,30,31,32,33,34,35,36,37,38,39,40,41,42,43,44,45,46,47,48,49)\", \"timestamp\": \"2025-12-11T14:35:56.432564\", \"usuario_id\": 5, \"monto_inicial\": 53000.0, \"concepto_nombre\": \"SUB-TOTAL TESORERÍA\"}','2025-12-11 19:35:56','2025-12-11 19:35:56'),(75,'2025-09-02',51,1,594779.23,'Actualizado automáticamente por dependencia',5,'tesoreria',1,'{\"tipo\": \"dependencia_automatica\", \"accion\": \"creacion_automatica\", \"formula\": \"SUMA(4,50)\", \"timestamp\": \"2025-12-11T14:35:56.440716\", \"usuario_id\": 5, \"monto_inicial\": 0.0, \"concepto_nombre\": \"SALDO FINAL CUENTAS\"}','2025-12-11 19:35:56','2025-12-11 19:42:40'),(76,'2025-09-02',52,1,-1534.27,'Auto-calculado: SALDOS BANCOS - SALDO ANTERIOR',5,'pagaduria',1,'{\"tipo\": \"dependencia_pagaduria\", \"accion\": \"creacion_automatica\", \"formula\": \"RESTA(53,54)\", \"timestamp\": \"2025-12-11T14:35:56.455892\", \"usuario_id\": 5, \"componentes\": {\"saldos_bancos_id53\": 0.0, \"saldo_anterior_id54\": 418367.67}}','2025-12-11 19:35:56','2025-12-11 19:39:53'),(77,'2025-09-02',82,1,-34988.44,'Auto-calculado: I(+) E(-) N(±) de 4 conceptos',5,'pagaduria',1,'{\"tipo\": \"subtotal_movimiento_automatico\", \"accion\": \"creacion_automatica\", \"formula\": \"SUMA respetando códigos: I(+), E(-), N(+)\", \"timestamp\": \"2025-12-11T14:35:56.466680\", \"usuario_id\": 5, \"monto_calculado\": 0.0, \"total_conceptos\": 0, \"conceptos_incluidos\": []}','2025-12-11 19:35:56','2025-12-11 19:44:24'),(78,'2025-09-02',83,1,383379.23,'Auto-calculado: $-34988.44 + $418367.67 (parcial: 2/2)',5,'pagaduria',1,'{\"tipo\": \"subtotal_saldo_inicial_automatico\", \"accion\": \"creacion_automatica\", \"formula\": \"ID82 + ID54\", \"timestamp\": \"2025-12-11T14:35:56.473295\", \"usuario_id\": 5, \"componentes\": {\"saldo_dia_anterior_id54\": 418367.67, \"subtotal_movimiento_id82\": 0.0}, \"monto_calculado\": 418367.67}','2025-12-11 19:35:56','2025-12-11 19:44:24'),(79,'2025-09-02',84,1,53000.00,'Auto-calculado: igual a SUB-TOTAL TESORERÍA (área tesoreria)',5,'pagaduria',1,'{\"tipo\": \"movimiento_tesoreria_automatico\", \"accion\": \"creacion_automatica\", \"origen\": {\"area_origen\": \"tesoreria\", \"concepto_id\": 50, \"monto_origen\": 53000.0, \"concepto_nombre\": \"SUB-TOTAL TESORERÍA\"}, \"formula\": \"MOVIMIENTO TESORERIA = SUB-TOTAL TESORERÍA\", \"timestamp\": \"2025-12-11T14:35:56.477973\", \"usuario_id\": 5, \"monto_calculado\": 53000.0}','2025-12-11 19:35:56','2025-12-11 19:35:56'),(80,'2025-09-02',2,1,-34988.44,'Auto-calculado: igual a SUBTOTAL MOVIMIENTO PAGADURIA',5,'tesoreria',1,'{\"tipo\": \"consumo_automatico\", \"accion\": \"creacion_automatica\", \"origen\": {\"concepto_id\": 82, \"fecha_origen\": \"2025-09-02\", \"monto_origen\": 0.0, \"concepto_nombre\": \"SUBTOTAL MOVIMIENTO PAGADURIA\"}, \"formula\": \"CONSUMO = SUBTOTAL MOVIMIENTO PAGADURIA\", \"timestamp\": \"2025-12-11T14:35:56.511809\", \"usuario_id\": 5, \"monto_calculado\": 0.0}','2025-12-11 19:35:56','2025-12-11 19:44:24'),(81,'2025-09-02',49,1,0.00,'Auto-calculado GMF',5,'tesoreria',1,'{\"tipo\": \"gmf_automatico\", \"accion\": \"creacion_automatica_gmf\", \"formula\": \"SUM(componentes_con_signo)*4/1000\", \"timestamp\": \"2025-12-11T14:35:56.530784\", \"usuario_id\": 5, \"componentes\": {}, \"monto_calculado\": 0.0}','2025-12-11 19:35:56','2025-12-11 19:35:56'),(82,'2025-09-02',85,1,436379.23,'Auto-calculado: SUBTOTAL SALDO INICIAL + MOVIMIENTO TESORERIA',5,'pagaduria',1,'{\"tipo\": \"saldo_total_bancos_automatico\", \"accion\": \"creacion_automatica\", \"formula\": \"SALDO TOTAL BANCOS = SUBTOTAL SALDO INICIAL + MOVIMIENTO TESORERIA\", \"timestamp\": \"2025-12-11T14:35:56.730345\", \"usuario_id\": 5, \"componentes\": {\"movimiento_tesoreria_id84\": 53000.0, \"subtotal_saldo_inicial_id83\": 418367.67}, \"monto_calculado\": 471367.67}','2025-12-11 19:35:56','2025-12-11 19:44:24'),(83,'2025-09-03',54,1,436379.23,'Auto-calculado: SALDO TOTAL BANCOS del 2025-09-02 (próximo día hábil)',5,'pagaduria',1,'{\"tipo\": \"proyeccion_saldo_dia_anterior\", \"accion\": \"proyeccion_automatica\", \"origen\": {\"fecha_origen\": \"2025-09-02\", \"monto_origen\": 471367.67, \"concepto_origen_id\": 85, \"concepto_origen_nombre\": \"SALDO TOTAL EN BANCOS\"}, \"timestamp\": \"2025-12-11T14:35:56.732728\", \"usuario_id\": 5}','2025-12-11 19:35:56','2025-12-11 19:44:24'),(84,'2025-09-03',1,1,594779.23,'Auto-calculado: SALDO FINAL CUENTAS del 2025-09-02 (próximo día hábil)',5,'tesoreria',1,'{\"tipo\": \"proyeccion_dias_habiles_tesoreria\", \"accion\": \"proyeccion_automatica_tesoreria\", \"origen\": {\"fecha_origen\": \"2025-09-02\", \"monto_origen\": 471367.67, \"concepto_origen_id\": 51, \"concepto_origen_nombre\": \"SALDO FINAL CUENTAS\"}, \"destino\": {\"fecha_destino\": \"2025-09-03\", \"concepto_destino_id\": 1, \"concepto_destino_nombre\": \"SALDO INICIAL\"}, \"timestamp\": \"2025-12-11T14:35:56.737456\", \"usuario_id\": 5}','2025-12-11 19:35:56','2025-12-11 19:42:40'),(85,'2025-09-02',23,3,22875000.00,'Creado desde dashboard tesoreria',5,'tesoreria',3,'{\"ip\": null, \"accion\": \"creacion\", \"timestamp\": \"2025-12-11T14:36:05.815351\", \"usuario_id\": 5}','2025-12-11 19:36:05','2025-12-11 19:36:05'),(86,'2025-09-02',4,3,11815834.36,'Auto-calculado: SALDO INICIAL + CONSUMO + VENTANILLA',5,'tesoreria',3,'{\"tipo\": \"dependencia_automatica\", \"accion\": \"creacion_automatica\", \"formula\": \"SUMA(1,2,3)\", \"timestamp\": \"2025-12-11T14:36:05.833064\", \"usuario_id\": 5, \"monto_inicial\": 6691543.01, \"concepto_nombre\": \"SALDO NETO INICIAL PAGADURÍA\"}','2025-12-11 19:36:05','2025-12-11 19:45:21'),(87,'2025-09-02',50,3,-3209553.06,'Actualizado automáticamente por dependencia',5,'tesoreria',3,'{\"tipo\": \"dependencia_automatica\", \"accion\": \"creacion_automatica\", \"formula\": \"SUMA(5,6,7,8,9,10,11,12,13,14,15,16,17,18,19,20,21,22,23,24,25,26,27,28,29,30,31,32,33,34,35,36,37,38,39,40,41,42,43,44,45,46,47,48,49)\", \"timestamp\": \"2025-12-11T14:36:05.924238\", \"usuario_id\": 5, \"monto_inicial\": 22875000.0, \"concepto_nombre\": \"SUB-TOTAL TESORERÍA\"}','2025-12-11 19:36:05','2025-12-11 19:37:23'),(88,'2025-09-02',51,3,8606281.30,'Actualizado automáticamente por dependencia',5,'tesoreria',3,'{\"tipo\": \"dependencia_automatica\", \"accion\": \"creacion_automatica\", \"formula\": \"SUMA(4,50)\", \"timestamp\": \"2025-12-11T14:36:05.930994\", \"usuario_id\": 5, \"monto_inicial\": 0.0, \"concepto_nombre\": \"SALDO FINAL CUENTAS\"}','2025-12-11 19:36:05','2025-12-11 19:43:42'),(89,'2025-09-02',52,3,74273.97,'Auto-calculado: SALDOS BANCOS - SALDO ANTERIOR',5,'pagaduria',3,'{\"tipo\": \"dependencia_pagaduria\", \"accion\": \"creacion_automatica\", \"formula\": \"RESTA(53,54)\", \"timestamp\": \"2025-12-11T14:36:05.943596\", \"usuario_id\": 5, \"componentes\": {\"saldos_bancos_id53\": 0.0, \"saldo_anterior_id54\": 6691543.01}}','2025-12-11 19:36:05','2025-12-11 19:40:17'),(90,'2025-09-02',82,3,1389291.35,'Auto-calculado: I(+) E(-) N(±) de 6 conceptos',5,'pagaduria',3,'{\"tipo\": \"subtotal_movimiento_automatico\", \"accion\": \"creacion_automatica\", \"formula\": \"SUMA respetando códigos: I(+), E(-), N(+)\", \"timestamp\": \"2025-12-11T14:36:05.952496\", \"usuario_id\": 5, \"monto_calculado\": 0.0, \"total_conceptos\": 0, \"conceptos_incluidos\": []}','2025-12-11 19:36:05','2025-12-11 19:45:21'),(91,'2025-09-02',83,3,8080834.36,'Auto-calculado: $1389291.35 + $6691543.01 (parcial: 2/2)',5,'pagaduria',3,'{\"tipo\": \"subtotal_saldo_inicial_automatico\", \"accion\": \"creacion_automatica\", \"formula\": \"ID82 + ID54\", \"timestamp\": \"2025-12-11T14:36:05.958099\", \"usuario_id\": 5, \"componentes\": {\"saldo_dia_anterior_id54\": 6691543.01, \"subtotal_movimiento_id82\": 0.0}, \"monto_calculado\": 6691543.01}','2025-12-11 19:36:05','2025-12-11 19:45:21'),(92,'2025-09-02',84,3,-3209553.06,'Auto-calculado: igual a SUB-TOTAL TESORERÍA (área tesoreria)',5,'pagaduria',3,'{\"tipo\": \"movimiento_tesoreria_automatico\", \"accion\": \"creacion_automatica\", \"origen\": {\"area_origen\": \"tesoreria\", \"concepto_id\": 50, \"monto_origen\": 22875000.0, \"concepto_nombre\": \"SUB-TOTAL TESORERÍA\"}, \"formula\": \"MOVIMIENTO TESORERIA = SUB-TOTAL TESORERÍA\", \"timestamp\": \"2025-12-11T14:36:05.963220\", \"usuario_id\": 5, \"monto_calculado\": 22875000.0}','2025-12-11 19:36:05','2025-12-11 19:37:23'),(93,'2025-09-02',2,3,1389291.35,'Auto-calculado: igual a SUBTOTAL MOVIMIENTO PAGADURIA',5,'tesoreria',3,'{\"tipo\": \"consumo_automatico\", \"accion\": \"creacion_automatica\", \"origen\": {\"concepto_id\": 82, \"fecha_origen\": \"2025-09-02\", \"monto_origen\": 0.0, \"concepto_nombre\": \"SUBTOTAL MOVIMIENTO PAGADURIA\"}, \"formula\": \"CONSUMO = SUBTOTAL MOVIMIENTO PAGADURIA\", \"timestamp\": \"2025-12-11T14:36:05.994566\", \"usuario_id\": 5, \"monto_calculado\": 0.0}','2025-12-11 19:36:05','2025-12-11 19:45:21'),(94,'2025-09-02',49,3,0.00,'Auto-calculado GMF',5,'tesoreria',3,'{\"tipo\": \"gmf_automatico\", \"accion\": \"creacion_automatica_gmf\", \"formula\": \"SUM(componentes_con_signo)*4/1000\", \"timestamp\": \"2025-12-11T14:36:06.012723\", \"usuario_id\": 5, \"componentes\": {}, \"monto_calculado\": 0.0}','2025-12-11 19:36:06','2025-12-11 19:36:06'),(95,'2025-09-02',85,3,4871281.30,'Auto-calculado: SUBTOTAL SALDO INICIAL + MOVIMIENTO TESORERIA',5,'pagaduria',1,'{\"tipo\": \"saldo_total_bancos_automatico\", \"accion\": \"creacion_automatica\", \"formula\": \"SALDO TOTAL BANCOS = SUBTOTAL SALDO INICIAL + MOVIMIENTO TESORERIA\", \"timestamp\": \"2025-12-11T14:36:06.189212\", \"usuario_id\": 5, \"componentes\": {\"movimiento_tesoreria_id84\": 22875000.0, \"subtotal_saldo_inicial_id83\": 6691543.01}, \"monto_calculado\": 29566543.01}','2025-12-11 19:36:06','2025-12-11 19:45:21'),(96,'2025-09-03',54,3,4871281.30,'Auto-calculado: SALDO TOTAL BANCOS del 2025-09-02 (próximo día hábil)',5,'pagaduria',1,'{\"tipo\": \"proyeccion_saldo_dia_anterior\", \"accion\": \"proyeccion_automatica\", \"origen\": {\"fecha_origen\": \"2025-09-02\", \"monto_origen\": 29566543.01, \"concepto_origen_id\": 85, \"concepto_origen_nombre\": \"SALDO TOTAL EN BANCOS\"}, \"timestamp\": \"2025-12-11T14:36:06.192853\", \"usuario_id\": 5}','2025-12-11 19:36:06','2025-12-11 19:45:21'),(97,'2025-09-03',1,3,8606281.30,'Auto-calculado: SALDO FINAL CUENTAS del 2025-09-02 (próximo día hábil)',5,'tesoreria',1,'{\"tipo\": \"proyeccion_dias_habiles_tesoreria\", \"accion\": \"proyeccion_automatica_tesoreria\", \"origen\": {\"fecha_origen\": \"2025-09-02\", \"monto_origen\": 29566543.01, \"concepto_origen_id\": 51, \"concepto_origen_nombre\": \"SALDO FINAL CUENTAS\"}, \"destino\": {\"fecha_destino\": \"2025-09-03\", \"concepto_destino_id\": 1, \"concepto_destino_nombre\": \"SALDO INICIAL\"}, \"timestamp\": \"2025-12-11T14:36:06.199313\", \"usuario_id\": 5}','2025-12-11 19:36:06','2025-12-11 19:43:43'),(98,'2025-09-02',24,2,-7531000.00,'Actualizado desde dashboard tesoreria',5,'tesoreria',2,'{\"ip\": null, \"accion\": \"creacion\", \"timestamp\": \"2025-12-11T14:36:16.385161\", \"usuario_id\": 5}','2025-12-11 19:36:16','2025-12-11 19:36:38'),(99,'2025-09-02',4,2,105767372.89,'Auto-calculado: SALDO INICIAL + CONSUMO + VENTANILLA',5,'tesoreria',2,'{\"tipo\": \"dependencia_automatica\", \"accion\": \"creacion_automatica\", \"formula\": \"SUMA(1,2,3)\", \"timestamp\": \"2025-12-11T14:36:16.405256\", \"usuario_id\": 5, \"monto_inicial\": 102335358.49, \"concepto_nombre\": \"SALDO NETO INICIAL PAGADURÍA\"}','2025-12-11 19:36:16','2025-12-11 19:43:33'),(100,'2025-09-02',50,2,-94531738.49,'Actualizado automáticamente por dependencia',5,'tesoreria',2,'{\"tipo\": \"dependencia_automatica\", \"accion\": \"creacion_automatica\", \"formula\": \"SUMA(5,6,7,8,9,10,11,12,13,14,15,16,17,18,19,20,21,22,23,24,25,26,27,28,29,30,31,32,33,34,35,36,37,38,39,40,41,42,43,44,45,46,47,48,49)\", \"timestamp\": \"2025-12-11T14:36:16.505249\", \"usuario_id\": 5, \"monto_inicial\": -7531.0, \"concepto_nombre\": \"SUB-TOTAL TESORERÍA\"}','2025-12-11 19:36:16','2025-12-11 19:39:08'),(101,'2025-09-02',51,2,11235634.40,'Actualizado automáticamente por dependencia',5,'tesoreria',2,'{\"tipo\": \"dependencia_automatica\", \"accion\": \"creacion_automatica\", \"formula\": \"SUMA(4,50)\", \"timestamp\": \"2025-12-11T14:36:16.512377\", \"usuario_id\": 5, \"monto_inicial\": 0.0, \"concepto_nombre\": \"SALDO FINAL CUENTAS\"}','2025-12-11 19:36:16','2025-12-11 19:43:33'),(102,'2025-09-02',52,2,846281.36,'Auto-calculado: SALDOS BANCOS - SALDO ANTERIOR',5,'pagaduria',2,'{\"tipo\": \"dependencia_pagaduria\", \"accion\": \"creacion_automatica\", \"formula\": \"RESTA(53,54)\", \"timestamp\": \"2025-12-11T14:36:16.525612\", \"usuario_id\": 5, \"componentes\": {\"saldos_bancos_id53\": 0.0, \"saldo_anterior_id54\": 102337358.49}}','2025-12-11 19:36:16','2025-12-11 19:40:04'),(103,'2025-09-02',82,2,3432014.40,'Auto-calculado: I(+) E(-) N(±) de 8 conceptos',5,'pagaduria',2,'{\"tipo\": \"subtotal_movimiento_automatico\", \"accion\": \"creacion_automatica\", \"formula\": \"SUMA respetando códigos: I(+), E(-), N(+)\", \"timestamp\": \"2025-12-11T14:36:16.535688\", \"usuario_id\": 5, \"monto_calculado\": 0.0, \"total_conceptos\": 0, \"conceptos_incluidos\": []}','2025-12-11 19:36:16','2025-12-11 19:43:33'),(104,'2025-09-02',83,2,105769372.89,'Auto-calculado: $3432014.40 + $102337358.49 (parcial: 2/2)',5,'pagaduria',2,'{\"tipo\": \"subtotal_saldo_inicial_automatico\", \"accion\": \"creacion_automatica\", \"formula\": \"ID82 + ID54\", \"timestamp\": \"2025-12-11T14:36:16.542208\", \"usuario_id\": 5, \"componentes\": {\"saldo_dia_anterior_id54\": 102337358.49, \"subtotal_movimiento_id82\": 0.0}, \"monto_calculado\": 102337358.49}','2025-12-11 19:36:16','2025-12-11 19:43:33'),(105,'2025-09-02',84,2,-94531738.49,'Auto-calculado: igual a SUB-TOTAL TESORERÍA (área tesoreria)',5,'pagaduria',2,'{\"tipo\": \"movimiento_tesoreria_automatico\", \"accion\": \"creacion_automatica\", \"origen\": {\"area_origen\": \"tesoreria\", \"concepto_id\": 50, \"monto_origen\": -7531.0, \"concepto_nombre\": \"SUB-TOTAL TESORERÍA\"}, \"formula\": \"MOVIMIENTO TESORERIA = SUB-TOTAL TESORERÍA\", \"timestamp\": \"2025-12-11T14:36:16.547084\", \"usuario_id\": 5, \"monto_calculado\": -7531.0}','2025-12-11 19:36:16','2025-12-11 19:39:08'),(106,'2025-09-02',2,2,3432014.40,'Auto-calculado: igual a SUBTOTAL MOVIMIENTO PAGADURIA',5,'tesoreria',2,'{\"tipo\": \"consumo_automatico\", \"accion\": \"creacion_automatica\", \"origen\": {\"concepto_id\": 82, \"fecha_origen\": \"2025-09-02\", \"monto_origen\": 0.0, \"concepto_nombre\": \"SUBTOTAL MOVIMIENTO PAGADURIA\"}, \"formula\": \"CONSUMO = SUBTOTAL MOVIMIENTO PAGADURIA\", \"timestamp\": \"2025-12-11T14:36:16.582653\", \"usuario_id\": 5, \"monto_calculado\": 0.0}','2025-12-11 19:36:16','2025-12-11 19:43:33'),(107,'2025-09-02',49,2,-2.94,'Auto-calculado GMF',5,'tesoreria',2,'{\"tipo\": \"gmf_automatico\", \"accion\": \"creacion_automatica_gmf\", \"formula\": \"SUM(componentes_con_signo)*4/1000\", \"timestamp\": \"2025-12-11T14:36:16.601668\", \"usuario_id\": 5, \"componentes\": {}, \"monto_calculado\": 0.0}','2025-12-11 19:36:16','2025-12-11 19:43:33'),(108,'2025-09-02',85,2,11237634.40,'Auto-calculado: SUBTOTAL SALDO INICIAL + MOVIMIENTO TESORERIA',5,'pagaduria',1,'{\"tipo\": \"saldo_total_bancos_automatico\", \"accion\": \"creacion_automatica\", \"formula\": \"SALDO TOTAL BANCOS = SUBTOTAL SALDO INICIAL + MOVIMIENTO TESORERIA\", \"timestamp\": \"2025-12-11T14:36:16.793301\", \"usuario_id\": 5, \"componentes\": {\"movimiento_tesoreria_id84\": -7531.0, \"subtotal_saldo_inicial_id83\": 102337358.49}, \"monto_calculado\": 102329827.49}','2025-12-11 19:36:16','2025-12-11 19:43:33'),(109,'2025-09-03',54,2,11237634.40,'Auto-calculado: SALDO TOTAL BANCOS del 2025-09-02 (próximo día hábil)',5,'pagaduria',1,'{\"tipo\": \"proyeccion_saldo_dia_anterior\", \"accion\": \"proyeccion_automatica\", \"origen\": {\"fecha_origen\": \"2025-09-02\", \"monto_origen\": 102329827.49, \"concepto_origen_id\": 85, \"concepto_origen_nombre\": \"SALDO TOTAL EN BANCOS\"}, \"timestamp\": \"2025-12-11T14:36:16.799529\", \"usuario_id\": 5}','2025-12-11 19:36:16','2025-12-11 19:43:33'),(110,'2025-09-03',1,2,11235634.40,'Auto-calculado: SALDO FINAL CUENTAS del 2025-09-02 (próximo día hábil)',5,'tesoreria',1,'{\"tipo\": \"proyeccion_dias_habiles_tesoreria\", \"accion\": \"proyeccion_automatica_tesoreria\", \"origen\": {\"fecha_origen\": \"2025-09-02\", \"monto_origen\": 102327827.49, \"concepto_origen_id\": 51, \"concepto_origen_nombre\": \"SALDO FINAL CUENTAS\"}, \"destino\": {\"fecha_destino\": \"2025-09-03\", \"concepto_destino_id\": 1, \"concepto_destino_nombre\": \"SALDO INICIAL\"}, \"timestamp\": \"2025-12-11T14:36:16.807747\", \"usuario_id\": 5}','2025-12-11 19:36:16','2025-12-11 19:43:33'),(111,'2025-09-02',25,2,-87000000.00,'Actualizado desde dashboard tesoreria',5,'tesoreria',2,'{\"ip\": null, \"accion\": \"creacion\", \"timestamp\": \"2025-12-11T14:36:29.188218\", \"usuario_id\": 5}','2025-12-11 19:36:29','2025-12-11 19:39:07'),(112,'2025-09-02',38,3,-26084500.00,'Creado desde dashboard tesoreria',5,'tesoreria',3,'{\"ip\": null, \"accion\": \"creacion\", \"timestamp\": \"2025-12-11T14:36:54.445623\", \"usuario_id\": 5}','2025-12-11 19:36:54','2025-12-11 19:36:54'),(113,'2025-09-02',47,2,-735.55,'Creado desde dashboard tesoreria',5,'tesoreria',2,'{\"ip\": null, \"accion\": \"creacion\", \"timestamp\": \"2025-12-11T14:37:16.443392\", \"usuario_id\": 5}','2025-12-11 19:37:16','2025-12-11 19:37:16'),(114,'2025-09-02',47,3,-53.06,'Creado desde dashboard tesoreria',5,'tesoreria',3,'{\"ip\": null, \"accion\": \"creacion\", \"timestamp\": \"2025-12-11T14:37:23.092431\", \"usuario_id\": 5}','2025-12-11 19:37:23','2025-12-11 19:37:23'),(115,'2025-09-02',53,1,416833.40,'Creado desde dashboard pagaduria',5,'pagaduria',1,'{\"ip\": null, \"accion\": \"creacion\", \"timestamp\": \"2025-12-11T14:39:52.957287\", \"usuario_id\": 5}','2025-12-11 19:39:52','2025-12-11 19:39:52'),(116,'2025-09-02',53,2,103183639.85,'Creado desde dashboard pagaduria',5,'pagaduria',2,'{\"ip\": null, \"accion\": \"creacion\", \"timestamp\": \"2025-12-11T14:40:04.251190\", \"usuario_id\": 5}','2025-12-11 19:40:04','2025-12-11 19:40:04'),(117,'2025-09-02',53,3,6765816.98,'Creado desde dashboard pagaduria',5,'pagaduria',3,'{\"ip\": null, \"accion\": \"creacion\", \"timestamp\": \"2025-12-11T14:40:17.778012\", \"usuario_id\": 5}','2025-12-11 19:40:17','2025-12-11 19:40:17'),(118,'2025-09-02',55,1,17600.00,'Actualizado desde dashboard pagaduria',5,'pagaduria',1,'{\"ip\": null, \"accion\": \"creacion\", \"timestamp\": \"2025-12-11T14:40:51.040500\", \"usuario_id\": 5}','2025-12-11 19:40:51','2025-12-11 19:44:24'),(119,'2025-09-02',55,2,11891865.62,'Creado desde dashboard pagaduria',5,'pagaduria',2,'{\"ip\": null, \"accion\": \"creacion\", \"timestamp\": \"2025-12-11T14:41:06.288036\", \"usuario_id\": 5}','2025-12-11 19:41:06','2025-12-11 19:41:06'),(120,'2025-09-02',55,3,6434565.95,'Creado desde dashboard pagaduria',5,'pagaduria',3,'{\"ip\": null, \"accion\": \"creacion\", \"timestamp\": \"2025-12-11T14:41:24.521207\", \"usuario_id\": 5}','2025-12-11 19:41:24','2025-12-11 19:41:24'),(121,'2025-09-02',57,1,-235.01,'Creado desde dashboard pagaduria',5,'pagaduria',1,'{\"ip\": null, \"accion\": \"creacion\", \"timestamp\": \"2025-12-11T14:41:30.051734\", \"usuario_id\": 5}','2025-12-11 19:41:30','2025-12-11 19:41:30'),(122,'2025-09-02',57,2,-7785.37,'Creado desde dashboard pagaduria',5,'pagaduria',2,'{\"ip\": null, \"accion\": \"creacion\", \"timestamp\": \"2025-12-11T14:41:37.311215\", \"usuario_id\": 5}','2025-12-11 19:41:37','2025-12-11 19:41:37'),(123,'2025-09-02',57,3,-28490.44,'Creado desde dashboard pagaduria',5,'pagaduria',3,'{\"ip\": null, \"accion\": \"creacion\", \"timestamp\": \"2025-12-11T14:41:44.125552\", \"usuario_id\": 5}','2025-12-11 19:41:44','2025-12-11 19:41:44'),(124,'2025-09-02',59,3,93190.27,'Creado desde dashboard pagaduria',5,'pagaduria',3,'{\"ip\": null, \"accion\": \"creacion\", \"timestamp\": \"2025-12-11T14:41:49.973002\", \"usuario_id\": 5}','2025-12-11 19:41:49','2025-12-11 19:41:49'),(125,'2025-09-02',68,2,-7725.82,'Creado desde dashboard pagaduria',5,'pagaduria',2,'{\"ip\": null, \"accion\": \"creacion\", \"timestamp\": \"2025-12-11T14:42:07.106892\", \"usuario_id\": 5}','2025-12-11 19:42:07','2025-12-11 19:42:07'),(126,'2025-09-02',69,1,-20990.77,'Creado desde dashboard pagaduria',5,'pagaduria',1,'{\"ip\": null, \"accion\": \"creacion\", \"timestamp\": \"2025-12-11T14:42:15.044394\", \"usuario_id\": 5}','2025-12-11 19:42:15','2025-12-11 19:42:15'),(127,'2025-09-02',69,2,-273670.93,'Creado desde dashboard pagaduria',5,'pagaduria',2,'{\"ip\": null, \"accion\": \"creacion\", \"timestamp\": \"2025-12-11T14:42:23.317383\", \"usuario_id\": 5}','2025-12-11 19:42:23','2025-12-11 19:42:23'),(128,'2025-09-02',69,3,-923514.68,'Creado desde dashboard pagaduria',5,'pagaduria',3,'{\"ip\": null, \"accion\": \"creacion\", \"timestamp\": \"2025-12-11T14:42:31.414349\", \"usuario_id\": 5}','2025-12-11 19:42:31','2025-12-11 19:42:31'),(129,'2025-09-02',70,1,-31362.66,'Creado desde dashboard pagaduria',5,'pagaduria',1,'{\"ip\": null, \"accion\": \"creacion\", \"timestamp\": \"2025-12-11T14:42:40.018327\", \"usuario_id\": 5}','2025-12-11 19:42:40','2025-12-11 19:42:40'),(130,'2025-09-02',70,2,-6132893.50,'Creado desde dashboard pagaduria',5,'pagaduria',2,'{\"ip\": null, \"accion\": \"creacion\", \"timestamp\": \"2025-12-11T14:42:49.731614\", \"usuario_id\": 5}','2025-12-11 19:42:49','2025-12-11 19:42:49'),(131,'2025-09-02',70,3,-4150886.75,'Actualizado desde dashboard pagaduria',5,'pagaduria',3,'{\"ip\": null, \"accion\": \"creacion\", \"timestamp\": \"2025-12-11T14:42:58.788772\", \"usuario_id\": 5}','2025-12-11 19:42:58','2025-12-11 19:45:21'),(132,'2025-09-02',74,2,5052.30,'Creado desde dashboard pagaduria',5,'pagaduria',2,'{\"ip\": null, \"accion\": \"creacion\", \"timestamp\": \"2025-12-11T14:43:06.982210\", \"usuario_id\": 5}','2025-12-11 19:43:06','2025-12-11 19:43:06'),(133,'2025-09-02',76,2,-2034567.90,'Creado desde dashboard pagaduria',5,'pagaduria',2,'{\"ip\": null, \"accion\": \"creacion\", \"timestamp\": \"2025-12-11T14:43:19.342917\", \"usuario_id\": 5}','2025-12-11 19:43:19','2025-12-11 19:43:19'),(134,'2025-09-02',78,2,-8260.00,'Creado desde dashboard pagaduria',5,'pagaduria',2,'{\"ip\": null, \"accion\": \"creacion\", \"timestamp\": \"2025-12-11T14:43:33.287920\", \"usuario_id\": 5}','2025-12-11 19:43:33','2025-12-11 19:43:33'),(135,'2025-09-02',78,3,-35573.00,'Creado desde dashboard pagaduria',5,'pagaduria',3,'{\"ip\": null, \"accion\": \"creacion\", \"timestamp\": \"2025-12-11T14:43:42.581400\", \"usuario_id\": 5}','2025-12-11 19:43:42','2025-12-11 19:43:42'),(136,'2025-12-16',68,1,-5000.00,'Creado desde dashboard pagaduria',7,'pagaduria',1,'{\"ip\": null, \"accion\": \"creacion\", \"timestamp\": \"2025-12-16T15:00:21.031365\", \"usuario_id\": 7}','2025-12-16 20:00:21','2025-12-16 20:00:21'),(137,'2025-12-16',4,1,-5000.00,'Auto-calculado: SALDO INICIAL + CONSUMO + VENTANILLA',7,'tesoreria',1,'{\"tipo\": \"dependencia_automatica\", \"accion\": \"creacion_automatica\", \"formula\": \"SUMA(1,2,3)\", \"timestamp\": \"2025-12-16T15:00:21.065237\", \"usuario_id\": 7, \"monto_inicial\": 0.0, \"concepto_nombre\": \"SALDO NETO INICIAL PAGADURÍA\"}','2025-12-16 20:00:21','2025-12-16 20:00:21'),(138,'2025-12-16',50,1,0.00,'Actualizado automáticamente por dependencia',7,'tesoreria',1,'{\"tipo\": \"dependencia_automatica\", \"accion\": \"creacion_automatica\", \"formula\": \"SUMA(5,6,7,8,9,10,11,12,13,14,15,16,17,18,19,20,21,22,23,24,25,26,27,28,29,30,31,32,33,34,35,36,37,38,39,40,41,42,43,44,45,46,47,48,49)\", \"timestamp\": \"2025-12-16T15:00:21.194668\", \"usuario_id\": 7, \"monto_inicial\": 0.0, \"concepto_nombre\": \"SUB-TOTAL TESORERÍA\"}','2025-12-16 20:00:21','2025-12-16 20:00:21'),(139,'2025-12-16',51,1,-5000.00,'Actualizado automáticamente por dependencia',7,'tesoreria',1,'{\"tipo\": \"dependencia_automatica\", \"accion\": \"creacion_automatica\", \"formula\": \"SUMA(4,50)\", \"timestamp\": \"2025-12-16T15:00:21.200835\", \"usuario_id\": 7, \"monto_inicial\": 0.0, \"concepto_nombre\": \"SALDO FINAL CUENTAS\"}','2025-12-16 20:00:21','2025-12-16 20:00:21'),(140,'2025-12-16',52,1,0.00,'Auto-calculado: SALDOS BANCOS - SALDO ANTERIOR',7,'pagaduria',1,'{\"tipo\": \"dependencia_pagaduria\", \"accion\": \"creacion_automatica\", \"formula\": \"RESTA(53,54)\", \"timestamp\": \"2025-12-16T15:00:21.214569\", \"usuario_id\": 7, \"componentes\": {\"saldos_bancos_id53\": 0.0, \"saldo_anterior_id54\": 0.0}}','2025-12-16 20:00:21','2025-12-16 20:00:21'),(141,'2025-12-16',82,1,-5000.00,'Auto-calculado: I(+) E(-) N(±) de 1 conceptos',7,'pagaduria',1,'{\"tipo\": \"subtotal_movimiento_automatico\", \"accion\": \"creacion_automatica\", \"formula\": \"SUMA respetando códigos: I(+), E(-), N(+)\", \"timestamp\": \"2025-12-16T15:00:21.221627\", \"usuario_id\": 7, \"monto_calculado\": -5000.0, \"total_conceptos\": 1, \"conceptos_incluidos\": [{\"signo\": \"(-)\", \"codigo\": \"E\", \"concepto_id\": 68, \"monto_original\": -5000.0, \"concepto_nombre\": \"EMBARGOS\", \"monto_calculado\": -5000.0}]}','2025-12-16 20:00:21','2025-12-16 20:00:21'),(142,'2025-12-16',84,1,0.00,'Auto-calculado: igual a SUB-TOTAL TESORERÍA (área tesoreria)',7,'pagaduria',1,'{\"tipo\": \"movimiento_tesoreria_automatico\", \"accion\": \"creacion_automatica\", \"origen\": {\"area_origen\": \"tesoreria\", \"concepto_id\": 50, \"monto_origen\": 0.0, \"concepto_nombre\": \"SUB-TOTAL TESORERÍA\"}, \"formula\": \"MOVIMIENTO TESORERIA = SUB-TOTAL TESORERÍA\", \"timestamp\": \"2025-12-16T15:00:21.229601\", \"usuario_id\": 7, \"monto_calculado\": 0.0}','2025-12-16 20:00:21','2025-12-16 20:00:21'),(143,'2025-12-16',2,1,-5000.00,'Auto-calculado: igual a SUBTOTAL MOVIMIENTO PAGADURIA',7,'tesoreria',1,'{\"tipo\": \"consumo_automatico\", \"accion\": \"creacion_automatica\", \"origen\": {\"concepto_id\": 82, \"fecha_origen\": \"2025-12-16\", \"monto_origen\": -5000.0, \"concepto_nombre\": \"SUBTOTAL MOVIMIENTO PAGADURIA\"}, \"formula\": \"CONSUMO = SUBTOTAL MOVIMIENTO PAGADURIA\", \"timestamp\": \"2025-12-16T15:00:21.251322\", \"usuario_id\": 7, \"monto_calculado\": -5000.0}','2025-12-16 20:00:21','2025-12-16 20:00:21'),(144,'2025-12-16',49,1,0.00,'Auto-calculado GMF',7,'tesoreria',1,'{\"tipo\": \"gmf_automatico\", \"accion\": \"creacion_automatica_gmf\", \"formula\": \"SUM(componentes_con_signo)*4/1000\", \"timestamp\": \"2025-12-16T15:00:21.289240\", \"usuario_id\": 7, \"componentes\": {}, \"monto_calculado\": 0.0}','2025-12-16 20:00:21','2025-12-16 20:00:21'),(145,'2025-12-16',83,1,-5000.00,'Auto-calculado: SUBTOTAL MOVIMIENTO + SALDO DIA ANTERIOR',7,'pagaduria',1,'{\"tipo\": \"subtotal_saldo_inicial_automatico\", \"accion\": \"creacion_automatica\", \"formula\": \"ID82 + ID54\", \"timestamp\": \"2025-12-16T15:00:21.424748\", \"usuario_id\": 7, \"componentes\": {\"saldo_dia_anterior_id54\": 0.0, \"subtotal_movimiento_id82\": -5000.0}, \"monto_calculado\": -5000.0}','2025-12-16 20:00:21','2025-12-16 20:00:21'),(146,'2025-12-16',85,1,0.00,'Auto-calculado: SUBTOTAL SALDO INICIAL + MOVIMIENTO TESORERIA',7,'pagaduria',1,'{\"tipo\": \"saldo_total_bancos_automatico\", \"accion\": \"creacion_automatica\", \"formula\": \"SALDO TOTAL BANCOS = SUBTOTAL SALDO INICIAL + MOVIMIENTO TESORERIA\", \"timestamp\": \"2025-12-16T15:00:21.442152\", \"usuario_id\": 7, \"componentes\": {\"movimiento_tesoreria_id84\": 0.0, \"subtotal_saldo_inicial_id83\": 0.0}, \"monto_calculado\": 0.0}','2025-12-16 20:00:21','2025-12-16 20:00:21'),(147,'2025-12-17',54,1,0.00,'Auto-calculado: SALDO TOTAL BANCOS del 2025-12-16 (próximo día hábil)',7,'pagaduria',1,'{\"tipo\": \"proyeccion_saldo_dia_anterior\", \"accion\": \"proyeccion_automatica\", \"origen\": {\"fecha_origen\": \"2025-12-16\", \"monto_origen\": 0.0, \"concepto_origen_id\": 85, \"concepto_origen_nombre\": \"SALDO TOTAL EN BANCOS\"}, \"timestamp\": \"2025-12-16T15:00:21.446222\", \"usuario_id\": 7}','2025-12-16 20:00:21','2025-12-16 20:00:21'),(148,'2025-12-17',1,1,-5000.00,'Auto-calculado: SALDO FINAL CUENTAS del 2025-12-16 (próximo día hábil)',7,'tesoreria',1,'{\"tipo\": \"proyeccion_dias_habiles_tesoreria\", \"accion\": \"proyeccion_automatica_tesoreria\", \"origen\": {\"fecha_origen\": \"2025-12-16\", \"monto_origen\": -5000.0, \"concepto_origen_id\": 51, \"concepto_origen_nombre\": \"SALDO FINAL CUENTAS\"}, \"destino\": {\"fecha_destino\": \"2025-12-17\", \"concepto_destino_id\": 1, \"concepto_destino_nombre\": \"SALDO INICIAL\"}, \"timestamp\": \"2025-12-16T15:00:21.453681\", \"usuario_id\": 7}','2025-12-16 20:00:21','2025-12-16 20:00:21'),(149,'2025-12-16',68,2,-1000.00,'Creado desde dashboard pagaduria',7,'pagaduria',2,'{\"ip\": null, \"accion\": \"creacion\", \"timestamp\": \"2025-12-16T15:02:45.231955\", \"usuario_id\": 7}','2025-12-16 20:02:45','2025-12-16 20:02:45'),(150,'2025-12-16',4,2,-1000.00,'Auto-calculado: SALDO INICIAL + CONSUMO + VENTANILLA',7,'tesoreria',2,'{\"tipo\": \"dependencia_automatica\", \"accion\": \"creacion_automatica\", \"formula\": \"SUMA(1,2,3)\", \"timestamp\": \"2025-12-16T15:02:45.266225\", \"usuario_id\": 7, \"monto_inicial\": 0.0, \"concepto_nombre\": \"SALDO NETO INICIAL PAGADURÍA\"}','2025-12-16 20:02:45','2025-12-16 20:02:45'),(151,'2025-12-16',50,2,0.00,'Actualizado automáticamente por dependencia',7,'tesoreria',2,'{\"tipo\": \"dependencia_automatica\", \"accion\": \"creacion_automatica\", \"formula\": \"SUMA(5,6,7,8,9,10,11,12,13,14,15,16,17,18,19,20,21,22,23,24,25,26,27,28,29,30,31,32,33,34,35,36,37,38,39,40,41,42,43,44,45,46,47,48,49)\", \"timestamp\": \"2025-12-16T15:02:45.380790\", \"usuario_id\": 7, \"monto_inicial\": 0.0, \"concepto_nombre\": \"SUB-TOTAL TESORERÍA\"}','2025-12-16 20:02:45','2025-12-16 20:02:45'),(152,'2025-12-16',51,2,-1000.00,'Actualizado automáticamente por dependencia',7,'tesoreria',2,'{\"tipo\": \"dependencia_automatica\", \"accion\": \"creacion_automatica\", \"formula\": \"SUMA(4,50)\", \"timestamp\": \"2025-12-16T15:02:45.391183\", \"usuario_id\": 7, \"monto_inicial\": 0.0, \"concepto_nombre\": \"SALDO FINAL CUENTAS\"}','2025-12-16 20:02:45','2025-12-16 20:02:45'),(153,'2025-12-16',52,2,0.00,'Auto-calculado: SALDOS BANCOS - SALDO ANTERIOR',7,'pagaduria',2,'{\"tipo\": \"dependencia_pagaduria\", \"accion\": \"creacion_automatica\", \"formula\": \"RESTA(53,54)\", \"timestamp\": \"2025-12-16T15:02:45.409007\", \"usuario_id\": 7, \"componentes\": {\"saldos_bancos_id53\": 0.0, \"saldo_anterior_id54\": 0.0}}','2025-12-16 20:02:45','2025-12-16 20:02:45'),(154,'2025-12-16',82,2,-1000.00,'Auto-calculado: I(+) E(-) N(±) de 1 conceptos',7,'pagaduria',2,'{\"tipo\": \"subtotal_movimiento_automatico\", \"accion\": \"creacion_automatica\", \"formula\": \"SUMA respetando códigos: I(+), E(-), N(+)\", \"timestamp\": \"2025-12-16T15:02:45.421480\", \"usuario_id\": 7, \"monto_calculado\": -1000.0, \"total_conceptos\": 1, \"conceptos_incluidos\": [{\"signo\": \"(-)\", \"codigo\": \"E\", \"concepto_id\": 68, \"monto_original\": -1000.0, \"concepto_nombre\": \"EMBARGOS\", \"monto_calculado\": -1000.0}]}','2025-12-16 20:02:45','2025-12-16 20:02:45'),(155,'2025-12-16',84,2,0.00,'Auto-calculado: igual a SUB-TOTAL TESORERÍA (área tesoreria)',7,'pagaduria',2,'{\"tipo\": \"movimiento_tesoreria_automatico\", \"accion\": \"creacion_automatica\", \"origen\": {\"area_origen\": \"tesoreria\", \"concepto_id\": 50, \"monto_origen\": 0.0, \"concepto_nombre\": \"SUB-TOTAL TESORERÍA\"}, \"formula\": \"MOVIMIENTO TESORERIA = SUB-TOTAL TESORERÍA\", \"timestamp\": \"2025-12-16T15:02:45.433921\", \"usuario_id\": 7, \"monto_calculado\": 0.0}','2025-12-16 20:02:45','2025-12-16 20:02:45'),(156,'2025-12-16',2,2,-1000.00,'Auto-calculado: igual a SUBTOTAL MOVIMIENTO PAGADURIA',7,'tesoreria',2,'{\"tipo\": \"consumo_automatico\", \"accion\": \"creacion_automatica\", \"origen\": {\"concepto_id\": 82, \"fecha_origen\": \"2025-12-16\", \"monto_origen\": -1000.0, \"concepto_nombre\": \"SUBTOTAL MOVIMIENTO PAGADURIA\"}, \"formula\": \"CONSUMO = SUBTOTAL MOVIMIENTO PAGADURIA\", \"timestamp\": \"2025-12-16T15:02:45.465933\", \"usuario_id\": 7, \"monto_calculado\": -1000.0}','2025-12-16 20:02:45','2025-12-16 20:02:45'),(157,'2025-12-16',49,2,0.00,'Auto-calculado GMF',7,'tesoreria',2,'{\"tipo\": \"gmf_automatico\", \"accion\": \"creacion_automatica_gmf\", \"formula\": \"SUM(componentes_con_signo)*4/1000\", \"timestamp\": \"2025-12-16T15:02:45.517489\", \"usuario_id\": 7, \"componentes\": {}, \"monto_calculado\": 0.0}','2025-12-16 20:02:45','2025-12-16 20:02:45'),(158,'2025-12-16',83,2,-1000.00,'Auto-calculado: SUBTOTAL MOVIMIENTO + SALDO DIA ANTERIOR',7,'pagaduria',1,'{\"tipo\": \"subtotal_saldo_inicial_automatico\", \"accion\": \"creacion_automatica\", \"formula\": \"ID82 + ID54\", \"timestamp\": \"2025-12-16T15:02:45.682053\", \"usuario_id\": 7, \"componentes\": {\"saldo_dia_anterior_id54\": 0.0, \"subtotal_movimiento_id82\": -1000.0}, \"monto_calculado\": -1000.0}','2025-12-16 20:02:45','2025-12-16 20:02:45'),(159,'2025-12-16',85,2,0.00,'Auto-calculado: SUBTOTAL SALDO INICIAL + MOVIMIENTO TESORERIA',7,'pagaduria',1,'{\"tipo\": \"saldo_total_bancos_automatico\", \"accion\": \"creacion_automatica\", \"formula\": \"SALDO TOTAL BANCOS = SUBTOTAL SALDO INICIAL + MOVIMIENTO TESORERIA\", \"timestamp\": \"2025-12-16T15:02:45.701875\", \"usuario_id\": 7, \"componentes\": {\"movimiento_tesoreria_id84\": 0.0, \"subtotal_saldo_inicial_id83\": 0.0}, \"monto_calculado\": 0.0}','2025-12-16 20:02:45','2025-12-16 20:02:45'),(160,'2025-12-17',54,2,0.00,'Auto-calculado: SALDO TOTAL BANCOS del 2025-12-16 (próximo día hábil)',7,'pagaduria',1,'{\"tipo\": \"proyeccion_saldo_dia_anterior\", \"accion\": \"proyeccion_automatica\", \"origen\": {\"fecha_origen\": \"2025-12-16\", \"monto_origen\": 0.0, \"concepto_origen_id\": 85, \"concepto_origen_nombre\": \"SALDO TOTAL EN BANCOS\"}, \"timestamp\": \"2025-12-16T15:02:45.705806\", \"usuario_id\": 7}','2025-12-16 20:02:45','2025-12-16 20:02:45'),(161,'2025-12-17',1,2,-1000.00,'Auto-calculado: SALDO FINAL CUENTAS del 2025-12-16 (próximo día hábil)',7,'tesoreria',1,'{\"tipo\": \"proyeccion_dias_habiles_tesoreria\", \"accion\": \"proyeccion_automatica_tesoreria\", \"origen\": {\"fecha_origen\": \"2025-12-16\", \"monto_origen\": -1000.0, \"concepto_origen_id\": 51, \"concepto_origen_nombre\": \"SALDO FINAL CUENTAS\"}, \"destino\": {\"fecha_destino\": \"2025-12-17\", \"concepto_destino_id\": 1, \"concepto_destino_nombre\": \"SALDO INICIAL\"}, \"timestamp\": \"2025-12-16T15:02:45.712973\", \"usuario_id\": 7}','2025-12-16 20:02:45','2025-12-16 20:02:45'),(162,'2025-12-16',80,1,-20.00,NULL,NULL,'pagaduria',1,NULL,'2025-12-16 20:05:17','2025-12-16 20:05:17'),(163,'2025-12-16',68,3,-2000.00,'Creado desde dashboard pagaduria',5,'pagaduria',3,'{\"ip\": null, \"accion\": \"creacion\", \"timestamp\": \"2025-12-16T15:05:54.557057\", \"usuario_id\": 5}','2025-12-16 20:05:54','2025-12-16 20:05:54'),(164,'2025-12-16',4,3,-2000.00,'Auto-calculado: SALDO INICIAL + CONSUMO + VENTANILLA',5,'tesoreria',3,'{\"tipo\": \"dependencia_automatica\", \"accion\": \"creacion_automatica\", \"formula\": \"SUMA(1,2,3)\", \"timestamp\": \"2025-12-16T15:05:54.593484\", \"usuario_id\": 5, \"monto_inicial\": 0.0, \"concepto_nombre\": \"SALDO NETO INICIAL PAGADURÍA\"}','2025-12-16 20:05:54','2025-12-16 20:05:54'),(165,'2025-12-16',50,3,0.00,'Actualizado automáticamente por dependencia',5,'tesoreria',3,'{\"tipo\": \"dependencia_automatica\", \"accion\": \"creacion_automatica\", \"formula\": \"SUMA(5,6,7,8,9,10,11,12,13,14,15,16,17,18,19,20,21,22,23,24,25,26,27,28,29,30,31,32,33,34,35,36,37,38,39,40,41,42,43,44,45,46,47,48,49)\", \"timestamp\": \"2025-12-16T15:05:54.715770\", \"usuario_id\": 5, \"monto_inicial\": 0.0, \"concepto_nombre\": \"SUB-TOTAL TESORERÍA\"}','2025-12-16 20:05:54','2025-12-16 20:05:54'),(166,'2025-12-16',51,3,-2000.00,'Actualizado automáticamente por dependencia',5,'tesoreria',3,'{\"tipo\": \"dependencia_automatica\", \"accion\": \"creacion_automatica\", \"formula\": \"SUMA(4,50)\", \"timestamp\": \"2025-12-16T15:05:54.730093\", \"usuario_id\": 5, \"monto_inicial\": 0.0, \"concepto_nombre\": \"SALDO FINAL CUENTAS\"}','2025-12-16 20:05:54','2025-12-16 20:05:54'),(167,'2025-12-16',52,3,0.00,'Auto-calculado: SALDOS BANCOS - SALDO ANTERIOR',5,'pagaduria',3,'{\"tipo\": \"dependencia_pagaduria\", \"accion\": \"creacion_automatica\", \"formula\": \"RESTA(53,54)\", \"timestamp\": \"2025-12-16T15:05:54.748279\", \"usuario_id\": 5, \"componentes\": {\"saldos_bancos_id53\": 0.0, \"saldo_anterior_id54\": 0.0}}','2025-12-16 20:05:54','2025-12-16 20:05:54'),(168,'2025-12-16',82,3,-2000.00,'Auto-calculado: I(+) E(-) N(±) de 1 conceptos',5,'pagaduria',3,'{\"tipo\": \"subtotal_movimiento_automatico\", \"accion\": \"creacion_automatica\", \"formula\": \"SUMA respetando códigos: I(+), E(-), N(+)\", \"timestamp\": \"2025-12-16T15:05:54.758770\", \"usuario_id\": 5, \"monto_calculado\": -2000.0, \"total_conceptos\": 1, \"conceptos_incluidos\": [{\"signo\": \"(-)\", \"codigo\": \"E\", \"concepto_id\": 68, \"monto_original\": -2000.0, \"concepto_nombre\": \"EMBARGOS\", \"monto_calculado\": -2000.0}]}','2025-12-16 20:05:54','2025-12-16 20:05:54'),(169,'2025-12-16',84,3,0.00,'Auto-calculado: igual a SUB-TOTAL TESORERÍA (área tesoreria)',5,'pagaduria',3,'{\"tipo\": \"movimiento_tesoreria_automatico\", \"accion\": \"creacion_automatica\", \"origen\": {\"area_origen\": \"tesoreria\", \"concepto_id\": 50, \"monto_origen\": 0.0, \"concepto_nombre\": \"SUB-TOTAL TESORERÍA\"}, \"formula\": \"MOVIMIENTO TESORERIA = SUB-TOTAL TESORERÍA\", \"timestamp\": \"2025-12-16T15:05:54.769081\", \"usuario_id\": 5, \"monto_calculado\": 0.0}','2025-12-16 20:05:54','2025-12-16 20:05:54'),(170,'2025-12-16',2,3,-2000.00,'Auto-calculado: igual a SUBTOTAL MOVIMIENTO PAGADURIA',5,'tesoreria',3,'{\"tipo\": \"consumo_automatico\", \"accion\": \"creacion_automatica\", \"origen\": {\"concepto_id\": 82, \"fecha_origen\": \"2025-12-16\", \"monto_origen\": -2000.0, \"concepto_nombre\": \"SUBTOTAL MOVIMIENTO PAGADURIA\"}, \"formula\": \"CONSUMO = SUBTOTAL MOVIMIENTO PAGADURIA\", \"timestamp\": \"2025-12-16T15:05:54.792208\", \"usuario_id\": 5, \"monto_calculado\": -2000.0}','2025-12-16 20:05:54','2025-12-16 20:05:54'),(171,'2025-12-16',49,3,0.00,'Auto-calculado GMF',5,'tesoreria',3,'{\"tipo\": \"gmf_automatico\", \"accion\": \"creacion_automatica_gmf\", \"formula\": \"SUM(componentes_con_signo)*4/1000\", \"timestamp\": \"2025-12-16T15:05:54.820681\", \"usuario_id\": 5, \"componentes\": {}, \"monto_calculado\": 0.0}','2025-12-16 20:05:54','2025-12-16 20:05:54'),(172,'2025-12-16',83,3,-2000.00,'Auto-calculado: SUBTOTAL MOVIMIENTO + SALDO DIA ANTERIOR',5,'pagaduria',1,'{\"tipo\": \"subtotal_saldo_inicial_automatico\", \"accion\": \"creacion_automatica\", \"formula\": \"ID82 + ID54\", \"timestamp\": \"2025-12-16T15:05:54.960159\", \"usuario_id\": 5, \"componentes\": {\"saldo_dia_anterior_id54\": 0.0, \"subtotal_movimiento_id82\": -2000.0}, \"monto_calculado\": -2000.0}','2025-12-16 20:05:54','2025-12-16 20:05:54'),(173,'2025-12-16',85,3,0.00,'Auto-calculado: SUBTOTAL SALDO INICIAL + MOVIMIENTO TESORERIA',5,'pagaduria',1,'{\"tipo\": \"saldo_total_bancos_automatico\", \"accion\": \"creacion_automatica\", \"formula\": \"SALDO TOTAL BANCOS = SUBTOTAL SALDO INICIAL + MOVIMIENTO TESORERIA\", \"timestamp\": \"2025-12-16T15:05:54.976543\", \"usuario_id\": 5, \"componentes\": {\"movimiento_tesoreria_id84\": 0.0, \"subtotal_saldo_inicial_id83\": 0.0}, \"monto_calculado\": 0.0}','2025-12-16 20:05:54','2025-12-16 20:05:54'),(174,'2025-12-17',54,3,0.00,'Auto-calculado: SALDO TOTAL BANCOS del 2025-12-16 (próximo día hábil)',5,'pagaduria',1,'{\"tipo\": \"proyeccion_saldo_dia_anterior\", \"accion\": \"proyeccion_automatica\", \"origen\": {\"fecha_origen\": \"2025-12-16\", \"monto_origen\": 0.0, \"concepto_origen_id\": 85, \"concepto_origen_nombre\": \"SALDO TOTAL EN BANCOS\"}, \"timestamp\": \"2025-12-16T15:05:54.979153\", \"usuario_id\": 5}','2025-12-16 20:05:54','2025-12-16 20:05:54'),(175,'2025-12-17',1,3,-2000.00,'Auto-calculado: SALDO FINAL CUENTAS del 2025-12-16 (próximo día hábil)',5,'tesoreria',1,'{\"tipo\": \"proyeccion_dias_habiles_tesoreria\", \"accion\": \"proyeccion_automatica_tesoreria\", \"origen\": {\"fecha_origen\": \"2025-12-16\", \"monto_origen\": -2000.0, \"concepto_origen_id\": 51, \"concepto_origen_nombre\": \"SALDO FINAL CUENTAS\"}, \"destino\": {\"fecha_destino\": \"2025-12-17\", \"concepto_destino_id\": 1, \"concepto_destino_nombre\": \"SALDO INICIAL\"}, \"timestamp\": \"2025-12-16T15:05:54.987052\", \"usuario_id\": 5}','2025-12-16 20:05:54','2025-12-16 20:05:54'),(176,'2025-12-16',68,4,-3000.00,'Creado desde dashboard pagaduria',5,'pagaduria',1,'{\"ip\": null, \"accion\": \"creacion\", \"timestamp\": \"2025-12-16T15:16:14.009488\", \"usuario_id\": 5}','2025-12-16 20:16:14','2025-12-16 20:16:14'),(177,'2025-12-16',80,4,0.00,'Auto-calculado 4x1000',5,'pagaduria',1,'{\"tipo\": \"cuatro_por_mil_automatico\", \"accion\": \"creacion_automatica_4x1000\", \"formula\": \"SUM(abs(componentes))*4/1000\", \"timestamp\": \"2025-12-16T15:16:14.036829\", \"usuario_id\": 5, \"componentes\": {\"68\": -3000.0}, \"monto_calculado\": -12.0}','2025-12-16 20:16:14','2025-12-16 20:16:29'),(178,'2025-12-16',4,4,-3012.00,'Auto-calculado: SALDO INICIAL + CONSUMO + VENTANILLA',5,'tesoreria',1,'{\"tipo\": \"dependencia_automatica\", \"accion\": \"creacion_automatica\", \"formula\": \"SUMA(1,2,3)\", \"timestamp\": \"2025-12-16T15:16:14.065367\", \"usuario_id\": 5, \"monto_inicial\": 0.0, \"concepto_nombre\": \"SALDO NETO INICIAL PAGADURÍA\"}','2025-12-16 20:16:14','2025-12-16 20:16:14'),(179,'2025-12-16',50,4,0.00,'Actualizado automáticamente por dependencia',5,'tesoreria',1,'{\"tipo\": \"dependencia_automatica\", \"accion\": \"creacion_automatica\", \"formula\": \"SUMA(5,6,7,8,9,10,11,12,13,14,15,16,17,18,19,20,21,22,23,24,25,26,27,28,29,30,31,32,33,34,35,36,37,38,39,40,41,42,43,44,45,46,47,48,49)\", \"timestamp\": \"2025-12-16T15:16:14.204265\", \"usuario_id\": 5, \"monto_inicial\": 0.0, \"concepto_nombre\": \"SUB-TOTAL TESORERÍA\"}','2025-12-16 20:16:14','2025-12-16 20:16:14'),(180,'2025-12-16',51,4,-3012.00,'Actualizado automáticamente por dependencia',5,'tesoreria',1,'{\"tipo\": \"dependencia_automatica\", \"accion\": \"creacion_automatica\", \"formula\": \"SUMA(4,50)\", \"timestamp\": \"2025-12-16T15:16:14.213545\", \"usuario_id\": 5, \"monto_inicial\": 0.0, \"concepto_nombre\": \"SALDO FINAL CUENTAS\"}','2025-12-16 20:16:14','2025-12-16 20:16:14'),(181,'2025-12-16',52,4,0.00,'Auto-calculado: SALDOS BANCOS - SALDO ANTERIOR',5,'pagaduria',1,'{\"tipo\": \"dependencia_pagaduria\", \"accion\": \"creacion_automatica\", \"formula\": \"RESTA(53,54)\", \"timestamp\": \"2025-12-16T15:16:14.230461\", \"usuario_id\": 5, \"componentes\": {\"saldos_bancos_id53\": 0.0, \"saldo_anterior_id54\": 0.0}}','2025-12-16 20:16:14','2025-12-16 20:16:14'),(182,'2025-12-16',82,4,-3000.00,'Auto-calculado: I(+) E(-) N(±) de 2 conceptos',5,'pagaduria',1,'{\"tipo\": \"subtotal_movimiento_automatico\", \"accion\": \"creacion_automatica\", \"formula\": \"SUMA respetando códigos: I(+), E(-), N(+)\", \"timestamp\": \"2025-12-16T15:16:14.239761\", \"usuario_id\": 5, \"monto_calculado\": -3012.0, \"total_conceptos\": 2, \"conceptos_incluidos\": [{\"signo\": \"(-)\", \"codigo\": \"E\", \"concepto_id\": 68, \"monto_original\": -3000.0, \"concepto_nombre\": \"EMBARGOS\", \"monto_calculado\": -3000.0}, {\"signo\": \"(-)\", \"codigo\": \"E\", \"concepto_id\": 80, \"monto_original\": -12.0, \"concepto_nombre\": \"CUATRO POR MIL\", \"monto_calculado\": -12.0}]}','2025-12-16 20:16:14','2025-12-16 20:16:29'),(183,'2025-12-16',84,4,0.00,'Auto-calculado: igual a SUB-TOTAL TESORERÍA (área tesoreria)',5,'pagaduria',1,'{\"tipo\": \"movimiento_tesoreria_automatico\", \"accion\": \"creacion_automatica\", \"origen\": {\"area_origen\": \"tesoreria\", \"concepto_id\": 50, \"monto_origen\": 0.0, \"concepto_nombre\": \"SUB-TOTAL TESORERÍA\"}, \"formula\": \"MOVIMIENTO TESORERIA = SUB-TOTAL TESORERÍA\", \"timestamp\": \"2025-12-16T15:16:14.248012\", \"usuario_id\": 5, \"monto_calculado\": 0.0}','2025-12-16 20:16:14','2025-12-16 20:16:14'),(184,'2025-12-16',2,4,-3000.00,'Auto-calculado: igual a SUBTOTAL MOVIMIENTO PAGADURIA',5,'tesoreria',1,'{\"tipo\": \"consumo_automatico\", \"accion\": \"creacion_automatica\", \"origen\": {\"concepto_id\": 82, \"fecha_origen\": \"2025-12-16\", \"monto_origen\": -3012.0, \"concepto_nombre\": \"SUBTOTAL MOVIMIENTO PAGADURIA\"}, \"formula\": \"CONSUMO = SUBTOTAL MOVIMIENTO PAGADURIA\", \"timestamp\": \"2025-12-16T15:16:14.270820\", \"usuario_id\": 5, \"monto_calculado\": -3012.0}','2025-12-16 20:16:14','2025-12-16 20:16:29'),(185,'2025-12-16',83,4,-3000.00,'Auto-calculado: $-3000.00 + $0.00 (parcial: 1/2)',5,'pagaduria',1,'{\"tipo\": \"subtotal_saldo_inicial_automatico\", \"accion\": \"creacion_automatica\", \"formula\": \"ID82 + ID54\", \"timestamp\": \"2025-12-16T15:16:14.447605\", \"usuario_id\": 5, \"componentes\": {\"saldo_dia_anterior_id54\": 0.0, \"subtotal_movimiento_id82\": -3012.0}, \"monto_calculado\": -3012.0}','2025-12-16 20:16:14','2025-12-16 20:16:29'),(186,'2025-12-16',85,4,-3000.00,'Auto-calculado: SUBTOTAL SALDO INICIAL + MOVIMIENTO TESORERIA',5,'pagaduria',1,'{\"tipo\": \"saldo_total_bancos_automatico\", \"accion\": \"creacion_automatica\", \"formula\": \"SALDO TOTAL BANCOS = SUBTOTAL SALDO INICIAL + MOVIMIENTO TESORERIA\", \"timestamp\": \"2025-12-16T15:16:14.463485\", \"usuario_id\": 5, \"componentes\": {\"movimiento_tesoreria_id84\": 0.0, \"subtotal_saldo_inicial_id83\": 0.0}, \"monto_calculado\": 0.0}','2025-12-16 20:16:14','2025-12-16 20:16:29'),(187,'2025-12-17',54,4,-3000.00,'Auto-calculado: SALDO TOTAL BANCOS del 2025-12-16',5,'pagaduria',1,'{\"tipo\": \"proyeccion_saldo_dia_anterior\", \"accion\": \"proyeccion_automatica\", \"origen\": {\"fecha_origen\": \"2025-12-16\", \"monto_origen\": 0.0, \"concepto_origen_id\": 85, \"concepto_origen_nombre\": \"SALDO TOTAL EN BANCOS\"}, \"timestamp\": \"2025-12-16T15:16:14.466946\", \"usuario_id\": 5}','2025-12-16 20:16:14','2025-12-16 20:17:15'),(188,'2025-12-17',1,4,-3012.00,'Auto-calculado: SALDO FINAL CUENTAS del 2025-12-16 (próximo día hábil)',5,'tesoreria',1,'{\"tipo\": \"proyeccion_dias_habiles_tesoreria\", \"accion\": \"proyeccion_automatica_tesoreria\", \"origen\": {\"fecha_origen\": \"2025-12-16\", \"monto_origen\": -3012.0, \"concepto_origen_id\": 51, \"concepto_origen_nombre\": \"SALDO FINAL CUENTAS\"}, \"destino\": {\"fecha_destino\": \"2025-12-17\", \"concepto_destino_id\": 1, \"concepto_destino_nombre\": \"SALDO INICIAL\"}, \"timestamp\": \"2025-12-16T15:16:14.472221\", \"usuario_id\": 5}','2025-12-16 20:16:14','2025-12-16 20:16:14'),(189,'2025-12-17',80,4,0.00,'Auto-calculado 4x1000',1,'pagaduria',1,'{\"tipo\": \"cuatro_por_mil_automatico\", \"accion\": \"creacion_automatica_4x1000\", \"formula\": \"SUM(abs(componentes))*4/1000\", \"timestamp\": \"2025-12-16T15:17:15.635557\", \"usuario_id\": 1, \"componentes\": {}, \"monto_calculado\": 0.0}','2025-12-16 20:17:15','2025-12-16 20:17:15'),(190,'2025-12-17',52,4,3000.00,'Auto-calculado: SALDOS BANCOS - SALDO ANTERIOR',1,'pagaduria',1,'{\"tipo\": \"dependencia_pagaduria\", \"accion\": \"creacion_automatica\", \"formula\": \"RESTA(53,54)\", \"timestamp\": \"2025-12-16T15:17:15.654241\", \"usuario_id\": 1, \"componentes\": {\"saldos_bancos_id53\": 0.0, \"saldo_anterior_id54\": -3000.0}}','2025-12-16 20:17:15','2025-12-16 20:17:15'),(191,'2025-12-17',82,4,0.00,'Auto-calculado: I(+) E(-) N(±) de 1 conceptos',1,'pagaduria',1,'{\"tipo\": \"subtotal_movimiento_automatico\", \"accion\": \"creacion_automatica\", \"formula\": \"SUMA respetando códigos: I(+), E(-), N(+)\", \"timestamp\": \"2025-12-16T15:17:15.672629\", \"usuario_id\": 1, \"monto_calculado\": 0.0, \"total_conceptos\": 1, \"conceptos_incluidos\": [{\"signo\": \"(-)\", \"codigo\": \"E\", \"concepto_id\": 80, \"monto_original\": 0.0, \"concepto_nombre\": \"CUATRO POR MIL\", \"monto_calculado\": 0.0}]}','2025-12-16 20:17:15','2025-12-16 20:17:15'),(192,'2025-12-17',83,4,-3000.00,'Auto-calculado: SUBTOTAL MOVIMIENTO + SALDO DIA ANTERIOR',1,'pagaduria',1,'{\"tipo\": \"subtotal_saldo_inicial_automatico\", \"accion\": \"creacion_automatica\", \"formula\": \"ID82 + ID54\", \"timestamp\": \"2025-12-16T15:17:15.685787\", \"usuario_id\": 1, \"componentes\": {\"saldo_dia_anterior_id54\": -3000.0, \"subtotal_movimiento_id82\": 0.0}, \"monto_calculado\": -3000.0}','2025-12-16 20:17:15','2025-12-16 20:17:15'),(193,'2025-12-17',4,4,-3012.00,'Auto-calculado: SALDO INICIAL + CONSUMO + VENTANILLA',1,'tesoreria',1,'{\"tipo\": \"saldo_neto_inicial_pagaduria\", \"accion\": \"creacion_automatica\", \"formula\": \"ID1 + ID2 + ID3\", \"timestamp\": \"2025-12-16T15:17:15.708425\", \"usuario_id\": 1, \"componentes\": {\"consumo_id2\": 0.0, \"ventanilla_id3\": 0.0, \"saldo_inicial_id1\": -3012.0}, \"monto_calculado\": -3012.0}','2025-12-16 20:17:15','2025-12-16 20:17:15'),(194,'2025-12-17',2,4,0.00,'Auto-calculado: igual a SUBTOTAL MOVIMIENTO PAGADURIA',1,'tesoreria',1,'{\"tipo\": \"consumo_automatico\", \"accion\": \"creacion_automatica\", \"origen\": {\"concepto_id\": 82, \"fecha_origen\": \"2025-12-17\", \"monto_origen\": 0.0, \"concepto_nombre\": \"SUBTOTAL MOVIMIENTO PAGADURIA\"}, \"formula\": \"CONSUMO = SUBTOTAL MOVIMIENTO PAGADURIA\", \"timestamp\": \"2025-12-16T15:17:15.741854\", \"usuario_id\": 1, \"monto_calculado\": 0.0}','2025-12-16 20:17:15','2025-12-16 20:17:15');
/*!40000 ALTER TABLE `transacciones_flujo_caja` ENABLE KEYS */;
UNLOCK TABLES;

--
-- Table structure for table `trm`
--

DROP TABLE IF EXISTS `trm`;
/*!40101 SET @saved_cs_client     = @@character_set_client */;
/*!50503 SET character_set_client = utf8mb4 */;
CREATE TABLE `trm` (
  `fecha` date NOT NULL COMMENT 'Fecha de la TRM',
  `valor` decimal(18,6) NOT NULL COMMENT 'Valor de la TRM',
  `fecha_creacion` timestamp NULL DEFAULT NULL COMMENT 'Fecha de creación del registro',
  PRIMARY KEY (`fecha`)
) ENGINE=InnoDB DEFAULT CHARSET=utf8mb4 COLLATE=utf8mb4_0900_ai_ci;
/*!40101 SET character_set_client = @saved_cs_client */;

--
-- Dumping data for table `trm`
--

LOCK TABLES `trm` WRITE;
/*!40000 ALTER TABLE `trm` DISABLE KEYS */;
INSERT INTO `trm` VALUES ('2025-08-26',4017.440000,'2025-11-20 15:54:57'),('2025-08-27',4044.510000,'2025-11-20 15:54:57'),('2025-08-28',4051.970000,'2025-11-20 15:54:57'),('2025-08-29',4019.090000,'2025-11-20 15:54:57'),('2025-08-30',4018.410000,'2025-11-20 15:54:57'),('2025-08-31',4018.410000,'2025-11-20 15:54:57'),('2025-09-01',4018.410000,'2025-11-20 15:54:57'),('2025-09-02',4018.410000,'2025-11-20 15:54:57'),('2025-09-03',4016.940000,'2025-11-20 15:54:57'),('2025-09-04',4002.860000,'2025-11-20 15:54:57'),('2025-09-05',3991.090000,'2025-11-20 15:54:57'),('2025-09-06',3960.940000,'2025-11-20 15:54:57'),('2025-09-07',3960.940000,'2025-11-20 15:54:57'),('2025-09-08',3960.940000,'2025-11-20 15:54:57'),('2025-09-09',3945.290000,'2025-11-20 15:54:57'),('2025-09-10',3919.130000,'2025-11-20 15:54:57'),('2025-09-11',3921.580000,'2025-11-20 15:54:57'),('2025-09-12',3903.180000,'2025-11-20 15:54:57'),('2025-09-13',3906.240000,'2025-11-20 15:54:57'),('2025-09-14',3906.240000,'2025-11-20 15:54:57'),('2025-09-15',3906.240000,'2025-11-20 15:54:57'),('2025-09-16',3897.570000,'2025-11-20 15:54:57'),('2025-09-17',3881.920000,'2025-11-20 15:54:57'),('2025-09-18',3880.010000,'2025-11-20 15:54:57'),('2025-09-19',3892.450000,'2025-11-20 15:54:57'),('2025-09-20',3891.190000,'2025-11-20 15:54:57'),('2025-09-21',3891.190000,'2025-11-20 15:54:57'),('2025-09-22',3891.190000,'2025-11-20 15:54:57'),('2025-09-23',3852.160000,'2025-11-20 15:54:57'),('2025-09-24',3844.470000,'2025-11-20 15:54:57'),('2025-09-25',3881.260000,'2025-11-20 15:54:57'),('2025-09-26',3898.870000,'2025-11-20 15:54:57'),('2025-09-27',3908.120000,'2025-11-20 15:54:57'),('2025-09-28',3908.120000,'2025-11-20 15:54:57'),('2025-09-29',3908.120000,'2025-11-20 15:54:57'),('2025-09-30',3901.290000,'2025-11-20 15:54:57'),('2025-10-01',3923.550000,'2025-11-20 15:54:57'),('2025-10-02',3890.000000,'2025-11-20 15:54:57'),('2025-10-03',3897.640000,'2025-11-20 15:54:57'),('2025-10-04',3874.180000,'2025-11-20 15:54:57'),('2025-10-05',3874.180000,'2025-11-20 15:54:57'),('2025-10-06',3874.180000,'2025-11-20 15:54:57'),('2025-10-07',3853.190000,'2025-11-20 15:54:57'),('2025-10-08',3867.540000,'2025-11-20 15:54:57'),('2025-10-09',3879.800000,'2025-11-20 15:54:57'),('2025-10-10',3894.990000,'2025-11-20 15:54:57'),('2025-10-11',3913.240000,'2025-11-20 15:54:57'),('2025-10-12',3913.240000,'2025-11-20 15:54:57'),('2025-10-13',3913.240000,'2025-11-20 15:54:57'),('2025-10-14',3913.240000,'2025-11-20 15:54:57'),('2025-10-15',3933.310000,'2025-11-20 15:54:57'),('2025-10-16',3902.160000,'2025-11-20 15:54:57'),('2025-10-17',3877.070000,'2025-11-20 15:54:57'),('2025-10-18',3808.120000,'2025-11-20 15:54:57'),('2025-10-19',3808.120000,'2025-11-20 15:54:57'),('2025-10-20',3808.120000,'2025-11-20 15:54:57'),('2025-10-21',3877.260000,'2025-11-20 15:54:57'),('2025-10-22',3876.600000,'2025-11-20 15:54:57'),('2025-10-23',3900.820000,'2025-11-20 15:54:57'),('2025-10-24',3888.760000,'2025-11-20 15:54:57'),('2025-10-25',3858.630000,'2025-11-20 15:54:57'),('2025-10-26',3858.630000,'2025-11-20 15:54:57'),('2025-10-27',3858.630000,'2025-11-20 15:54:58'),('2025-10-28',3844.200000,'2025-11-20 15:54:58'),('2025-10-29',3874.840000,'2025-11-20 15:54:58'),('2025-10-30',3885.290000,'2025-11-20 15:54:58'),('2025-10-31',3870.420000,'2025-11-20 15:54:58'),('2025-11-01',3860.120000,'2025-11-20 15:54:58'),('2025-11-02',3860.120000,'2025-11-20 15:54:58'),('2025-11-03',3860.120000,'2025-11-20 15:54:58'),('2025-11-04',3860.120000,'2025-11-20 15:54:58'),('2025-11-05',3872.470000,'2025-11-20 15:54:58'),('2025-11-06',3839.470000,'2025-11-20 15:54:58'),('2025-11-07',3807.060000,'2025-11-20 15:54:58'),('2025-11-08',3779.200000,'2025-11-20 15:54:58'),('2025-11-09',3779.200000,'2025-11-20 15:54:58'),('2025-11-10',3779.200000,'2025-11-20 15:54:58'),('2025-11-11',3760.930000,'2025-11-20 15:54:58'),('2025-11-12',3760.930000,'2025-11-20 15:54:58'),('2025-11-13',3719.710000,'2025-11-20 15:54:58'),('2025-11-14',3719.600000,'2025-11-20 15:54:58'),('2025-11-15',3764.770000,'2025-11-20 15:54:58'),('2025-11-16',3764.770000,'2025-11-20 15:54:58'),('2025-11-17',3764.770000,'2025-11-20 15:54:58'),('2025-11-18',3764.770000,'2025-11-20 15:54:58'),('2025-11-19',3737.550000,'2025-11-20 15:54:58'),('2025-11-20',3716.730000,'2025-11-20 15:54:58'),('2025-11-21',3741.270000,'2025-11-25 13:54:49'),('2025-11-22',3716.730000,'2025-11-25 13:54:49'),('2025-11-23',3716.730000,'2025-11-25 13:54:49'),('2025-11-24',3716.730000,'2025-11-25 13:54:50'),('2025-11-25',3804.090000,'2025-12-02 15:01:50'),('2025-11-26',3806.160000,'2025-12-02 15:01:51'),('2025-11-27',3773.600000,'2025-12-02 15:01:51'),('2025-11-28',3716.730000,'2025-12-02 15:01:53'),('2025-11-29',3716.730000,'2025-12-02 15:01:53'),('2025-11-30',3716.730000,'2025-12-02 15:01:53'),('2025-12-01',3716.730000,'2025-12-02 15:01:53'),('2025-12-02',3784.430000,'2025-12-03 13:01:13'),('2025-12-03',3817.660000,'2025-12-09 14:43:30'),('2025-12-04',3780.800000,'2025-12-09 14:43:30'),('2025-12-05',3757.920000,'2025-12-09 14:43:31'),('2025-12-06',3784.430000,'2025-12-09 14:43:31'),('2025-12-07',3784.430000,'2025-12-09 14:43:31'),('2025-12-08',3784.430000,'2025-12-09 14:43:31'),('2025-12-09',3784.430000,'2025-12-11 17:27:23'),('2025-12-10',3861.340000,'2025-12-11 17:27:23'),('2025-12-11',3854.280000,'2025-12-16 13:41:43'),('2025-12-12',3810.990000,'2025-12-16 13:41:43'),('2025-12-13',3861.340000,'2025-12-16 13:41:43'),('2025-12-14',3861.340000,'2025-12-16 13:41:43'),('2025-12-15',3861.340000,'2025-12-16 13:41:44');
/*!40000 ALTER TABLE `trm` ENABLE KEYS */;
UNLOCK TABLES;

--
-- Table structure for table `usuarios`
--

DROP TABLE IF EXISTS `usuarios`;
/*!40101 SET @saved_cs_client     = @@character_set_client */;
/*!50503 SET character_set_client = utf8mb4 */;
CREATE TABLE `usuarios` (
  `id` int NOT NULL AUTO_INCREMENT,
  `nombre` varchar(100) NOT NULL,
  `email` varchar(100) NOT NULL,
  `contrasena` varchar(255) NOT NULL,
  `rol` varchar(50) NOT NULL,
  `estado` tinyint(1) NOT NULL DEFAULT '1',
  `rol_id` int DEFAULT NULL,
  PRIMARY KEY (`id`),
  UNIQUE KEY `email` (`email`),
  KEY `idx_rol_id` (`rol_id`),
  CONSTRAINT `fk_usuarios_rol` FOREIGN KEY (`rol_id`) REFERENCES `roles` (`id`) ON DELETE SET NULL
) ENGINE=InnoDB AUTO_INCREMENT=10 DEFAULT CHARSET=utf8mb4 COLLATE=utf8mb4_0900_ai_ci;
/*!40101 SET character_set_client = @saved_cs_client */;

--
-- Dumping data for table `usuarios`
--

LOCK TABLES `usuarios` WRITE;
/*!40000 ALTER TABLE `usuarios` DISABLE KEYS */;
INSERT INTO `usuarios` VALUES (1,'adminn','admin@example.com','hashed_password','Administrador',0,1),(5,'Carlos Andrés Gómez','carlos.gomez@flujo.com','$2b$12$Ww6edjZHzackDHTqS13JX.x/5uChJbFYYddNpGwXy92bXE2v2Qgku','Administrador',1,1),(6,'María Fernanda López','maria.lopez@flujo.com','$2b$12$Xfn4jNAGy3Zoh7XG4LQQS.5p9jTCS53qegTbqQo81QmijEJr.L2A2','Tesorería',1,NULL),(7,'Javier Alejandro Ruiz','javier.ruiz@flujo.com','$2b$12$PBMiztphypn.Cgqsu59ZqOdmxwdA5o8u433AEDmmiFy5RQCX64yr6','Pagaduría',1,NULL),(8,'Laura Isabel Martínez','laura.martinez@flujo.com','$2b$12$jy48iqUNNSdPPWWrOHGJIufTLV.zmO3jAEe6VmeUPaXqjYrSwU4wa','Mesa de Dinero',1,NULL),(9,'luis stiven suarez urregoo','stiven@gmail.com','$2b$12$/YallJGnCJnZOyTDcRF4LuJfBlYccSI5Q.QjVQrYm/TFOL5fb1GPa','Administrador',1,1);
/*!40000 ALTER TABLE `usuarios` ENABLE KEYS */;
UNLOCK TABLES;
/*!40103 SET TIME_ZONE=@OLD_TIME_ZONE */;

/*!40101 SET SQL_MODE=@OLD_SQL_MODE */;
/*!40014 SET FOREIGN_KEY_CHECKS=@OLD_FOREIGN_KEY_CHECKS */;
/*!40014 SET UNIQUE_CHECKS=@OLD_UNIQUE_CHECKS */;
/*!40101 SET CHARACTER_SET_CLIENT=@OLD_CHARACTER_SET_CLIENT */;
/*!40101 SET CHARACTER_SET_RESULTS=@OLD_CHARACTER_SET_RESULTS */;
/*!40101 SET COLLATION_CONNECTION=@OLD_COLLATION_CONNECTION */;
/*!40111 SET SQL_NOTES=@OLD_SQL_NOTES */;

-- Dump completed on 2025-12-18  6:21:05
